sr_no,admission_no,pen_no,name,roll_no,class,class_name,section,class_sec,father_name,mother_name,guardian_name,mobile,contact,contact_phone,address,gender,dob,category,house,transport_opted,uses_transport,bus_route,total_fee,paid_fee,balance_fee,fees_due,status
"SR-2024-1001","ADM-5001","PEN-RJ-2024-952230","Laxman Garg","01","Nursery","Nursery","A","Nursery - A","Jagdish Prasad Garg","Sugan Kanwar","Jagdish Prasad Garg","9460939708","9460939708","9460939708","Sindhari Road, Near Bus Stand, Barmer","Male","2022-09-11","OBC","Ashoka",false,false,"",24000,24000,0,0,"Active"
"SR-2024-1002","ADM-5002","PEN-RJ-2024-600463","Prisha Joshi","02","Nursery","Nursery","A","Nursery - A","Jethmal Joshi","Laxmi Devi","Jethmal Joshi","9828389095","9828389095","9828389095","Indira Colony, Lane 4, Barmer","Female","2022-09-27","OBC","Tagore",false,false,"",24000,24000,0,0,"Active"
"SR-2024-1003","ADM-5003","PEN-RJ-2024-119897","Jaswant Vyas","03","Nursery","Nursery","A","Nursery - A","Nemichand Vyas","Sunita","Nemichand Vyas","9414108265","9414108265","9414108265","Uttarlai Road, Near KV School, Barmer","Male","2022-10-10","SC","Tagore",false,false,"",24000,0,24000,24000,"Active"
"SR-2024-1004","ADM-5004","PEN-RJ-2024-589183","Ram Gehlot","04","Nursery","Nursery","A","Nursery - A","Gopal Gehlot","Chandra Kanwar","Gopal Gehlot","9414749053","9414749053","9414749053","Plot 42, Civil Lines, Barmer","Male","2022-12-10","OBC","Shivaji",false,false,"",24000,18000,6000,6000,"Active"
"SR-2024-1005","ADM-5005","PEN-RJ-2024-544536","Vimla Kumhar","05","Nursery","Nursery","A","Nursery - A","Bhanwar Singh Kumhar","Sharda","Bhanwar Singh Kumhar","9784719753","9784719753","9784719753","Laxmi Nagar, Street 3, Barmer","Female","2022-07-17","ST","Ashoka",false,false,"",24000,24000,0,0,"Active"
"SR-2024-1006","ADM-5006","PEN-RJ-2024-139508","Khimraj Rajput","06","Nursery","Nursery","A","Nursery - A","Sumer Singh Rajput","Manju","Sumer Singh Rajput","9829566197","9829566197","9829566197","Plot 42, Civil Lines, Barmer","Male","2022-05-09","OBC","Tagore",false,false,"",24000,24000,0,0,"Active"
"SR-2024-1007","ADM-5007","PEN-RJ-2024-610392","Rohit Purohit","07","Nursery","Nursery","A","Nursery - A","Mohan Lal Purohit","Urmila","Mohan Lal Purohit","9460307494","9460307494","9460307494","Sindhari Road, Near Bus Stand, Barmer","Male","2022-01-27","ST","Ashoka",true,true,"Route 3 (Station Road - Sadar Bazaar)",36000,14500,21500,21500,"Active"
"SR-2024-1008","ADM-5008","PEN-RJ-2024-501375","Surendra Meghwal","08","Nursery","Nursery","A","Nursery - A","Roopa Ram Meghwal","Rukmani Devi","Roopa Ram Meghwal","9828561965","9828561965","9828561965","Opp. Collectorate, Mahaveer Nagar, Barmer","Male","2022-11-26","SC","Ashoka",false,false,"",24000,24000,0,0,"Active"
"SR-2024-1009","ADM-5009","PEN-RJ-2024-355346","Karan Shekhawat","09","Nursery","Nursery","A","Nursery - A","Sumer Singh Shekhawat","Anand Kanwar","Sumer Singh Shekhawat","9784303268","9784303268","9784303268","Panch Batti Circle, Barmer","Male","2022-06-20","OBC","Tagore",false,false,"",24000,24000,0,0,"Active"
"SR-2024-1010","ADM-5010","PEN-RJ-2024-630415","Rakesh Agarwal","10","Nursery","Nursery","A","Nursery - A","Jethmal Agarwal","Manju","Jethmal Agarwal","9414134009","9414134009","9414134009","Plot 42, Civil Lines, Barmer","Male","2022-01-07","General","Tagore",false,false,"",24000,24000,0,0,"Active"
"SR-2024-1011","ADM-5011","PEN-RJ-2024-470946","Ajay Raika","11","Nursery","Nursery","A","Nursery - A","Suresh Raika","Prem Kanwar","Suresh Raika","9784490352","9784490352","9784490352","Chohtan Circle, Highway Link, Barmer","Male","2022-10-06","ST","Shivaji",true,true,"Route 7 (Sindhari Road - Kalyanpura)",36000,27000,9000,9000,"Active"
"SR-2024-1012","ADM-5012","PEN-RJ-2024-893005","Gopal Choudhary","12","Nursery","Nursery","A","Nursery - A","Chhagan Lal Choudhary","Kamla Devi","Chhagan Lal Choudhary","8769987896","8769987896","8769987896","Sadar Bazaar, Near Old Fort, Barmer","Male","2022-05-28","ST","Raman",false,false,"",24000,12000,12000,12000,"Active"
"SR-2024-1013","ADM-5013","PEN-RJ-2024-711700","Aman Maheshwari","13","Nursery","Nursery","A","Nursery - A","Prem Singh Maheshwari","Pooja","Prem Singh Maheshwari","9460840881","9460840881","9460840881","Plot 42, Civil Lines, Barmer","Male","2022-10-05","OBC","Ashoka",false,false,"",24000,18000,6000,6000,"Active"
"SR-2024-1014","ADM-5014","PEN-RJ-2024-921153","Swati Charan","14","Nursery","Nursery","A","Nursery - A","Khimraj Charan","Nirmala","Khimraj Charan","9460448717","9460448717","9460448717","Jasol Road, Balotra Highway, Barmer","Female","2022-07-05","General","Tagore",false,false,"",24000,24000,0,0,"Active"
"SR-2024-1015","ADM-5015","PEN-RJ-2024-837235","Gopal Panwar","15","Nursery","Nursery","A","Nursery - A","Manak Chand Panwar","Sharda","Manak Chand Panwar","9829795626","9829795626","9829795626","Jasol Road, Balotra Highway, Barmer","Male","2022-12-04","OBC","Shivaji",false,false,"",24000,24000,0,0,"Active"
"SR-2024-1016","ADM-5016","PEN-RJ-2024-993393","Tarun Verma","16","Nursery","Nursery","A","Nursery - A","Dinesh Verma","Sunita","Dinesh Verma","9414511644","9414511644","9414511644","Khatan Kocha, Inside City, Barmer","Male","2022-07-08","OBC","Ashoka",true,true,"Route 4 (Mahaveer Nagar - Collectorate)",36000,0,36000,36000,"Active"
"SR-2024-1017","ADM-5017","PEN-RJ-2024-505839","Paras Panwar","17","Nursery","Nursery","A","Nursery - A","Hanuman Ram Panwar","Sugan Kanwar","Hanuman Ram Panwar","9460437994","9460437994","9460437994","Kalyanpura, Barmer","Male","2022-02-13","OBC","Shivaji",false,false,"",24000,9500,14500,14500,"Active"
"SR-2024-1018","ADM-5018","PEN-RJ-2024-160979","Pooja Soni","18","Nursery","Nursery","A","Nursery - A","Mangi Lal Soni","Bhanwar Kanwar","Mangi Lal Soni","9460562108","9460562108","9460562108","Tilak Nagar, Barmer","Female","2022-06-09","OBC","Raman",true,true,"Route 3 (Station Road - Sadar Bazaar)",36000,21500,14500,14500,"Active"
"SR-2024-1019","ADM-5019","PEN-RJ-2024-586870","Mahendra Lohar","19","Nursery","Nursery","A","Nursery - A","Mangi Lal Lohar","Sita Devi","Mangi Lal Lohar","9829405638","9829405638","9829405638","Baytu Link Road, Barmer","Male","2022-05-20","SC","Tagore",false,false,"",24000,0,24000,24000,"Active"
"SR-2024-1020","ADM-5020","PEN-RJ-2024-507343","Prisha Chauhan","20","Nursery","Nursery","A","Nursery - A","Shaitan Singh Chauhan","Shanti Devi","Shaitan Singh Chauhan","8769159153","8769159153","8769159153","Tilak Nagar, Barmer","Female","2022-08-10","General","Raman",true,true,"Route 8 (Rai Colony - Civil Lines)",36000,36000,0,0,"Active"
"SR-2024-1021","ADM-5021","PEN-RJ-2024-358374","Vijay Kumhar","21","Nursery","Nursery","A","Nursery - A","Kalyan Singh Kumhar","Sushila","Kalyan Singh Kumhar","9829831687","9829831687","9829831687","Panch Batti Circle, Barmer","Male","2022-05-20","SC","Shivaji",false,false,"",24000,18000,6000,6000,"Active"
"SR-2024-1022","ADM-5022","PEN-RJ-2024-866397","Rachna Bishnoi","22","Nursery","Nursery","A","Nursery - A","Bhanwar Singh Bishnoi","Sushila","Bhanwar Singh Bishnoi","9460960982","9460960982","9460960982","Laxmi Nagar, Street 3, Barmer","Female","2022-06-25","OBC","Tagore",false,false,"",24000,18000,6000,6000,"Active"
"SR-2024-1023","ADM-5023","PEN-RJ-2024-210230","Ansh Rajput","23","Nursery","Nursery","A","Nursery - A","Bhagwan Das Rajput","Sugan Kanwar","Bhagwan Das Rajput","9414980713","9414980713","9414980713","Laxmi Nagar, Street 3, Barmer","Male","2022-06-01","SC","Shivaji",true,true,"Route 6 (Uttarlai Road - Airforce Area)",36000,27000,9000,9000,"Active"
"SR-2024-1024","ADM-5024","PEN-RJ-2024-169651","Naresh Maheshwari","24","Nursery","Nursery","A","Nursery - A","Jethmal Maheshwari","Urmila","Jethmal Maheshwari","8769593610","8769593610","8769593610","Chohtan Circle, Highway Link, Barmer","Male","2022-01-10","ST","Shivaji",false,false,"",24000,24000,0,0,"Active"
"SR-2024-1025","ADM-5025","PEN-RJ-2024-280954","Paras Verma","25","Nursery","Nursery","A","Nursery - A","Narpat Singh Verma","Nirmala","Narpat Singh Verma","9784292381","9784292381","9784292381","Uttarlai Road, Near KV School, Barmer","Male","2022-04-22","OBC","Shivaji",false,false,"",24000,12000,12000,12000,"Active"
"SR-2024-1026","ADM-5026","PEN-RJ-2024-232812","Kuldeep Trivedi","26","Nursery","Nursery","A","Nursery - A","Shaitan Singh Trivedi","Nirmala","Shaitan Singh Trivedi","9828250564","9828250564","9828250564","Plot 42, Civil Lines, Barmer","Male","2022-04-24","SC","Shivaji",false,false,"",24000,18000,6000,6000,"Active"
"SR-2024-1027","ADM-5027","PEN-RJ-2024-492896","Renu Dadhich","27","Nursery","Nursery","A","Nursery - A","Khimraj Dadhich","Pushpa Devi","Khimraj Dadhich","8769912917","8769912917","8769912917","Jasol Road, Balotra Highway, Barmer","Female","2022-12-05","General","Ashoka",false,false,"",24000,12000,12000,12000,"Active"
"SR-2024-1028","ADM-5028","PEN-RJ-2024-328548","Amar Panwar","28","Nursery","Nursery","A","Nursery - A","Suresh Panwar","Chandra Kanwar","Suresh Panwar","9829969744","9829969744","9829969744","Baldev Nagar, Near Ratan Singh Circle, Barmer","Male","2022-12-20","ST","Shivaji",false,false,"",24000,18000,6000,6000,"Active"
"SR-2024-1029","ADM-5029","PEN-RJ-2024-736893","Chhavi Gehlot","29","Nursery","Nursery","A","Nursery - A","Vimalchand Gehlot","Sugan Kanwar","Vimalchand Gehlot","9829427317","9829427317","9829427317","Uttarlai Road, Near KV School, Barmer","Female","2022-05-15","OBC","Ashoka",true,true,"Route 7 (Sindhari Road - Kalyanpura)",36000,36000,0,0,"Active"
"SR-2024-1030","ADM-5030","PEN-RJ-2024-570706","Laxman Bhati","30","Nursery","Nursery","A","Nursery - A","Khimraj Bhati","Urmila","Khimraj Bhati","9828202404","9828202404","9828202404","Baytu Link Road, Barmer","Male","2022-06-17","SC","Shivaji",false,false,"",24000,0,24000,24000,"Active"
"SR-2024-1031","ADM-5031","PEN-RJ-2024-530487","Prisha Joshi","31","Nursery","Nursery","A","Nursery - A","Mahendra Joshi","Prem Kanwar","Mahendra Joshi","9829451885","9829451885","9829451885","Sindhari Road, Near Bus Stand, Barmer","Female","2022-03-17","OBC","Shivaji",false,false,"",24000,24000,0,0,"Active"
"SR-2024-1032","ADM-5032","PEN-RJ-2024-372729","Kamla Choudhary","32","Nursery","Nursery","A","Nursery - A","Vimalchand Choudhary","Prem Kanwar","Vimalchand Choudhary","8769315185","8769315185","8769315185","Baytu Link Road, Barmer","Female","2022-02-23","OBC","Ashoka",false,false,"",24000,18000,6000,6000,"Active"
"SR-2024-1033","ADM-5033","PEN-RJ-2024-938825","Payal Verma","33","Nursery","Nursery","A","Nursery - A","Bhawani Singh Verma","Anand Kanwar","Bhawani Singh Verma","9828948984","9828948984","9828948984","Sindhari Road, Near Bus Stand, Barmer","Female","2022-06-12","OBC","Shivaji",false,false,"",24000,18000,6000,6000,"Active"
"SR-2024-1034","ADM-5034","PEN-RJ-2024-676670","Ritu Kumhar","34","Nursery","Nursery","A","Nursery - A","Tarachand Kumhar","Sushila","Tarachand Kumhar","9460389563","9460389563","9460389563","Ramsar Road, Barmer","Female","2022-01-24","OBC","Ashoka",false,false,"",24000,0,24000,24000,"Active"
"SR-2024-1035","ADM-5035","PEN-RJ-2024-737374","Nirmala Soni","35","Nursery","Nursery","A","Nursery - A","Kailash Soni","Urmila","Kailash Soni","9784796354","9784796354","9784796354","Tilak Nagar, Barmer","Female","2022-10-14","SC","Raman",true,true,"Route 8 (Rai Colony - Civil Lines)",36000,0,36000,36000,"Active"
"SR-2024-1036","ADM-5036","PEN-RJ-2024-339137","Anvi Choudhary","01","LKG","LKG","A","LKG - A","Pabu Ram Choudhary","Kamla Devi","Pabu Ram Choudhary","9828539473","9828539473","9828539473","Panch Batti Circle, Barmer","Female","2021-08-14","OBC","Tagore",false,false,"",24000,14500,9500,9500,"Active"
"SR-2024-1037","ADM-5037","PEN-RJ-2024-962398","Arjun Maheshwari","02","LKG","LKG","A","LKG - A","Ashok Maheshwari","Mohan Kanwar","Ashok Maheshwari","9784933048","9784933048","9784933048","Laxmi Nagar, Street 3, Barmer","Male","2021-08-09","ST","Shivaji",false,false,"",24000,24000,0,0,"Active"
"SR-2024-1038","ADM-5038","PEN-RJ-2024-374926","Sunita Rajput","03","LKG","LKG","A","LKG - A","Gopal Rajput","Parvati Devi","Gopal Rajput","8769662818","8769662818","8769662818","Laxmi Nagar, Street 3, Barmer","Female","2021-01-21","OBC","Ashoka",false,false,"",24000,9500,14500,14500,"Active"
"SR-2024-1039","ADM-5039","PEN-RJ-2024-907025","Narpat Sharma","04","LKG","LKG","A","LKG - A","Mangi Lal Sharma","Savitri Devi","Mangi Lal Sharma","9784398133","9784398133","9784398133","Opp. Collectorate, Mahaveer Nagar, Barmer","Male","2021-11-17","ST","Shivaji",false,false,"",24000,24000,0,0,"Active"
"SR-2024-1040","ADM-5040","PEN-RJ-2024-530913","Asha Sharma","05","LKG","LKG","A","LKG - A","Rikhabdas Sharma","Laxmi Devi","Rikhabdas Sharma","9829198859","9829198859","9829198859","Laxmi Nagar, Street 3, Barmer","Female","2021-08-21","ST","Tagore",false,false,"",24000,12000,12000,12000,"Active"
"SR-2024-1041","ADM-5041","PEN-RJ-2024-393396","Preeti Choudhary","06","LKG","LKG","A","LKG - A","Sohan Lal Choudhary","Nirmala","Sohan Lal Choudhary","9829453162","9829453162","9829453162","Laxmi Nagar, Street 3, Barmer","Female","2021-08-05","General","Ashoka",false,false,"",24000,0,24000,24000,"Active"
"SR-2024-1042","ADM-5042","PEN-RJ-2024-102339","Varsha Gaur","07","LKG","LKG","A","LKG - A","Jabbar Singh Gaur","Manju","Jabbar Singh Gaur","9414227548","9414227548","9414227548","Sindhari Road, Near Bus Stand, Barmer","Female","2021-02-16","General","Raman",true,true,"Route 7 (Sindhari Road - Kalyanpura)",36000,14500,21500,21500,"Active"
"SR-2024-1043","ADM-5043","PEN-RJ-2024-104065","Virendra Dadhich","08","LKG","LKG","A","LKG - A","Jethmal Dadhich","Chandra Kanwar","Jethmal Dadhich","9829706592","9829706592","9829706592","Laxmi Nagar, Street 3, Barmer","Male","2021-05-24","SC","Ashoka",false,false,"",24000,24000,0,0,"Active"
"SR-2024-1044","ADM-5044","PEN-RJ-2024-951050","Rampal Rathore","09","LKG","LKG","A","LKG - A","Vimalchand Rathore","Durga Devi","Vimalchand Rathore","9828796640","9828796640","9828796640","Station Road, Near Soni Dharmshala, Barmer","Male","2021-04-08","SC","Ashoka",false,false,"",24000,24000,0,0,"Active"
"SR-2024-1045","ADM-5045","PEN-RJ-2024-951258","Gajendra Raika","10","LKG","LKG","A","LKG - A","Jethmal Raika","Sushila","Jethmal Raika","9460364088","9460364088","9460364088","Opp. Collectorate, Mahaveer Nagar, Barmer","Male","2021-10-02","General","Shivaji",false,false,"",24000,0,24000,24000,"Active"
"SR-2024-1046","ADM-5046","PEN-RJ-2024-257907","Dinesh Panwar","11","LKG","LKG","A","LKG - A","Prem Singh Panwar","Chandra Kanwar","Prem Singh Panwar","9829617854","9829617854","9829617854","Khatan Kocha, Inside City, Barmer","Male","2021-12-01","ST","Ashoka",true,true,"Route 2 (Indira Colony - Shastri Nagar)",36000,36000,0,0,"Active"
"SR-2024-1047","ADM-5047","PEN-RJ-2024-776686","Satyapal Suthar","12","LKG","LKG","A","LKG - A","Mahendra Suthar","Sunita","Mahendra Suthar","9828800282","9828800282","9828800282","Shastri Nagar, Sector 2, Barmer","Male","2021-06-24","General","Raman",false,false,"",24000,0,24000,24000,"Active"
"SR-2024-1048","ADM-5048","PEN-RJ-2024-258210","Sapna Sharma","13","LKG","LKG","A","LKG - A","Shaitan Singh Sharma","Manju","Shaitan Singh Sharma","9460498648","9460498648","9460498648","Khatan Kocha, Inside City, Barmer","Female","2021-04-17","General","Shivaji",false,false,"",24000,0,24000,24000,"Active"
"SR-2024-1049","ADM-5049","PEN-RJ-2024-337576","Sneha Charan","14","LKG","LKG","A","LKG - A","Jabbar Singh Charan","Savitri Devi","Jabbar Singh Charan","9784786740","9784786740","9784786740","Opp. Collectorate, Mahaveer Nagar, Barmer","Female","2021-02-16","ST","Raman",true,true,"Route 6 (Uttarlai Road - Airforce Area)",36000,36000,0,0,"Active"
"SR-2024-1050","ADM-5050","PEN-RJ-2024-911258","Swati Maheshwari","15","LKG","LKG","A","LKG - A","Bhanwar Singh Maheshwari","Sugan Kanwar","Bhanwar Singh Maheshwari","9784775079","9784775079","9784775079","Panch Batti Circle, Barmer","Female","2021-04-03","ST","Raman",true,true,"Route 7 (Sindhari Road - Kalyanpura)",36000,36000,0,0,"Active"
"SR-2024-1051","ADM-5051","PEN-RJ-2024-684818","Ratan Trivedi","16","LKG","LKG","A","LKG - A","Jabbar Singh Trivedi","Urmila","Jabbar Singh Trivedi","9829296043","9829296043","9829296043","Baldev Nagar, Near Ratan Singh Circle, Barmer","Male","2021-08-27","ST","Shivaji",false,false,"",24000,12000,12000,12000,"Active"
"SR-2024-1052","ADM-5052","PEN-RJ-2024-604521","Sunita Meena","17","LKG","LKG","A","LKG - A","Prem Singh Meena","Durga Devi","Prem Singh Meena","9414477609","9414477609","9414477609","Ramsar Road, Barmer","Female","2021-07-03","SC","Tagore",false,false,"",24000,9500,14500,14500,"Active"
"SR-2024-1053","ADM-5053","PEN-RJ-2024-305884","Ratan Raika","18","LKG","LKG","A","LKG - A","Shaitan Singh Raika","Savitri Devi","Shaitan Singh Raika","9414481799","9414481799","9414481799","Station Road, Near Soni Dharmshala, Barmer","Male","2021-07-16","ST","Shivaji",false,false,"",24000,0,24000,24000,"Active"
"SR-2024-1054","ADM-5054","PEN-RJ-2024-391669","Naresh Singhal","19","LKG","LKG","A","LKG - A","Dinesh Singhal","Durga Devi","Dinesh Singhal","9784981786","9784981786","9784981786","Ramsar Road, Barmer","Male","2021-08-25","General","Shivaji",false,false,"",24000,0,24000,24000,"Active"
"SR-2024-1055","ADM-5055","PEN-RJ-2024-377512","Ansh Bhati","20","LKG","LKG","A","LKG - A","Suresh Bhati","Kamla Devi","Suresh Bhati","9460985826","9460985826","9460985826","Laxmi Nagar, Street 3, Barmer","Male","2021-10-10","SC","Raman",false,false,"",24000,24000,0,0,"Active"
"SR-2024-1056","ADM-5056","PEN-RJ-2024-589527","Aman Chauhan","21","LKG","LKG","A","LKG - A","Mohan Lal Chauhan","Sita Devi","Mohan Lal Chauhan","9414463420","9414463420","9414463420","Panch Batti Circle, Barmer","Male","2021-07-28","ST","Raman",false,false,"",24000,24000,0,0,"Active"
"SR-2024-1057","ADM-5057","PEN-RJ-2024-245941","Manish Panwar","22","LKG","LKG","A","LKG - A","Bhagwan Das Panwar","Savitri Devi","Bhagwan Das Panwar","9829524013","9829524013","9829524013","Sindhari Road, Near Bus Stand, Barmer","Male","2021-07-06","ST","Tagore",false,false,"",24000,14500,9500,9500,"Active"
"SR-2024-1058","ADM-5058","PEN-RJ-2024-878210","Pawan Shekhawat","23","LKG","LKG","A","LKG - A","Ramesh Chand Shekhawat","Kamla Devi","Ramesh Chand Shekhawat","9460770293","9460770293","9460770293","Opp. Collectorate, Mahaveer Nagar, Barmer","Male","2021-09-23","ST","Raman",false,false,"",24000,24000,0,0,"Active"
"SR-2024-1059","ADM-5059","PEN-RJ-2024-847098","Advaith Mathur","24","LKG","LKG","A","LKG - A","Shaitan Singh Mathur","Geeta Devi","Shaitan Singh Mathur","8769597375","8769597375","8769597375","Uttarlai Road, Near KV School, Barmer","Male","2021-04-22","ST","Raman",true,true,"Route 2 (Indira Colony - Shastri Nagar)",36000,14500,21500,21500,"Active"
"SR-2024-1060","ADM-5060","PEN-RJ-2024-794566","Lokendra Garg","25","LKG","LKG","A","LKG - A","Loonkaran Garg","Prem Kanwar","Loonkaran Garg","9460695455","9460695455","9460695455","Panch Batti Circle, Barmer","Male","2021-01-14","ST","Ashoka",false,false,"",24000,14500,9500,9500,"Active"
"SR-2024-1061","ADM-5061","PEN-RJ-2024-623887","Anil Goyal","26","LKG","LKG","A","LKG - A","Hanuman Ram Goyal","Anand Kanwar","Hanuman Ram Goyal","9460360498","9460360498","9460360498","Panch Batti Circle, Barmer","Male","2021-05-04","OBC","Raman",false,false,"",24000,24000,0,0,"Active"
"SR-2024-1062","ADM-5062","PEN-RJ-2024-410565","Gopal Rajput","27","LKG","LKG","A","LKG - A","Sumer Singh Rajput","Anita","Sumer Singh Rajput","9460838333","9460838333","9460838333","Panch Batti Circle, Barmer","Male","2021-04-25","General","Raman",false,false,"",24000,14500,9500,9500,"Active"
"SR-2024-1063","ADM-5063","PEN-RJ-2024-730575","Amar Bansal","28","LKG","LKG","A","LKG - A","Gopal Bansal","Durga Devi","Gopal Bansal","9414102392","9414102392","9414102392","Jasol Road, Balotra Highway, Barmer","Male","2021-04-24","SC","Ashoka",false,false,"",24000,9500,14500,14500,"Active"
"SR-2024-1064","ADM-5064","PEN-RJ-2024-358242","Anaya Joshi","29","LKG","LKG","A","LKG - A","Mangi Lal Joshi","Prem Kanwar","Mangi Lal Joshi","9828580758","9828580758","9828580758","Station Road, Near Soni Dharmshala, Barmer","Female","2021-03-09","SC","Ashoka",false,false,"",24000,24000,0,0,"Active"
"SR-2024-1065","ADM-5065","PEN-RJ-2024-699667","Khushi Kumhar","30","LKG","LKG","A","LKG - A","Jagdish Prasad Kumhar","Geeta Devi","Jagdish Prasad Kumhar","9829791842","9829791842","9829791842","Ramsar Road, Barmer","Female","2021-07-26","SC","Tagore",false,false,"",24000,24000,0,0,"Active"
"SR-2024-1066","ADM-5066","PEN-RJ-2024-297709","Shaitan Solanki","31","LKG","LKG","A","LKG - A","Teja Ram Solanki","Prem Kanwar","Teja Ram Solanki","9414225829","9414225829","9414225829","Nehru Nagar, Main Road, Barmer","Male","2021-11-24","General","Tagore",false,false,"",24000,24000,0,0,"Active"
"SR-2024-1067","ADM-5067","PEN-RJ-2024-359256","Ram Shekhawat","32","LKG","LKG","A","LKG - A","Mohan Lal Shekhawat","Parvati Devi","Mohan Lal Shekhawat","9460990104","9460990104","9460990104","Opp. Collectorate, Mahaveer Nagar, Barmer","Male","2021-02-14","OBC","Tagore",true,true,"Route 7 (Sindhari Road - Kalyanpura)",36000,27000,9000,9000,"Active"
"SR-2024-1068","ADM-5068","PEN-RJ-2024-298855","Omprakash Singhal","33","LKG","LKG","A","LKG - A","Uttamchand Singhal","Pushpa Devi","Uttamchand Singhal","9829587122","9829587122","9829587122","Panch Batti Circle, Barmer","Male","2021-03-19","OBC","Raman",true,true,"Route 6 (Uttarlai Road - Airforce Area)",36000,27000,9000,9000,"Active"
"SR-2024-1069","ADM-5069","PEN-RJ-2024-901563","Alka Meghwal","34","LKG","LKG","A","LKG - A","Jethmal Meghwal","Nirmala","Jethmal Meghwal","9784925748","9784925748","9784925748","Opp. Collectorate, Mahaveer Nagar, Barmer","Female","2021-05-19","OBC","Raman",false,false,"",24000,14500,9500,9500,"Active"
"SR-2024-1070","ADM-5070","PEN-RJ-2024-842307","Kailash Bansal","35","LKG","LKG","A","LKG - A","Narpat Singh Bansal","Chandra Kanwar","Narpat Singh Bansal","8769136390","8769136390","8769136390","Sindhari Road, Near Bus Stand, Barmer","Male","2021-09-08","OBC","Shivaji",false,false,"",24000,14500,9500,9500,"Active"
"SR-2024-1071","ADM-5071","PEN-RJ-2024-634445","Rahul Gehlot","01","LKG","LKG","B","LKG - B","Shaitan Singh Gehlot","Parvati Devi","Shaitan Singh Gehlot","9414365228","9414365228","9414365228","Jasol Road, Balotra Highway, Barmer","Male","2021-01-01","ST","Ashoka",false,false,"",24000,24000,0,0,"Active"
"SR-2024-1072","ADM-5072","PEN-RJ-2024-759987","Preeti Bhati","02","LKG","LKG","B","LKG - B","Jagdish Prasad Bhati","Pushpa Devi","Jagdish Prasad Bhati","9414965650","9414965650","9414965650","Opp. Collectorate, Mahaveer Nagar, Barmer","Female","2021-01-11","General","Raman",true,true,"Route 4 (Mahaveer Nagar - Collectorate)",36000,0,36000,36000,"Active"
"SR-2024-1073","ADM-5073","PEN-RJ-2024-321500","Ansh Singhal","03","LKG","LKG","B","LKG - B","Ram Chandra Singhal","Chandra Kanwar","Ram Chandra Singhal","9828729281","9828729281","9828729281","Sadar Bazaar, Near Old Fort, Barmer","Male","2021-04-09","General","Tagore",true,true,"Route 5 (Chohtan Circle - Tilak Nagar)",36000,36000,0,0,"Active"
"SR-2024-1074","ADM-5074","PEN-RJ-2024-274179","Gopal Dave","04","LKG","LKG","B","LKG - B","Ashok Dave","Manju","Ashok Dave","9784972008","9784972008","9784972008","Baldev Nagar, Near Ratan Singh Circle, Barmer","Male","2021-08-15","SC","Tagore",true,true,"Route 2 (Indira Colony - Shastri Nagar)",36000,27000,9000,9000,"Active"
"SR-2024-1075","ADM-5075","PEN-RJ-2024-929449","Harsh Solanki","05","LKG","LKG","B","LKG - B","Jagdish Prasad Solanki","Meenakshi","Jagdish Prasad Solanki","9414585321","9414585321","9414585321","Baytu Link Road, Barmer","Male","2021-09-04","OBC","Tagore",false,false,"",24000,0,24000,24000,"Active"
"SR-2024-1076","ADM-5076","PEN-RJ-2024-772623","Dinesh Verma","06","LKG","LKG","B","LKG - B","Bhanwar Singh Verma","Parvati Devi","Bhanwar Singh Verma","9829487905","9829487905","9829487905","Station Road, Near Soni Dharmshala, Barmer","Male","2021-01-01","ST","Ashoka",false,false,"",24000,0,24000,24000,"Active"
"SR-2024-1077","ADM-5077","PEN-RJ-2024-688029","Suresh Garg","07","LKG","LKG","B","LKG - B","Prem Singh Garg","Laxmi Devi","Prem Singh Garg","9828992910","9828992910","9828992910","Panch Batti Circle, Barmer","Male","2021-05-08","OBC","Shivaji",true,true,"Route 6 (Uttarlai Road - Airforce Area)",36000,18000,18000,18000,"Active"
"SR-2024-1078","ADM-5078","PEN-RJ-2024-970612","Nikhil Mathur","08","LKG","LKG","B","LKG - B","Sumer Singh Mathur","Gulab Kanwar","Sumer Singh Mathur","9829842750","9829842750","9829842750","Kalyanpura, Barmer","Male","2021-08-19","ST","Raman",true,true,"Route 6 (Uttarlai Road - Airforce Area)",36000,36000,0,0,"Active"
"SR-2024-1079","ADM-5079","PEN-RJ-2024-154781","Saroj Dewasi","09","LKG","LKG","B","LKG - B","Tarachand Dewasi","Sayar Kanwar","Tarachand Dewasi","9414594906","9414594906","9414594906","Shastri Nagar, Sector 2, Barmer","Female","2021-11-04","SC","Ashoka",true,true,"Route 2 (Indira Colony - Shastri Nagar)",36000,36000,0,0,"Active"
"SR-2024-1080","ADM-5080","PEN-RJ-2024-262780","Ajay Dewasi","10","LKG","LKG","B","LKG - B","Suresh Dewasi","Meenakshi","Suresh Dewasi","9460127831","9460127831","9460127831","Sadar Bazaar, Near Old Fort, Barmer","Male","2021-11-14","SC","Raman",false,false,"",24000,24000,0,0,"Active"
"SR-2024-1081","ADM-5081","PEN-RJ-2024-539884","Ronit Gaur","11","LKG","LKG","B","LKG - B","Chhagan Lal Gaur","Geeta Devi","Chhagan Lal Gaur","9414384516","9414384516","9414384516","Ramsar Road, Barmer","Male","2021-09-24","SC","Raman",false,false,"",24000,24000,0,0,"Active"
"SR-2024-1082","ADM-5082","PEN-RJ-2024-486603","Reyansh Meghwal","12","LKG","LKG","B","LKG - B","Bhawani Singh Meghwal","Laxmi Devi","Bhawani Singh Meghwal","9460692744","9460692744","9460692744","Sindhari Road, Near Bus Stand, Barmer","Male","2021-06-11","OBC","Raman",false,false,"",24000,24000,0,0,"Active"
"SR-2024-1083","ADM-5083","PEN-RJ-2024-363197","Naresh Dave","13","LKG","LKG","B","LKG - B","Manak Chand Dave","Sugan Kanwar","Manak Chand Dave","8769239690","8769239690","8769239690","Baldev Nagar, Near Ratan Singh Circle, Barmer","Male","2021-08-10","SC","Raman",true,true,"Route 2 (Indira Colony - Shastri Nagar)",36000,36000,0,0,"Active"
"SR-2024-1084","ADM-5084","PEN-RJ-2024-689856","Chhavi Mittal","14","LKG","LKG","B","LKG - B","Jabbar Singh Mittal","Bhanwar Kanwar","Jabbar Singh Mittal","9828918313","9828918313","9828918313","Tilak Nagar, Barmer","Female","2021-06-25","General","Ashoka",false,false,"",24000,18000,6000,6000,"Active"
"SR-2024-1085","ADM-5085","PEN-RJ-2024-226013","Saraswati Gupta","15","LKG","LKG","B","LKG - B","Dinesh Gupta","Sharda","Dinesh Gupta","8769394980","8769394980","8769394980","Shastri Nagar, Sector 2, Barmer","Female","2021-09-19","SC","Shivaji",true,true,"Route 4 (Mahaveer Nagar - Collectorate)",36000,0,36000,36000,"Active"
"SR-2024-1086","ADM-5086","PEN-RJ-2024-852827","Omprakash Dave","16","LKG","LKG","B","LKG - B","Suresh Dave","Parvati Devi","Suresh Dave","9460477471","9460477471","9460477471","Shastri Nagar, Sector 2, Barmer","Male","2021-03-15","OBC","Shivaji",true,true,"Route 2 (Indira Colony - Shastri Nagar)",36000,18000,18000,18000,"Active"
"SR-2024-1087","ADM-5087","PEN-RJ-2024-487041","Manju Suthar","17","LKG","LKG","B","LKG - B","Sawai Singh Suthar","Rukmani Devi","Sawai Singh Suthar","9829184789","9829184789","9829184789","Sadar Bazaar, Near Old Fort, Barmer","Female","2021-08-17","OBC","Tagore",false,false,"",24000,0,24000,24000,"Active"
"SR-2024-1088","ADM-5088","PEN-RJ-2024-944252","Rekha Mittal","18","LKG","LKG","B","LKG - B","Shaitan Singh Mittal","Savitri Devi","Shaitan Singh Mittal","9414439369","9414439369","9414439369","Chohtan Circle, Highway Link, Barmer","Female","2021-06-04","OBC","Raman",false,false,"",24000,0,24000,24000,"Active"
"SR-2024-1089","ADM-5089","PEN-RJ-2024-652401","Sara Jangid","19","LKG","LKG","B","LKG - B","Loonkaran Jangid","Chandra Kanwar","Loonkaran Jangid","9414705905","9414705905","9414705905","Chohtan Circle, Highway Link, Barmer","Female","2021-12-28","ST","Tagore",false,false,"",24000,14500,9500,9500,"Active"
"SR-2024-1090","ADM-5090","PEN-RJ-2024-837834","Pabu Vyas","20","LKG","LKG","B","LKG - B","Sumer Singh Vyas","Sunita","Sumer Singh Vyas","8769244132","8769244132","8769244132","Baytu Link Road, Barmer","Male","2021-12-19","SC","Ashoka",false,false,"",24000,12000,12000,12000,"Active"
"SR-2024-1091","ADM-5091","PEN-RJ-2024-901949","Mohan Bansal","21","LKG","LKG","B","LKG - B","Prem Singh Bansal","Meenakshi","Prem Singh Bansal","9414822997","9414822997","9414822997","Kalyanpura, Barmer","Male","2021-10-28","OBC","Shivaji",false,false,"",24000,24000,0,0,"Active"
"SR-2024-1092","ADM-5092","PEN-RJ-2024-243470","Muhammad Raika","22","LKG","LKG","B","LKG - B","Uttamchand Raika","Pooja","Uttamchand Raika","9460394754","9460394754","9460394754","Indira Colony, Lane 4, Barmer","Male","2021-09-09","SC","Tagore",false,false,"",24000,18000,6000,6000,"Active"
"SR-2024-1093","ADM-5093","PEN-RJ-2024-762573","Kunal Mathur","23","LKG","LKG","B","LKG - B","Parasmal Mathur","Sayar Kanwar","Parasmal Mathur","8769960812","8769960812","8769960812","Kalyanpura, Barmer","Male","2021-06-19","OBC","Ashoka",true,true,"Route 8 (Rai Colony - Civil Lines)",36000,14500,21500,21500,"Active"
"SR-2024-1094","ADM-5094","PEN-RJ-2024-854900","Aarohi Sharma","24","LKG","LKG","B","LKG - B","Narpat Singh Sharma","Durga Devi","Narpat Singh Sharma","9828108591","9828108591","9828108591","Shastri Nagar, Sector 2, Barmer","Female","2021-07-11","ST","Shivaji",false,false,"",24000,24000,0,0,"Active"
"SR-2024-1095","ADM-5095","PEN-RJ-2024-238992","Vivaan Rajput","25","LKG","LKG","B","LKG - B","Tarachand Rajput","Kamla Devi","Tarachand Rajput","9828178816","9828178816","9828178816","Plot 42, Civil Lines, Barmer","Male","2021-04-20","ST","Shivaji",false,false,"",24000,18000,6000,6000,"Active"
"SR-2024-1096","ADM-5096","PEN-RJ-2024-799797","Aarav Chauhan","26","LKG","LKG","B","LKG - B","Sawai Singh Chauhan","Sushila","Sawai Singh Chauhan","9829298742","9829298742","9829298742","Baytu Link Road, Barmer","Male","2021-10-11","ST","Shivaji",false,false,"",24000,24000,0,0,"Active"
"SR-2024-1097","ADM-5097","PEN-RJ-2024-107067","Vijay Kumhar","27","LKG","LKG","B","LKG - B","Jagdish Prasad Kumhar","Rekha","Jagdish Prasad Kumhar","9414224765","9414224765","9414224765","Rai Colony, Near Water Tank, Barmer","Male","2021-05-10","OBC","Shivaji",true,true,"Route 7 (Sindhari Road - Kalyanpura)",36000,36000,0,0,"Active"
"SR-2024-1098","ADM-5098","PEN-RJ-2024-751408","Kuldeep Lohar","28","LKG","LKG","B","LKG - B","Jagdish Prasad Lohar","Bhanwar Kanwar","Jagdish Prasad Lohar","9460813431","9460813431","9460813431","Opp. Collectorate, Mahaveer Nagar, Barmer","Male","2021-10-12","SC","Raman",true,true,"Route 5 (Chohtan Circle - Tilak Nagar)",36000,36000,0,0,"Active"
"SR-2024-1099","ADM-5099","PEN-RJ-2024-238586","Sahil Bansal","29","LKG","LKG","B","LKG - B","Mahendra Bansal","Anand Kanwar","Mahendra Bansal","9414777004","9414777004","9414777004","Kalyanpura, Barmer","Male","2021-06-07","OBC","Raman",true,true,"Route 2 (Indira Colony - Shastri Nagar)",36000,36000,0,0,"Active"
"SR-2024-1100","ADM-5100","PEN-RJ-2024-495578","Aarav Bishnoi","30","LKG","LKG","B","LKG - B","Jethmal Bishnoi","Shanti Devi","Jethmal Bishnoi","9784139966","9784139966","9784139966","Chohtan Circle, Highway Link, Barmer","Male","2021-05-06","SC","Tagore",false,false,"",24000,14500,9500,9500,"Active"
"SR-2024-1101","ADM-5101","PEN-RJ-2024-348034","Jitendra Solanki","31","LKG","LKG","B","LKG - B","Chhagan Lal Solanki","Rekha","Chhagan Lal Solanki","9460257076","9460257076","9460257076","Sindhari Road, Near Bus Stand, Barmer","Male","2021-07-17","General","Raman",false,false,"",24000,18000,6000,6000,"Active"
"SR-2024-1102","ADM-5102","PEN-RJ-2024-696335","Tanu Solanki","32","LKG","LKG","B","LKG - B","Ramesh Chand Solanki","Anita","Ramesh Chand Solanki","9414117318","9414117318","9414117318","Station Road, Near Soni Dharmshala, Barmer","Female","2021-04-27","General","Ashoka",true,true,"Route 2 (Indira Colony - Shastri Nagar)",36000,27000,9000,9000,"Active"
"SR-2024-1103","ADM-5103","PEN-RJ-2024-610998","Saroj Rathore","33","LKG","LKG","B","LKG - B","Ashok Rathore","Mohan Kanwar","Ashok Rathore","9829879539","9829879539","9829879539","Laxmi Nagar, Street 3, Barmer","Female","2021-01-01","ST","Shivaji",false,false,"",24000,12000,12000,12000,"Active"
"SR-2024-1104","ADM-5104","PEN-RJ-2024-950772","Shyam Parihar","34","LKG","LKG","B","LKG - B","Kailash Parihar","Savitri Devi","Kailash Parihar","9414642502","9414642502","9414642502","Jasol Road, Balotra Highway, Barmer","Male","2021-09-13","General","Tagore",true,true,"Route 4 (Mahaveer Nagar - Collectorate)",36000,36000,0,0,"Active"
"SR-2024-1105","ADM-5105","PEN-RJ-2024-714796","Rohit Trivedi","35","LKG","LKG","B","LKG - B","Uttamchand Trivedi","Manju","Uttamchand Trivedi","8769249234","8769249234","8769249234","Jasol Road, Balotra Highway, Barmer","Male","2021-04-18","SC","Raman",false,false,"",24000,24000,0,0,"Active"
"SR-2024-1106","ADM-5106","PEN-RJ-2024-384260","Urmila Garg","01","UKG","UKG","A","UKG - A","Jagdish Prasad Garg","Prem Kanwar","Jagdish Prasad Garg","9829604333","9829604333","9829604333","Rai Colony, Near Water Tank, Barmer","Female","2020-12-27","SC","Raman",true,true,"Route 3 (Station Road - Sadar Bazaar)",36000,36000,0,0,"Active"
"SR-2024-1107","ADM-5107","PEN-RJ-2024-364639","Sushila Maheshwari","02","UKG","UKG","A","UKG - A","Sumer Singh Maheshwari","Rukmani Devi","Sumer Singh Maheshwari","9414469713","9414469713","9414469713","Laxmi Nagar, Street 3, Barmer","Female","2020-01-06","ST","Shivaji",false,false,"",24000,9500,14500,14500,"Active"
"SR-2024-1108","ADM-5108","PEN-RJ-2024-786632","Shravan Bansal","03","UKG","UKG","A","UKG - A","Rajesh Bansal","Gulab Kanwar","Rajesh Bansal","9784353755","9784353755","9784353755","Indira Colony, Lane 4, Barmer","Male","2020-11-28","ST","Raman",true,true,"Route 1 (Baldev Nagar - Ratan Singh Circle)",36000,36000,0,0,"Active"
"SR-2024-1109","ADM-5109","PEN-RJ-2024-452205","Pradeep Rajput","04","UKG","UKG","A","UKG - A","Parasmal Rajput","Prem Kanwar","Parasmal Rajput","9414423212","9414423212","9414423212","Tilak Nagar, Barmer","Male","2020-07-26","OBC","Ashoka",false,false,"",24000,24000,0,0,"Active"
"SR-2024-1110","ADM-5110","PEN-RJ-2024-975741","Govind Rathore","05","UKG","UKG","A","UKG - A","Sumer Singh Rathore","Rekha","Sumer Singh Rathore","9828129575","9828129575","9828129575","Ramsar Road, Barmer","Male","2020-08-08","SC","Tagore",true,true,"Route 6 (Uttarlai Road - Airforce Area)",36000,0,36000,36000,"Active"
"SR-2024-1111","ADM-5111","PEN-RJ-2024-707635","Ananya Bansal","06","UKG","UKG","A","UKG - A","Sumer Singh Bansal","Sayar Kanwar","Sumer Singh Bansal","9460833428","9460833428","9460833428","Rai Colony, Near Water Tank, Barmer","Female","2020-02-26","SC","Shivaji",false,false,"",24000,9500,14500,14500,"Active"
"SR-2024-1112","ADM-5112","PEN-RJ-2024-400717","Kamla Mathur","07","UKG","UKG","A","UKG - A","Sumer Singh Mathur","Sharda","Sumer Singh Mathur","9460811730","9460811730","9460811730","Rai Colony, Near Water Tank, Barmer","Female","2020-07-08","ST","Shivaji",false,false,"",24000,14500,9500,9500,"Active"
"SR-2024-1113","ADM-5113","PEN-RJ-2024-549775","Jethmal Verma","08","UKG","UKG","A","UKG - A","Ramesh Chand Verma","Anand Kanwar","Ramesh Chand Verma","8769470296","8769470296","8769470296","Sadar Bazaar, Near Old Fort, Barmer","Male","2020-10-10","General","Ashoka",false,false,"",24000,12000,12000,12000,"Active"
"SR-2024-1114","ADM-5114","PEN-RJ-2024-984275","Hanuman Mittal","09","UKG","UKG","A","UKG - A","Parasmal Mittal","Anita","Parasmal Mittal","9829251042","9829251042","9829251042","Nehru Nagar, Main Road, Barmer","Male","2020-09-13","General","Ashoka",true,true,"Route 1 (Baldev Nagar - Ratan Singh Circle)",36000,14500,21500,21500,"Active"
"SR-2024-1115","ADM-5115","PEN-RJ-2024-118584","Shaurya Soni","10","UKG","UKG","A","UKG - A","Teja Ram Soni","Pushpa Devi","Teja Ram Soni","9828419064","9828419064","9828419064","Sindhari Road, Near Bus Stand, Barmer","Male","2020-04-14","General","Raman",false,false,"",24000,12000,12000,12000,"Active"
"SR-2024-1116","ADM-5116","PEN-RJ-2024-291633","Durga Vyas","11","UKG","UKG","A","UKG - A","Kailash Vyas","Savitri Devi","Kailash Vyas","9460322170","9460322170","9460322170","Rai Colony, Near Water Tank, Barmer","Female","2020-04-02","General","Raman",false,false,"",24000,12000,12000,12000,"Active"
"SR-2024-1117","ADM-5117","PEN-RJ-2024-312505","Jabbar Kumhar","12","UKG","UKG","A","UKG - A","Kailash Kumhar","Rukmani Devi","Kailash Kumhar","8769403759","8769403759","8769403759","Jasol Road, Balotra Highway, Barmer","Male","2020-10-15","ST","Raman",true,true,"Route 5 (Chohtan Circle - Tilak Nagar)",36000,36000,0,0,"Active"
"SR-2024-1118","ADM-5118","PEN-RJ-2024-507180","Manak Verma","13","UKG","UKG","A","UKG - A","Jabbar Singh Verma","Kamla Devi","Jabbar Singh Verma","8769336808","8769336808","8769336808","Chohtan Circle, Highway Link, Barmer","Male","2020-12-15","General","Tagore",false,false,"",24000,24000,0,0,"Active"
"SR-2024-1119","ADM-5119","PEN-RJ-2024-243049","Payal Raika","14","UKG","UKG","A","UKG - A","Mahendra Raika","Sunita","Mahendra Raika","8769834296","8769834296","8769834296","Nehru Nagar, Main Road, Barmer","Female","2020-07-04","ST","Tagore",false,false,"",24000,24000,0,0,"Active"
"SR-2024-1120","ADM-5120","PEN-RJ-2024-793074","Sumer Raika","15","UKG","UKG","A","UKG - A","Parasmal Raika","Laxmi Devi","Parasmal Raika","9460619166","9460619166","9460619166","Opp. Collectorate, Mahaveer Nagar, Barmer","Male","2020-06-22","General","Raman",false,false,"",24000,18000,6000,6000,"Active"
"SR-2024-1121","ADM-5121","PEN-RJ-2024-548205","Bharti Parihar","16","UKG","UKG","A","UKG - A","Mahendra Parihar","Parvati Devi","Mahendra Parihar","9828987973","9828987973","9828987973","Shastri Nagar, Sector 2, Barmer","Female","2020-12-21","OBC","Shivaji",false,false,"",24000,9500,14500,14500,"Active"
"SR-2024-1122","ADM-5122","PEN-RJ-2024-669769","Arjun Trivedi","17","UKG","UKG","A","UKG - A","Khimraj Trivedi","Rekha","Khimraj Trivedi","9784281981","9784281981","9784281981","Indira Colony, Lane 4, Barmer","Male","2020-02-04","General","Raman",false,false,"",24000,24000,0,0,"Active"
"SR-2024-1123","ADM-5123","PEN-RJ-2024-340601","Jethmal Dave","18","UKG","UKG","A","UKG - A","Jabbar Singh Dave","Savitri Devi","Jabbar Singh Dave","9414474350","9414474350","9414474350","Opp. Collectorate, Mahaveer Nagar, Barmer","Male","2020-05-04","OBC","Raman",false,false,"",24000,24000,0,0,"Active"
"SR-2024-1124","ADM-5124","PEN-RJ-2024-453198","Jabbar Vyas","19","UKG","UKG","A","UKG - A","Jethmal Vyas","Kamla Devi","Jethmal Vyas","9828303547","9828303547","9828303547","Uttarlai Road, Near KV School, Barmer","Male","2020-07-25","SC","Shivaji",true,true,"Route 7 (Sindhari Road - Kalyanpura)",36000,36000,0,0,"Active"
"SR-2024-1125","ADM-5125","PEN-RJ-2024-144435","Riya Shekhawat","20","UKG","UKG","A","UKG - A","Dinesh Shekhawat","Gulab Kanwar","Dinesh Shekhawat","9414655141","9414655141","9414655141","Tilak Nagar, Barmer","Female","2020-10-07","OBC","Ashoka",false,false,"",24000,9500,14500,14500,"Active"
"SR-2024-1126","ADM-5126","PEN-RJ-2024-409902","Rashmi Gupta","21","UKG","UKG","A","UKG - A","Uttamchand Gupta","Pushpa Devi","Uttamchand Gupta","8769473922","8769473922","8769473922","Kalyanpura, Barmer","Female","2020-07-21","OBC","Shivaji",true,true,"Route 7 (Sindhari Road - Kalyanpura)",36000,36000,0,0,"Active"
"SR-2024-1127","ADM-5127","PEN-RJ-2024-589799","Amar Dave","22","UKG","UKG","A","UKG - A","Chhagan Lal Dave","Durga Devi","Chhagan Lal Dave","9828255173","9828255173","9828255173","Panch Batti Circle, Barmer","Male","2020-02-11","ST","Raman",false,false,"",24000,9500,14500,14500,"Active"
"SR-2024-1128","ADM-5128","PEN-RJ-2024-461569","Shravan Dadhich","23","UKG","UKG","A","UKG - A","Ramesh Chand Dadhich","Sugan Kanwar","Ramesh Chand Dadhich","9828485106","9828485106","9828485106","Baldev Nagar, Near Ratan Singh Circle, Barmer","Male","2020-02-25","ST","Tagore",false,false,"",24000,9500,14500,14500,"Active"
"SR-2024-1129","ADM-5129","PEN-RJ-2024-145822","Radha Choudhary","24","UKG","UKG","A","UKG - A","Rikhabdas Choudhary","Anand Kanwar","Rikhabdas Choudhary","9829524062","9829524062","9829524062","Tilak Nagar, Barmer","Female","2020-08-02","SC","Shivaji",false,false,"",24000,24000,0,0,"Active"
"SR-2024-1130","ADM-5130","PEN-RJ-2024-663588","Ira Vyas","25","UKG","UKG","A","UKG - A","Sawai Singh Vyas","Pushpa Devi","Sawai Singh Vyas","9829679256","9829679256","9829679256","Chohtan Circle, Highway Link, Barmer","Female","2020-11-08","General","Tagore",true,true,"Route 1 (Baldev Nagar - Ratan Singh Circle)",36000,36000,0,0,"Active"
"SR-2024-1131","ADM-5131","PEN-RJ-2024-875136","Mukesh Panwar","26","UKG","UKG","A","UKG - A","Parasmal Panwar","Parvati Devi","Parasmal Panwar","9828296215","9828296215","9828296215","Kalyanpura, Barmer","Male","2020-09-03","ST","Shivaji",false,false,"",24000,24000,0,0,"Active"
"SR-2024-1132","ADM-5132","PEN-RJ-2024-345941","Pushpendra Shekhawat","27","UKG","UKG","A","UKG - A","Teja Ram Shekhawat","Parvati Devi","Teja Ram Shekhawat","8769657853","8769657853","8769657853","Chohtan Circle, Highway Link, Barmer","Male","2020-04-24","ST","Shivaji",true,true,"Route 2 (Indira Colony - Shastri Nagar)",36000,21500,14500,14500,"Active"
"SR-2024-1133","ADM-5133","PEN-RJ-2024-630711","Chhavi Dewasi","28","UKG","UKG","A","UKG - A","Shaitan Singh Dewasi","Gulab Kanwar","Shaitan Singh Dewasi","9784811916","9784811916","9784811916","Baldev Nagar, Near Ratan Singh Circle, Barmer","Female","2020-07-21","SC","Shivaji",false,false,"",24000,18000,6000,6000,"Active"
"SR-2024-1134","ADM-5134","PEN-RJ-2024-685709","Kamlesh Charan","29","UKG","UKG","A","UKG - A","Pabu Ram Charan","Sushila","Pabu Ram Charan","9828272453","9828272453","9828272453","Kalyanpura, Barmer","Male","2020-04-03","ST","Raman",true,true,"Route 7 (Sindhari Road - Kalyanpura)",36000,18000,18000,18000,"Active"
"SR-2024-1135","ADM-5135","PEN-RJ-2024-551565","Kuldeep Joshi","30","UKG","UKG","A","UKG - A","Hanuman Ram Joshi","Prem Kanwar","Hanuman Ram Joshi","9829680696","9829680696","9829680696","Laxmi Nagar, Street 3, Barmer","Male","2020-11-20","ST","Shivaji",true,true,"Route 7 (Sindhari Road - Kalyanpura)",36000,36000,0,0,"Active"
"SR-2024-1136","ADM-5136","PEN-RJ-2024-212612","Santosh Dadhich","31","UKG","UKG","A","UKG - A","Rajesh Dadhich","Sita Devi","Rajesh Dadhich","9784103706","9784103706","9784103706","Jasol Road, Balotra Highway, Barmer","Female","2020-05-21","SC","Tagore",false,false,"",24000,24000,0,0,"Active"
"SR-2024-1137","ADM-5137","PEN-RJ-2024-965862","Ahana Jain","32","UKG","UKG","A","UKG - A","Prem Singh Jain","Durga Devi","Prem Singh Jain","9460213666","9460213666","9460213666","Khatan Kocha, Inside City, Barmer","Female","2020-05-17","ST","Tagore",false,false,"",24000,24000,0,0,"Active"
"SR-2024-1138","ADM-5138","PEN-RJ-2024-984411","Usha Trivedi","33","UKG","UKG","A","UKG - A","Khimraj Trivedi","Manju","Khimraj Trivedi","9460895169","9460895169","9460895169","Laxmi Nagar, Street 3, Barmer","Female","2020-07-07","OBC","Ashoka",false,false,"",24000,14500,9500,9500,"Active"
"SR-2024-1139","ADM-5139","PEN-RJ-2024-146766","Amar Meghwal","34","UKG","UKG","A","UKG - A","Sohan Lal Meghwal","Kanta Devi","Sohan Lal Meghwal","8769790653","8769790653","8769790653","Khatan Kocha, Inside City, Barmer","Male","2020-05-16","OBC","Raman",false,false,"",24000,0,24000,24000,"Active"
"SR-2024-1140","ADM-5140","PEN-RJ-2024-397890","Shanaya Panwar","35","UKG","UKG","A","UKG - A","Kailash Panwar","Sushila","Kailash Panwar","9784859123","9784859123","9784859123","Shastri Nagar, Sector 2, Barmer","Female","2020-12-14","ST","Tagore",false,false,"",24000,14500,9500,9500,"Active"
"SR-2024-1141","ADM-5141","PEN-RJ-2024-981472","Myra Choudhary","01","UKG","UKG","B","UKG - B","Mahendra Choudhary","Meenakshi","Mahendra Choudhary","8769993381","8769993381","8769993381","Chohtan Circle, Highway Link, Barmer","Female","2020-02-09","ST","Ashoka",false,false,"",24000,0,24000,24000,"Active"
"SR-2024-1142","ADM-5142","PEN-RJ-2024-144307","Aarti Mittal","02","UKG","UKG","B","UKG - B","Khimraj Mittal","Kanta Devi","Khimraj Mittal","8769154489","8769154489","8769154489","Baldev Nagar, Near Ratan Singh Circle, Barmer","Female","2020-09-02","General","Ashoka",true,true,"Route 7 (Sindhari Road - Kalyanpura)",36000,14500,21500,21500,"Active"
"SR-2024-1143","ADM-5143","PEN-RJ-2024-589274","Sawai Gaur","03","UKG","UKG","B","UKG - B","Bhagwan Das Gaur","Rekha","Bhagwan Das Gaur","9414518867","9414518867","9414518867","Baytu Link Road, Barmer","Male","2020-07-18","General","Tagore",false,false,"",24000,12000,12000,12000,"Active"
"SR-2024-1144","ADM-5144","PEN-RJ-2024-496488","Bhanwar Parihar","04","UKG","UKG","B","UKG - B","Tarachand Parihar","Sharda","Tarachand Parihar","9829652530","9829652530","9829652530","Ramsar Road, Barmer","Male","2020-03-01","SC","Shivaji",true,true,"Route 5 (Chohtan Circle - Tilak Nagar)",36000,14500,21500,21500,"Active"
"SR-2024-1145","ADM-5145","PEN-RJ-2024-477171","Tarun Trivedi","05","UKG","UKG","B","UKG - B","Mahendra Trivedi","Laxmi Devi","Mahendra Trivedi","9784734095","9784734095","9784734095","Baldev Nagar, Near Ratan Singh Circle, Barmer","Male","2020-02-23","ST","Tagore",false,false,"",24000,18000,6000,6000,"Active"
"SR-2024-1146","ADM-5146","PEN-RJ-2024-103720","Gopal Jain","06","UKG","UKG","B","UKG - B","Jabbar Singh Jain","Durga Devi","Jabbar Singh Jain","9784209562","9784209562","9784209562","Chohtan Circle, Highway Link, Barmer","Male","2020-01-03","SC","Shivaji",false,false,"",24000,24000,0,0,"Active"
"SR-2024-1147","ADM-5147","PEN-RJ-2024-195029","Kabir Parihar","07","UKG","UKG","B","UKG - B","Rikhabdas Parihar","Sushila","Rikhabdas Parihar","9828446881","9828446881","9828446881","Rai Colony, Near Water Tank, Barmer","Male","2020-08-13","General","Tagore",false,false,"",24000,14500,9500,9500,"Active"
"SR-2024-1148","ADM-5148","PEN-RJ-2024-420651","Surendra Dadhich","08","UKG","UKG","B","UKG - B","Sawai Singh Dadhich","Manju","Sawai Singh Dadhich","9784941957","9784941957","9784941957","Shastri Nagar, Sector 2, Barmer","Male","2020-12-22","ST","Shivaji",false,false,"",24000,14500,9500,9500,"Active"
"SR-2024-1149","ADM-5149","PEN-RJ-2024-551706","Sanjay Singhal","09","UKG","UKG","B","UKG - B","Loonkaran Singhal","Savitri Devi","Loonkaran Singhal","9414804000","9414804000","9414804000","Kalyanpura, Barmer","Male","2020-12-06","OBC","Ashoka",false,false,"",24000,0,24000,24000,"Active"
"SR-2024-1150","ADM-5150","PEN-RJ-2024-807623","Pushpendra Mathur","10","UKG","UKG","B","UKG - B","Uttamchand Mathur","Sunita","Uttamchand Mathur","9828373898","9828373898","9828373898","Opp. Collectorate, Mahaveer Nagar, Barmer","Male","2020-12-24","OBC","Tagore",true,true,"Route 3 (Station Road - Sadar Bazaar)",36000,36000,0,0,"Active"
"SR-2024-1151","ADM-5151","PEN-RJ-2024-597922","Shaurya Rajput","11","UKG","UKG","B","UKG - B","Bhagwan Das Rajput","Kanta Devi","Bhagwan Das Rajput","9460380682","9460380682","9460380682","Indira Colony, Lane 4, Barmer","Male","2020-12-03","OBC","Tagore",true,true,"Route 4 (Mahaveer Nagar - Collectorate)",36000,27000,9000,9000,"Active"
"SR-2024-1152","ADM-5152","PEN-RJ-2024-210541","Nirmala Bhati","12","UKG","UKG","B","UKG - B","Ramesh Chand Bhati","Sharda","Ramesh Chand Bhati","9414408485","9414408485","9414408485","Panch Batti Circle, Barmer","Female","2020-02-22","OBC","Shivaji",true,true,"Route 6 (Uttarlai Road - Airforce Area)",36000,0,36000,36000,"Active"
"SR-2024-1153","ADM-5153","PEN-RJ-2024-197451","Jaideep Solanki","13","UKG","UKG","B","UKG - B","Nemichand Solanki","Prem Kanwar","Nemichand Solanki","9460601102","9460601102","9460601102","Baldev Nagar, Near Ratan Singh Circle, Barmer","Male","2020-11-19","General","Tagore",false,false,"",24000,12000,12000,12000,"Active"
"SR-2024-1154","ADM-5154","PEN-RJ-2024-996615","Laxman Purohit","14","UKG","UKG","B","UKG - B","Manak Chand Purohit","Manju","Manak Chand Purohit","8769449264","8769449264","8769449264","Kalyanpura, Barmer","Male","2020-01-22","OBC","Shivaji",false,false,"",24000,9500,14500,14500,"Active"
"SR-2024-1155","ADM-5155","PEN-RJ-2024-306765","Mahesh Charan","15","UKG","UKG","B","UKG - B","Pabu Ram Charan","Rukmani Devi","Pabu Ram Charan","9460372633","9460372633","9460372633","Rai Colony, Near Water Tank, Barmer","Male","2020-08-01","OBC","Raman",true,true,"Route 4 (Mahaveer Nagar - Collectorate)",36000,36000,0,0,"Active"
"SR-2024-1156","ADM-5156","PEN-RJ-2024-605515","Rekha Suthar","16","UKG","UKG","B","UKG - B","Sumer Singh Suthar","Urmila","Sumer Singh Suthar","9784160063","9784160063","9784160063","Panch Batti Circle, Barmer","Female","2020-10-03","SC","Ashoka",false,false,"",24000,14500,9500,9500,"Active"
"SR-2024-1157","ADM-5157","PEN-RJ-2024-158416","Manak Sharma","17","UKG","UKG","B","UKG - B","Kalyan Singh Sharma","Santosh","Kalyan Singh Sharma","9829630219","9829630219","9829630219","Indira Colony, Lane 4, Barmer","Male","2020-06-21","SC","Shivaji",true,true,"Route 7 (Sindhari Road - Kalyanpura)",36000,27000,9000,9000,"Active"
"SR-2024-1158","ADM-5158","PEN-RJ-2024-949976","Sunil Singhal","18","UKG","UKG","B","UKG - B","Manak Chand Singhal","Geeta Devi","Manak Chand Singhal","9784147071","9784147071","9784147071","Panch Batti Circle, Barmer","Male","2020-11-02","General","Shivaji",false,false,"",24000,24000,0,0,"Active"
"SR-2024-1159","ADM-5159","PEN-RJ-2024-335842","Khimraj Rathore","19","UKG","UKG","B","UKG - B","Loonkaran Rathore","Savitri Devi","Loonkaran Rathore","9784240972","9784240972","9784240972","Baldev Nagar, Near Ratan Singh Circle, Barmer","Male","2020-02-04","ST","Shivaji",false,false,"",24000,0,24000,24000,"Active"
"SR-2024-1160","ADM-5160","PEN-RJ-2024-779764","Rampal Maheshwari","20","UKG","UKG","B","UKG - B","Jethmal Maheshwari","Bhanwar Kanwar","Jethmal Maheshwari","9828268559","9828268559","9828268559","Uttarlai Road, Near KV School, Barmer","Male","2020-11-04","ST","Shivaji",true,true,"Route 8 (Rai Colony - Civil Lines)",36000,36000,0,0,"Active"
"SR-2024-1161","ADM-5161","PEN-RJ-2024-348182","Aarav Gaur","21","UKG","UKG","B","UKG - B","Kalyan Singh Gaur","Kanta Devi","Kalyan Singh Gaur","9414812560","9414812560","9414812560","Shastri Nagar, Sector 2, Barmer","Male","2020-08-02","SC","Shivaji",true,true,"Route 1 (Baldev Nagar - Ratan Singh Circle)",36000,0,36000,36000,"Active"
"SR-2024-1162","ADM-5162","PEN-RJ-2024-554643","Pushpendra Parihar","22","UKG","UKG","B","UKG - B","Tarachand Parihar","Sita Devi","Tarachand Parihar","9414567505","9414567505","9414567505","Khatan Kocha, Inside City, Barmer","Male","2020-11-22","SC","Tagore",false,false,"",24000,9500,14500,14500,"Active"
"SR-2024-1163","ADM-5163","PEN-RJ-2024-648089","Rukmani Agarwal","23","UKG","UKG","B","UKG - B","Khimraj Agarwal","Santosh","Khimraj Agarwal","9829278835","9829278835","9829278835","Kalyanpura, Barmer","Female","2020-12-04","SC","Shivaji",true,true,"Route 5 (Chohtan Circle - Tilak Nagar)",36000,36000,0,0,"Active"
"SR-2024-1164","ADM-5164","PEN-RJ-2024-121637","Govind Rathore","24","UKG","UKG","B","UKG - B","Rajesh Rathore","Anand Kanwar","Rajesh Rathore","9829979471","9829979471","9829979471","Shastri Nagar, Sector 2, Barmer","Male","2020-06-05","OBC","Tagore",false,false,"",24000,24000,0,0,"Active"
"SR-2024-1165","ADM-5165","PEN-RJ-2024-951852","Pradeep Raika","25","UKG","UKG","B","UKG - B","Mohan Lal Raika","Pushpa Devi","Mohan Lal Raika","9414391468","9414391468","9414391468","Chohtan Circle, Highway Link, Barmer","Male","2020-12-17","ST","Ashoka",true,true,"Route 3 (Station Road - Sadar Bazaar)",36000,36000,0,0,"Active"
"SR-2024-1166","ADM-5166","PEN-RJ-2024-751884","Mahendra Goyal","26","UKG","UKG","B","UKG - B","Jabbar Singh Goyal","Geeta Devi","Jabbar Singh Goyal","9829573284","9829573284","9829573284","Uttarlai Road, Near KV School, Barmer","Male","2020-09-14","General","Shivaji",false,false,"",24000,18000,6000,6000,"Active"
"SR-2024-1167","ADM-5167","PEN-RJ-2024-883548","Anil Goyal","27","UKG","UKG","B","UKG - B","Bhagwan Das Goyal","Rukmani Devi","Bhagwan Das Goyal","9828817420","9828817420","9828817420","Kalyanpura, Barmer","Male","2020-08-16","ST","Ashoka",false,false,"",24000,9500,14500,14500,"Active"
"SR-2024-1168","ADM-5168","PEN-RJ-2024-778923","Dinesh Rajput","28","UKG","UKG","B","UKG - B","Dinesh Rajput","Sayar Kanwar","Dinesh Rajput","9828553420","9828553420","9828553420","Tilak Nagar, Barmer","Male","2020-09-27","ST","Ashoka",true,true,"Route 1 (Baldev Nagar - Ratan Singh Circle)",36000,36000,0,0,"Active"
"SR-2024-1169","ADM-5169","PEN-RJ-2024-106621","Gopal Maheshwari","29","UKG","UKG","B","UKG - B","Prem Singh Maheshwari","Sita Devi","Prem Singh Maheshwari","9460617708","9460617708","9460617708","Jasol Road, Balotra Highway, Barmer","Male","2020-06-24","General","Raman",false,false,"",24000,9500,14500,14500,"Active"
"SR-2024-1170","ADM-5170","PEN-RJ-2024-849783","Kailash Trivedi","30","UKG","UKG","B","UKG - B","Shaitan Singh Trivedi","Durga Devi","Shaitan Singh Trivedi","9828910189","9828910189","9828910189","Ramsar Road, Barmer","Male","2020-11-20","General","Tagore",false,false,"",24000,0,24000,24000,"Active"
"SR-2024-1171","ADM-5171","PEN-RJ-2024-291801","Ahana Jain","31","UKG","UKG","B","UKG - B","Rikhabdas Jain","Sunita","Rikhabdas Jain","9828471737","9828471737","9828471737","Jasol Road, Balotra Highway, Barmer","Female","2020-10-24","SC","Tagore",false,false,"",24000,0,24000,24000,"Active"
"SR-2024-1172","ADM-5172","PEN-RJ-2024-980952","Ratan Purohit","32","UKG","UKG","B","UKG - B","Rajesh Purohit","Savitri Devi","Rajesh Purohit","9414141767","9414141767","9414141767","Nehru Nagar, Main Road, Barmer","Male","2020-09-20","SC","Shivaji",false,false,"",24000,12000,12000,12000,"Active"
"SR-2024-1173","ADM-5173","PEN-RJ-2024-809081","Swati Soni","33","UKG","UKG","B","UKG - B","Shaitan Singh Soni","Anita","Shaitan Singh Soni","9414123408","9414123408","9414123408","Kalyanpura, Barmer","Female","2020-02-03","SC","Tagore",false,false,"",24000,14500,9500,9500,"Active"
"SR-2024-1174","ADM-5174","PEN-RJ-2024-300082","Sushila Meghwal","34","UKG","UKG","B","UKG - B","Ramesh Chand Meghwal","Urmila","Ramesh Chand Meghwal","8769221586","8769221586","8769221586","Baldev Nagar, Near Ratan Singh Circle, Barmer","Female","2020-04-10","SC","Raman",false,false,"",24000,9500,14500,14500,"Active"
"SR-2024-1175","ADM-5175","PEN-RJ-2024-374248","Pratap Gupta","35","UKG","UKG","B","UKG - B","Sumer Singh Gupta","Nirmala","Sumer Singh Gupta","9784221789","9784221789","9784221789","Indira Colony, Lane 4, Barmer","Male","2020-02-10","ST","Tagore",false,false,"",24000,18000,6000,6000,"Active"
"SR-2024-1176","ADM-5176","PEN-RJ-2024-713276","Gopal Trivedi","01","1st","1st","A","1st - A","Mohan Lal Trivedi","Sharda","Mohan Lal Trivedi","9828980786","9828980786","9828980786","Tilak Nagar, Barmer","Male","2019-03-09","ST","Ashoka",false,false,"",30000,0,30000,30000,"Active"
"SR-2024-1177","ADM-5177","PEN-RJ-2024-281654","Swati Mittal","02","1st","1st","A","1st - A","Tarachand Mittal","Chandra Kanwar","Tarachand Mittal","9829781743","9829781743","9829781743","Shastri Nagar, Sector 2, Barmer","Female","2019-05-22","General","Ashoka",false,false,"",30000,30000,0,0,"Active"
"SR-2024-1178","ADM-5178","PEN-RJ-2024-434464","Prem Verma","03","1st","1st","A","1st - A","Rikhabdas Verma","Santosh","Rikhabdas Verma","8769164165","8769164165","8769164165","Sindhari Road, Near Bus Stand, Barmer","Male","2019-05-15","SC","Tagore",false,false,"",30000,22500,7500,7500,"Active"
"SR-2024-1179","ADM-5179","PEN-RJ-2024-621441","Sonam Sharma","04","1st","1st","A","1st - A","Nemichand Sharma","Gulab Kanwar","Nemichand Sharma","9829853215","9829853215","9829853215","Ramsar Road, Barmer","Female","2019-06-13","OBC","Raman",false,false,"",30000,30000,0,0,"Active"
"SR-2024-1180","ADM-5180","PEN-RJ-2024-936465","Jitendra Panwar","05","1st","1st","A","1st - A","Rajesh Panwar","Durga Devi","Rajesh Panwar","8769420563","8769420563","8769420563","Rai Colony, Near Water Tank, Barmer","Male","2019-04-08","General","Raman",true,true,"Route 3 (Station Road - Sadar Bazaar)",42000,25000,17000,17000,"Active"
"SR-2024-1181","ADM-5181","PEN-RJ-2024-324517","Mahesh Sharma","06","1st","1st","A","1st - A","Bhawani Singh Sharma","Sharda","Bhawani Singh Sharma","9828351683","9828351683","9828351683","Sindhari Road, Near Bus Stand, Barmer","Male","2019-12-24","SC","Ashoka",false,false,"",30000,0,30000,30000,"Active"
"SR-2024-1182","ADM-5182","PEN-RJ-2024-156312","Jaipal Trivedi","07","1st","1st","A","1st - A","Chhagan Lal Trivedi","Anita","Chhagan Lal Trivedi","8769537149","8769537149","8769537149","Sadar Bazaar, Near Old Fort, Barmer","Male","2019-05-02","ST","Ashoka",false,false,"",30000,30000,0,0,"Active"
"SR-2024-1183","ADM-5183","PEN-RJ-2024-797393","Rohit Purohit","08","1st","1st","A","1st - A","Mohan Lal Purohit","Laxmi Devi","Mohan Lal Purohit","8769795954","8769795954","8769795954","Rai Colony, Near Water Tank, Barmer","Male","2019-02-01","SC","Raman",false,false,"",30000,30000,0,0,"Active"
"SR-2024-1184","ADM-5184","PEN-RJ-2024-439258","Digvijay Bansal","09","1st","1st","A","1st - A","Pabu Ram Bansal","Prem Kanwar","Pabu Ram Bansal","9414554267","9414554267","9414554267","Uttarlai Road, Near KV School, Barmer","Male","2019-06-20","General","Ashoka",false,false,"",30000,0,30000,30000,"Active"
"SR-2024-1185","ADM-5185","PEN-RJ-2024-927827","Bhanwar Gaur","10","1st","1st","A","1st - A","Ram Chandra Gaur","Sushila","Ram Chandra Gaur","9829411985","9829411985","9829411985","Ramsar Road, Barmer","Male","2019-04-10","SC","Ashoka",false,false,"",30000,12000,18000,18000,"Active"
"SR-2024-1186","ADM-5186","PEN-RJ-2024-311169","Sumer Dadhich","11","1st","1st","A","1st - A","Sumer Singh Dadhich","Manju","Sumer Singh Dadhich","9414859117","9414859117","9414859117","Khatan Kocha, Inside City, Barmer","Male","2019-07-09","OBC","Tagore",false,false,"",30000,18000,12000,12000,"Active"
"SR-2024-1187","ADM-5187","PEN-RJ-2024-500708","Mandeep Parihar","12","1st","1st","A","1st - A","Rikhabdas Parihar","Urmila","Rikhabdas Parihar","9828164688","9828164688","9828164688","Khatan Kocha, Inside City, Barmer","Male","2019-12-03","ST","Shivaji",false,false,"",30000,30000,0,0,"Active"
"SR-2024-1188","ADM-5188","PEN-RJ-2024-421745","Arjun Mittal","13","1st","1st","A","1st - A","Sawai Singh Mittal","Anand Kanwar","Sawai Singh Mittal","9460833097","9460833097","9460833097","Jasol Road, Balotra Highway, Barmer","Male","2019-07-16","General","Shivaji",false,false,"",30000,12000,18000,18000,"Active"
"SR-2024-1189","ADM-5189","PEN-RJ-2024-352430","Jagdish Chauhan","14","1st","1st","A","1st - A","Dinesh Chauhan","Manju","Dinesh Chauhan","9784384637","9784384637","9784384637","Station Road, Near Soni Dharmshala, Barmer","Male","2019-03-16","SC","Tagore",false,false,"",30000,15000,15000,15000,"Active"
"SR-2024-1190","ADM-5190","PEN-RJ-2024-361907","Hanuman Purohit","15","1st","1st","A","1st - A","Loonkaran Purohit","Sushila","Loonkaran Purohit","9828398522","9828398522","9828398522","Nehru Nagar, Main Road, Barmer","Male","2019-10-21","General","Tagore",false,false,"",30000,30000,0,0,"Active"
"SR-2024-1191","ADM-5191","PEN-RJ-2024-815695","Aditya Lohar","16","1st","1st","A","1st - A","Ramesh Chand Lohar","Mohan Kanwar","Ramesh Chand Lohar","9784263161","9784263161","9784263161","Shastri Nagar, Sector 2, Barmer","Male","2019-02-15","SC","Ashoka",false,false,"",30000,22500,7500,7500,"Active"
"SR-2024-1192","ADM-5192","PEN-RJ-2024-800425","Aayush Solanki","17","1st","1st","A","1st - A","Manak Chand Solanki","Sugan Kanwar","Manak Chand Solanki","9414925478","9414925478","9414925478","Khatan Kocha, Inside City, Barmer","Male","2019-04-21","ST","Raman",false,false,"",30000,15000,15000,15000,"Active"
"SR-2024-1193","ADM-5193","PEN-RJ-2024-923318","Sheetal Panwar","18","1st","1st","A","1st - A","Mohan Lal Panwar","Anand Kanwar","Mohan Lal Panwar","9784895979","9784895979","9784895979","Panch Batti Circle, Barmer","Female","2019-12-09","OBC","Ashoka",false,false,"",30000,30000,0,0,"Active"
"SR-2024-1194","ADM-5194","PEN-RJ-2024-842287","Karan Soni","19","1st","1st","A","1st - A","Bhawani Singh Soni","Sunita","Bhawani Singh Soni","9460927840","9460927840","9460927840","Tilak Nagar, Barmer","Male","2019-09-21","General","Shivaji",false,false,"",30000,0,30000,30000,"Active"
"SR-2024-1195","ADM-5195","PEN-RJ-2024-363442","Hanuman Kumhar","20","1st","1st","A","1st - A","Loonkaran Kumhar","Durga Devi","Loonkaran Kumhar","9460456686","9460456686","9460456686","Station Road, Near Soni Dharmshala, Barmer","Male","2019-11-28","ST","Ashoka",false,false,"",30000,0,30000,30000,"Active"
"SR-2024-1196","ADM-5196","PEN-RJ-2024-207630","Ira Mathur","21","1st","1st","A","1st - A","Sawai Singh Mathur","Sharda","Sawai Singh Mathur","9414191011","9414191011","9414191011","Rai Colony, Near Water Tank, Barmer","Female","2019-07-07","General","Ashoka",false,false,"",30000,30000,0,0,"Active"
"SR-2024-1197","ADM-5197","PEN-RJ-2024-660085","Hardeep Soni","22","1st","1st","A","1st - A","Rikhabdas Soni","Prem Kanwar","Rikhabdas Soni","9828944586","9828944586","9828944586","Khatan Kocha, Inside City, Barmer","Male","2019-07-26","SC","Ashoka",true,true,"Route 8 (Rai Colony - Civil Lines)",42000,42000,0,0,"Active"
"SR-2024-1198","ADM-5198","PEN-RJ-2024-762884","Sonal Bhati","23","1st","1st","A","1st - A","Mangi Lal Bhati","Shanti Devi","Mangi Lal Bhati","9414331032","9414331032","9414331032","Sindhari Road, Near Bus Stand, Barmer","Female","2019-08-19","General","Raman",false,false,"",30000,30000,0,0,"Active"
"SR-2024-1199","ADM-5199","PEN-RJ-2024-282793","Jaideep Rajput","24","1st","1st","A","1st - A","Jagdish Prasad Rajput","Prem Kanwar","Jagdish Prasad Rajput","9829653267","9829653267","9829653267","Plot 42, Civil Lines, Barmer","Male","2019-11-24","OBC","Tagore",false,false,"",30000,0,30000,30000,"Active"
"SR-2024-1200","ADM-5200","PEN-RJ-2024-761000","Priyanka Raika","25","1st","1st","A","1st - A","Ram Chandra Raika","Parvati Devi","Ram Chandra Raika","8769676306","8769676306","8769676306","Uttarlai Road, Near KV School, Barmer","Female","2019-09-09","General","Shivaji",false,false,"",30000,30000,0,0,"Active"
"SR-2024-1201","ADM-5201","PEN-RJ-2024-262646","Chhagan Vyas","26","1st","1st","A","1st - A","Mohan Lal Vyas","Prem Kanwar","Mohan Lal Vyas","9784924563","9784924563","9784924563","Uttarlai Road, Near KV School, Barmer","Male","2019-12-03","ST","Tagore",true,true,"Route 5 (Chohtan Circle - Tilak Nagar)",42000,42000,0,0,"Active"
"SR-2024-1202","ADM-5202","PEN-RJ-2024-199743","Bhawani Meena","27","1st","1st","A","1st - A","Narpat Singh Meena","Anand Kanwar","Narpat Singh Meena","9784794209","9784794209","9784794209","Panch Batti Circle, Barmer","Male","2019-01-12","OBC","Tagore",false,false,"",30000,18000,12000,12000,"Active"
"SR-2024-1203","ADM-5203","PEN-RJ-2024-265991","Aarti Dadhich","28","1st","1st","A","1st - A","Mangi Lal Dadhich","Urmila","Mangi Lal Dadhich","9784831319","9784831319","9784831319","Baldev Nagar, Near Ratan Singh Circle, Barmer","Female","2019-06-26","SC","Ashoka",false,false,"",30000,18000,12000,12000,"Active"
"SR-2024-1204","ADM-5204","PEN-RJ-2024-859376","Renu Lohar","29","1st","1st","A","1st - A","Jagdish Prasad Lohar","Kamla Devi","Jagdish Prasad Lohar","9460729630","9460729630","9460729630","Uttarlai Road, Near KV School, Barmer","Female","2019-08-07","SC","Tagore",true,true,"Route 1 (Baldev Nagar - Ratan Singh Circle)",42000,0,42000,42000,"Active"
"SR-2024-1205","ADM-5205","PEN-RJ-2024-894901","Anil Sharma","30","1st","1st","A","1st - A","Kalyan Singh Sharma","Chandra Kanwar","Kalyan Singh Sharma","9828876797","9828876797","9828876797","Laxmi Nagar, Street 3, Barmer","Male","2019-10-17","SC","Tagore",true,true,"Route 8 (Rai Colony - Civil Lines)",42000,42000,0,0,"Active"
"SR-2024-1206","ADM-5206","PEN-RJ-2024-346906","Myra Soni","31","1st","1st","A","1st - A","Surendra Soni","Chandra Kanwar","Surendra Soni","9828644423","9828644423","9828644423","Baldev Nagar, Near Ratan Singh Circle, Barmer","Female","2019-09-24","General","Tagore",false,false,"",30000,15000,15000,15000,"Active"
"SR-2024-1207","ADM-5207","PEN-RJ-2024-206730","Swati Verma","32","1st","1st","A","1st - A","Rajesh Verma","Santosh","Rajesh Verma","9828549846","9828549846","9828549846","Laxmi Nagar, Street 3, Barmer","Female","2019-06-10","SC","Shivaji",false,false,"",30000,0,30000,30000,"Active"
"SR-2024-1208","ADM-5208","PEN-RJ-2024-593405","Krishna Gupta","33","1st","1st","A","1st - A","Ashok Gupta","Rukmani Devi","Ashok Gupta","9828728590","9828728590","9828728590","Sadar Bazaar, Near Old Fort, Barmer","Male","2019-08-10","ST","Shivaji",false,false,"",30000,30000,0,0,"Active"
"SR-2024-1209","ADM-5209","PEN-RJ-2024-523937","Amar Choudhary","34","1st","1st","A","1st - A","Suresh Choudhary","Santosh","Suresh Choudhary","9828281813","9828281813","9828281813","Uttarlai Road, Near KV School, Barmer","Male","2019-12-21","General","Raman",false,false,"",30000,18000,12000,12000,"Active"
"SR-2024-1210","ADM-5210","PEN-RJ-2024-565032","Aarti Goyal","35","1st","1st","A","1st - A","Jethmal Goyal","Santosh","Jethmal Goyal","9460609371","9460609371","9460609371","Baytu Link Road, Barmer","Female","2019-10-19","ST","Ashoka",false,false,"",30000,30000,0,0,"Active"
"SR-2024-1211","ADM-5211","PEN-RJ-2024-395419","Anil Purohit","36","1st","1st","A","1st - A","Pabu Ram Purohit","Meenakshi","Pabu Ram Purohit","9460731366","9460731366","9460731366","Khatan Kocha, Inside City, Barmer","Male","2019-08-24","General","Shivaji",false,false,"",30000,30000,0,0,"Active"
"SR-2024-1212","ADM-5212","PEN-RJ-2024-856527","Rahul Agarwal","37","1st","1st","A","1st - A","Parasmal Agarwal","Rekha","Parasmal Agarwal","9414686873","9414686873","9414686873","Baldev Nagar, Near Ratan Singh Circle, Barmer","Male","2019-12-02","SC","Tagore",false,false,"",30000,0,30000,30000,"Active"
"SR-2024-1213","ADM-5213","PEN-RJ-2024-799635","Manju Lohar","38","1st","1st","A","1st - A","Bhanwar Singh Lohar","Manju","Bhanwar Singh Lohar","9414345754","9414345754","9414345754","Station Road, Near Soni Dharmshala, Barmer","Female","2019-06-12","SC","Ashoka",false,false,"",30000,0,30000,30000,"Active"
"SR-2024-1214","ADM-5214","PEN-RJ-2024-794271","Vivaan Agarwal","01","1st","1st","B","1st - B","Dinesh Agarwal","Parvati Devi","Dinesh Agarwal","9784371201","9784371201","9784371201","Baldev Nagar, Near Ratan Singh Circle, Barmer","Male","2019-11-18","OBC","Tagore",false,false,"",30000,0,30000,30000,"Active"
"SR-2024-1215","ADM-5215","PEN-RJ-2024-345202","Muhammad Dadhich","02","1st","1st","B","1st - B","Hanuman Ram Dadhich","Kamla Devi","Hanuman Ram Dadhich","9784259917","9784259917","9784259917","Panch Batti Circle, Barmer","Male","2019-01-11","SC","Shivaji",false,false,"",30000,30000,0,0,"Active"
"SR-2024-1216","ADM-5216","PEN-RJ-2024-588086","Kunal Bishnoi","03","1st","1st","B","1st - B","Surendra Bishnoi","Chandra Kanwar","Surendra Bishnoi","9784815835","9784815835","9784815835","Sadar Bazaar, Near Old Fort, Barmer","Male","2019-04-25","SC","Ashoka",false,false,"",30000,0,30000,30000,"Active"
"SR-2024-1217","ADM-5217","PEN-RJ-2024-915859","Manvendra Bishnoi","04","1st","1st","B","1st - B","Ram Chandra Bishnoi","Urmila","Ram Chandra Bishnoi","9828986179","9828986179","9828986179","Khatan Kocha, Inside City, Barmer","Male","2019-03-03","General","Ashoka",false,false,"",30000,18000,12000,12000,"Active"
"SR-2024-1218","ADM-5218","PEN-RJ-2024-327999","Parvati Panwar","05","1st","1st","B","1st - B","Ramesh Chand Panwar","Mohan Kanwar","Ramesh Chand Panwar","9828301912","9828301912","9828301912","Sadar Bazaar, Near Old Fort, Barmer","Female","2019-07-10","ST","Ashoka",false,false,"",30000,22500,7500,7500,"Active"
"SR-2024-1219","ADM-5219","PEN-RJ-2024-727053","Anvi Sharma","06","1st","1st","B","1st - B","Ramesh Chand Sharma","Sushila","Ramesh Chand Sharma","8769250646","8769250646","8769250646","Nehru Nagar, Main Road, Barmer","Female","2019-05-13","General","Raman",true,true,"Route 7 (Sindhari Road - Kalyanpura)",42000,42000,0,0,"Active"
"SR-2024-1220","ADM-5220","PEN-RJ-2024-981571","Barkha Dadhich","07","1st","1st","B","1st - B","Jethmal Dadhich","Kanta Devi","Jethmal Dadhich","9828623332","9828623332","9828623332","Tilak Nagar, Barmer","Female","2019-12-07","ST","Tagore",false,false,"",30000,30000,0,0,"Active"
"SR-2024-1221","ADM-5221","PEN-RJ-2024-484756","Jitendra Gaur","08","1st","1st","B","1st - B","Shaitan Singh Gaur","Kanta Devi","Shaitan Singh Gaur","9829877043","9829877043","9829877043","Baytu Link Road, Barmer","Male","2019-04-01","General","Tagore",true,true,"Route 5 (Chohtan Circle - Tilak Nagar)",42000,42000,0,0,"Active"
"SR-2024-1222","ADM-5222","PEN-RJ-2024-884832","Virendra Parihar","09","1st","1st","B","1st - B","Vimalchand Parihar","Meenakshi","Vimalchand Parihar","9414368512","9414368512","9414368512","Nehru Nagar, Main Road, Barmer","Male","2019-01-24","SC","Ashoka",false,false,"",30000,30000,0,0,"Active"
"SR-2024-1223","ADM-5223","PEN-RJ-2024-501730","Radha Dave","10","1st","1st","B","1st - B","Sumer Singh Dave","Pooja","Sumer Singh Dave","9460383700","9460383700","9460383700","Jasol Road, Balotra Highway, Barmer","Female","2019-12-20","SC","Ashoka",true,true,"Route 5 (Chohtan Circle - Tilak Nagar)",42000,42000,0,0,"Active"
"SR-2024-1224","ADM-5224","PEN-RJ-2024-625380","Santosh Dave","11","1st","1st","B","1st - B","Khimraj Dave","Savitri Devi","Khimraj Dave","9414950196","9414950196","9414950196","Panch Batti Circle, Barmer","Female","2019-04-10","SC","Raman",false,false,"",30000,30000,0,0,"Active"
"SR-2024-1225","ADM-5225","PEN-RJ-2024-832819","Kamlesh Raika","12","1st","1st","B","1st - B","Bhawani Singh Raika","Shanti Devi","Bhawani Singh Raika","8769212131","8769212131","8769212131","Indira Colony, Lane 4, Barmer","Male","2019-07-15","SC","Shivaji",true,true,"Route 5 (Chohtan Circle - Tilak Nagar)",42000,42000,0,0,"Active"
"SR-2024-1226","ADM-5226","PEN-RJ-2024-574695","Amar Dewasi","13","1st","1st","B","1st - B","Jagdish Prasad Dewasi","Savitri Devi","Jagdish Prasad Dewasi","9460808892","9460808892","9460808892","Sadar Bazaar, Near Old Fort, Barmer","Male","2019-09-23","ST","Shivaji",false,false,"",30000,30000,0,0,"Active"
"SR-2024-1227","ADM-5227","PEN-RJ-2024-450764","Chhavi Jangid","14","1st","1st","B","1st - B","Roopa Ram Jangid","Pooja","Roopa Ram Jangid","9829550177","9829550177","9829550177","Baytu Link Road, Barmer","Female","2019-11-19","SC","Ashoka",false,false,"",30000,0,30000,30000,"Active"
"SR-2024-1228","ADM-5228","PEN-RJ-2024-861463","Aadhya Meghwal","15","1st","1st","B","1st - B","Teja Ram Meghwal","Pooja","Teja Ram Meghwal","9784663914","9784663914","9784663914","Opp. Collectorate, Mahaveer Nagar, Barmer","Female","2019-07-13","OBC","Shivaji",false,false,"",30000,12000,18000,18000,"Active"
"SR-2024-1229","ADM-5229","PEN-RJ-2024-739351","Ritu Joshi","16","1st","1st","B","1st - B","Uttamchand Joshi","Anita","Uttamchand Joshi","9460309989","9460309989","9460309989","Panch Batti Circle, Barmer","Female","2019-01-04","OBC","Shivaji",false,false,"",30000,18000,12000,12000,"Active"
"SR-2024-1230","ADM-5230","PEN-RJ-2024-909695","Vihaan Gupta","17","1st","1st","B","1st - B","Jabbar Singh Gupta","Manju","Jabbar Singh Gupta","9829567978","9829567978","9829567978","Rai Colony, Near Water Tank, Barmer","Male","2019-04-16","OBC","Shivaji",true,true,"Route 3 (Station Road - Sadar Bazaar)",42000,42000,0,0,"Active"
"SR-2024-1231","ADM-5231","PEN-RJ-2024-222257","Aadhya Shekhawat","18","1st","1st","B","1st - B","Jabbar Singh Shekhawat","Sushila","Jabbar Singh Shekhawat","8769923108","8769923108","8769923108","Plot 42, Civil Lines, Barmer","Female","2019-01-07","OBC","Shivaji",true,true,"Route 6 (Uttarlai Road - Airforce Area)",42000,25000,17000,17000,"Active"
"SR-2024-1232","ADM-5232","PEN-RJ-2024-425876","Savitri Bishnoi","19","1st","1st","B","1st - B","Mangi Lal Bishnoi","Sushila","Mangi Lal Bishnoi","8769666633","8769666633","8769666633","Opp. Collectorate, Mahaveer Nagar, Barmer","Female","2019-05-11","ST","Shivaji",false,false,"",30000,0,30000,30000,"Active"
"SR-2024-1233","ADM-5233","PEN-RJ-2024-466848","Bhawani Dadhich","20","1st","1st","B","1st - B","Jabbar Singh Dadhich","Meenakshi","Jabbar Singh Dadhich","9829798099","9829798099","9829798099","Opp. Collectorate, Mahaveer Nagar, Barmer","Male","2019-12-02","OBC","Tagore",false,false,"",30000,12000,18000,18000,"Active"
"SR-2024-1234","ADM-5234","PEN-RJ-2024-230379","Mahesh Mathur","21","1st","1st","B","1st - B","Ramesh Chand Mathur","Sushila","Ramesh Chand Mathur","8769252368","8769252368","8769252368","Shastri Nagar, Sector 2, Barmer","Male","2019-06-06","ST","Ashoka",false,false,"",30000,30000,0,0,"Active"
"SR-2024-1235","ADM-5235","PEN-RJ-2024-456309","Gayatri Lohar","22","1st","1st","B","1st - B","Tarachand Lohar","Laxmi Devi","Tarachand Lohar","8769380377","8769380377","8769380377","Kalyanpura, Barmer","Female","2019-11-18","OBC","Tagore",true,true,"Route 8 (Rai Colony - Civil Lines)",42000,0,42000,42000,"Active"
"SR-2024-1236","ADM-5236","PEN-RJ-2024-574388","Rakesh Bishnoi","23","1st","1st","B","1st - B","Rikhabdas Bishnoi","Geeta Devi","Rikhabdas Bishnoi","8769756500","8769756500","8769756500","Uttarlai Road, Near KV School, Barmer","Male","2019-12-10","SC","Ashoka",false,false,"",30000,0,30000,30000,"Active"
"SR-2024-1237","ADM-5237","PEN-RJ-2024-595181","Virendra Mittal","24","1st","1st","B","1st - B","Chhagan Lal Mittal","Bhanwar Kanwar","Chhagan Lal Mittal","9828395567","9828395567","9828395567","Station Road, Near Soni Dharmshala, Barmer","Male","2019-03-12","ST","Tagore",true,true,"Route 6 (Uttarlai Road - Airforce Area)",42000,25000,17000,17000,"Active"
"SR-2024-1238","ADM-5238","PEN-RJ-2024-441430","Paras Dave","25","1st","1st","B","1st - B","Hanuman Ram Dave","Bhanwar Kanwar","Hanuman Ram Dave","9414219731","9414219731","9414219731","Rai Colony, Near Water Tank, Barmer","Male","2019-10-03","OBC","Shivaji",false,false,"",30000,15000,15000,15000,"Active"
"SR-2024-1239","ADM-5239","PEN-RJ-2024-957694","Sanjay Shekhawat","26","1st","1st","B","1st - B","Tarachand Shekhawat","Savitri Devi","Tarachand Shekhawat","9829939111","9829939111","9829939111","Sadar Bazaar, Near Old Fort, Barmer","Male","2019-11-27","ST","Ashoka",false,false,"",30000,22500,7500,7500,"Active"
"SR-2024-1240","ADM-5240","PEN-RJ-2024-383955","Aarohi Dave","27","1st","1st","B","1st - B","Rikhabdas Dave","Savitri Devi","Rikhabdas Dave","9828967220","9828967220","9828967220","Baytu Link Road, Barmer","Female","2019-10-23","SC","Tagore",false,false,"",30000,18000,12000,12000,"Active"
"SR-2024-1241","ADM-5241","PEN-RJ-2024-227614","Manish Vyas","28","1st","1st","B","1st - B","Jethmal Vyas","Meenakshi","Jethmal Vyas","9829644112","9829644112","9829644112","Chohtan Circle, Highway Link, Barmer","Male","2019-10-07","OBC","Shivaji",true,true,"Route 1 (Baldev Nagar - Ratan Singh Circle)",42000,42000,0,0,"Active"
"SR-2024-1242","ADM-5242","PEN-RJ-2024-586502","Sawai Gupta","29","1st","1st","B","1st - B","Bhawani Singh Gupta","Prem Kanwar","Bhawani Singh Gupta","9460416663","9460416663","9460416663","Uttarlai Road, Near KV School, Barmer","Male","2019-02-13","SC","Raman",false,false,"",30000,0,30000,30000,"Active"
"SR-2024-1243","ADM-5243","PEN-RJ-2024-143082","Meena Charan","30","1st","1st","B","1st - B","Kalyan Singh Charan","Geeta Devi","Kalyan Singh Charan","9414393952","9414393952","9414393952","Tilak Nagar, Barmer","Female","2019-10-18","General","Tagore",false,false,"",30000,22500,7500,7500,"Active"
"SR-2024-1244","ADM-5244","PEN-RJ-2024-437512","Sharda Garg","31","1st","1st","B","1st - B","Ramesh Chand Garg","Laxmi Devi","Ramesh Chand Garg","8769755822","8769755822","8769755822","Sadar Bazaar, Near Old Fort, Barmer","Female","2019-10-04","ST","Shivaji",true,true,"Route 4 (Mahaveer Nagar - Collectorate)",42000,42000,0,0,"Active"
"SR-2024-1245","ADM-5245","PEN-RJ-2024-604197","Deepak Dave","32","1st","1st","B","1st - B","Prem Singh Dave","Rekha","Prem Singh Dave","9460160859","9460160859","9460160859","Tilak Nagar, Barmer","Male","2019-04-21","ST","Shivaji",false,false,"",30000,30000,0,0,"Active"
"SR-2024-1246","ADM-5246","PEN-RJ-2024-123095","Bharti Mittal","33","1st","1st","B","1st - B","Sumer Singh Mittal","Sharda","Sumer Singh Mittal","9784249934","9784249934","9784249934","Kalyanpura, Barmer","Female","2019-09-09","General","Raman",false,false,"",30000,30000,0,0,"Active"
"SR-2024-1247","ADM-5247","PEN-RJ-2024-782539","Sumer Garg","34","1st","1st","B","1st - B","Rikhabdas Garg","Sugan Kanwar","Rikhabdas Garg","9414916454","9414916454","9414916454","Sindhari Road, Near Bus Stand, Barmer","Male","2019-03-03","SC","Raman",false,false,"",30000,30000,0,0,"Active"
"SR-2024-1248","ADM-5248","PEN-RJ-2024-493806","Aarohi Gaur","35","1st","1st","B","1st - B","Uttamchand Gaur","Gulab Kanwar","Uttamchand Gaur","9460924567","9460924567","9460924567","Plot 42, Civil Lines, Barmer","Female","2019-10-15","General","Ashoka",false,false,"",30000,30000,0,0,"Active"
"SR-2024-1249","ADM-5249","PEN-RJ-2024-425227","Aadhya Meghwal","36","1st","1st","B","1st - B","Loonkaran Meghwal","Meenakshi","Loonkaran Meghwal","9828561180","9828561180","9828561180","Tilak Nagar, Barmer","Female","2019-11-20","ST","Raman",false,false,"",30000,18000,12000,12000,"Active"
"SR-2024-1250","ADM-5250","PEN-RJ-2024-823905","Advik Verma","37","1st","1st","B","1st - B","Prem Singh Verma","Manju","Prem Singh Verma","8769353634","8769353634","8769353634","Laxmi Nagar, Street 3, Barmer","Male","2019-06-03","ST","Ashoka",false,false,"",30000,12000,18000,18000,"Active"
"SR-2024-1251","ADM-5251","PEN-RJ-2024-271312","Seema Panwar","38","1st","1st","B","1st - B","Chhagan Lal Panwar","Meenakshi","Chhagan Lal Panwar","8769406203","8769406203","8769406203","Jasol Road, Balotra Highway, Barmer","Female","2019-08-26","SC","Shivaji",false,false,"",30000,0,30000,30000,"Active"
"SR-2024-1252","ADM-5252","PEN-RJ-2024-944773","Bharti Dave","01","2nd","2nd","A","2nd - A","Ram Chandra Dave","Sunita","Ram Chandra Dave","9460821817","9460821817","9460821817","Opp. Collectorate, Mahaveer Nagar, Barmer","Female","2018-04-26","ST","Tagore",true,true,"Route 3 (Station Road - Sadar Bazaar)",42000,0,42000,42000,"Active"
"SR-2024-1253","ADM-5253","PEN-RJ-2024-329284","Ritu Sharma","02","2nd","2nd","A","2nd - A","Bhawani Singh Sharma","Sugan Kanwar","Bhawani Singh Sharma","8769483988","8769483988","8769483988","Sadar Bazaar, Near Old Fort, Barmer","Female","2018-06-23","General","Raman",false,false,"",30000,30000,0,0,"Active"
"SR-2024-1254","ADM-5254","PEN-RJ-2024-341941","Dinesh Jain","03","2nd","2nd","A","2nd - A","Kalyan Singh Jain","Kanta Devi","Kalyan Singh Jain","9414835962","9414835962","9414835962","Panch Batti Circle, Barmer","Male","2018-04-21","SC","Raman",false,false,"",30000,0,30000,30000,"Active"
"SR-2024-1255","ADM-5255","PEN-RJ-2024-209473","Sanjay Meghwal","04","2nd","2nd","A","2nd - A","Kalyan Singh Meghwal","Rukmani Devi","Kalyan Singh Meghwal","9460228346","9460228346","9460228346","Indira Colony, Lane 4, Barmer","Male","2018-10-20","SC","Raman",false,false,"",30000,15000,15000,15000,"Active"
"SR-2024-1256","ADM-5256","PEN-RJ-2024-306712","Paras Meghwal","05","2nd","2nd","A","2nd - A","Ashok Meghwal","Urmila","Ashok Meghwal","9784555755","9784555755","9784555755","Panch Batti Circle, Barmer","Male","2018-09-14","SC","Raman",true,true,"Route 3 (Station Road - Sadar Bazaar)",42000,17000,25000,25000,"Active"
"SR-2024-1257","ADM-5257","PEN-RJ-2024-731267","Arjun Panwar","06","2nd","2nd","A","2nd - A","Mangi Lal Panwar","Mohan Kanwar","Mangi Lal Panwar","8769674563","8769674563","8769674563","Sindhari Road, Near Bus Stand, Barmer","Male","2018-07-18","General","Tagore",true,true,"Route 7 (Sindhari Road - Kalyanpura)",42000,0,42000,42000,"Active"
"SR-2024-1258","ADM-5258","PEN-RJ-2024-388465","Rahul Bhati","07","2nd","2nd","A","2nd - A","Shaitan Singh Bhati","Shanti Devi","Shaitan Singh Bhati","9828128648","9828128648","9828128648","Chohtan Circle, Highway Link, Barmer","Male","2018-08-11","SC","Tagore",false,false,"",30000,30000,0,0,"Active"
"SR-2024-1259","ADM-5259","PEN-RJ-2024-308563","Ahana Goyal","08","2nd","2nd","A","2nd - A","Suresh Goyal","Parvati Devi","Suresh Goyal","9829328643","9829328643","9829328643","Shastri Nagar, Sector 2, Barmer","Female","2018-09-24","ST","Raman",true,true,"Route 8 (Rai Colony - Civil Lines)",42000,0,42000,42000,"Active"
"SR-2024-1260","ADM-5260","PEN-RJ-2024-383947","Vikram Dave","09","2nd","2nd","A","2nd - A","Ashok Dave","Meenakshi","Ashok Dave","9414523515","9414523515","9414523515","Indira Colony, Lane 4, Barmer","Male","2018-05-24","ST","Tagore",false,false,"",30000,12000,18000,18000,"Active"
"SR-2024-1261","ADM-5261","PEN-RJ-2024-389365","Renu Meghwal","10","2nd","2nd","A","2nd - A","Chhagan Lal Meghwal","Shanti Devi","Chhagan Lal Meghwal","9784701943","9784701943","9784701943","Jasol Road, Balotra Highway, Barmer","Female","2018-06-13","ST","Ashoka",true,true,"Route 4 (Mahaveer Nagar - Collectorate)",42000,0,42000,42000,"Active"
"SR-2024-1262","ADM-5262","PEN-RJ-2024-574422","Jitendra Goyal","11","2nd","2nd","A","2nd - A","Ramesh Chand Goyal","Kamla Devi","Ramesh Chand Goyal","9460403117","9460403117","9460403117","Shastri Nagar, Sector 2, Barmer","Male","2018-12-18","ST","Ashoka",true,true,"Route 1 (Baldev Nagar - Ratan Singh Circle)",42000,42000,0,0,"Active"
"SR-2024-1263","ADM-5263","PEN-RJ-2024-180832","Pushpa Rajput","12","2nd","2nd","A","2nd - A","Pabu Ram Rajput","Sayar Kanwar","Pabu Ram Rajput","9829372866","9829372866","9829372866","Laxmi Nagar, Street 3, Barmer","Female","2018-12-23","General","Tagore",true,true,"Route 1 (Baldev Nagar - Ratan Singh Circle)",42000,42000,0,0,"Active"
"SR-2024-1264","ADM-5264","PEN-RJ-2024-213978","Jagdish Raika","13","2nd","2nd","A","2nd - A","Dinesh Raika","Sita Devi","Dinesh Raika","9828710121","9828710121","9828710121","Laxmi Nagar, Street 3, Barmer","Male","2018-01-16","General","Shivaji",true,true,"Route 2 (Indira Colony - Shastri Nagar)",42000,42000,0,0,"Active"
"SR-2024-1265","ADM-5265","PEN-RJ-2024-324794","Anvi Chauhan","14","2nd","2nd","A","2nd - A","Mahendra Chauhan","Sushila","Mahendra Chauhan","9828357010","9828357010","9828357010","Uttarlai Road, Near KV School, Barmer","Female","2018-08-23","SC","Raman",false,false,"",30000,12000,18000,18000,"Active"
"SR-2024-1266","ADM-5266","PEN-RJ-2024-417641","Parvati Trivedi","15","2nd","2nd","A","2nd - A","Mangi Lal Trivedi","Shanti Devi","Mangi Lal Trivedi","9784910471","9784910471","9784910471","Nehru Nagar, Main Road, Barmer","Female","2018-07-11","General","Raman",false,false,"",30000,30000,0,0,"Active"
"SR-2024-1267","ADM-5267","PEN-RJ-2024-589858","Arjun Parihar","16","2nd","2nd","A","2nd - A","Nemichand Parihar","Geeta Devi","Nemichand Parihar","8769128525","8769128525","8769128525","Rai Colony, Near Water Tank, Barmer","Male","2018-08-04","OBC","Raman",true,true,"Route 7 (Sindhari Road - Kalyanpura)",42000,42000,0,0,"Active"
"SR-2024-1268","ADM-5268","PEN-RJ-2024-137240","Mohan Bhati","17","2nd","2nd","A","2nd - A","Bhagwan Das Bhati","Sharda","Bhagwan Das Bhati","9414846767","9414846767","9414846767","Sindhari Road, Near Bus Stand, Barmer","Male","2018-10-09","General","Tagore",false,false,"",30000,30000,0,0,"Active"
"SR-2024-1269","ADM-5269","PEN-RJ-2024-362653","Advik Lohar","18","2nd","2nd","A","2nd - A","Roopa Ram Lohar","Urmila","Roopa Ram Lohar","9829541207","9829541207","9829541207","Khatan Kocha, Inside City, Barmer","Male","2018-10-14","OBC","Shivaji",true,true,"Route 7 (Sindhari Road - Kalyanpura)",42000,25000,17000,17000,"Active"
"SR-2024-1270","ADM-5270","PEN-RJ-2024-275558","Avni Chauhan","19","2nd","2nd","A","2nd - A","Loonkaran Chauhan","Durga Devi","Loonkaran Chauhan","9460959130","9460959130","9460959130","Baytu Link Road, Barmer","Female","2018-07-06","General","Tagore",false,false,"",30000,0,30000,30000,"Active"
"SR-2024-1271","ADM-5271","PEN-RJ-2024-234415","Ritu Shekhawat","20","2nd","2nd","A","2nd - A","Sumer Singh Shekhawat","Rukmani Devi","Sumer Singh Shekhawat","9784969483","9784969483","9784969483","Laxmi Nagar, Street 3, Barmer","Female","2018-12-02","ST","Raman",false,false,"",30000,30000,0,0,"Active"
"SR-2024-1272","ADM-5272","PEN-RJ-2024-135042","Jitendra Vyas","21","2nd","2nd","A","2nd - A","Sumer Singh Vyas","Shanti Devi","Sumer Singh Vyas","9460372545","9460372545","9460372545","Shastri Nagar, Sector 2, Barmer","Male","2018-07-01","OBC","Tagore",true,true,"Route 6 (Uttarlai Road - Airforce Area)",42000,21000,21000,21000,"Active"
"SR-2024-1273","ADM-5273","PEN-RJ-2024-789359","Jaipal Purohit","22","2nd","2nd","A","2nd - A","Rajesh Purohit","Pooja","Rajesh Purohit","9784705940","9784705940","9784705940","Jasol Road, Balotra Highway, Barmer","Male","2018-02-28","OBC","Shivaji",false,false,"",30000,30000,0,0,"Active"
"SR-2024-1274","ADM-5274","PEN-RJ-2024-232595","Geeta Singhal","23","2nd","2nd","A","2nd - A","Jagdish Prasad Singhal","Rekha","Jagdish Prasad Singhal","8769613536","8769613536","8769613536","Sindhari Road, Near Bus Stand, Barmer","Female","2018-11-08","ST","Tagore",false,false,"",30000,22500,7500,7500,"Active"
"SR-2024-1275","ADM-5275","PEN-RJ-2024-788782","Hanuman Gupta","24","2nd","2nd","A","2nd - A","Kalyan Singh Gupta","Parvati Devi","Kalyan Singh Gupta","9414233251","9414233251","9414233251","Shastri Nagar, Sector 2, Barmer","Male","2018-10-18","OBC","Tagore",false,false,"",30000,15000,15000,15000,"Active"
"SR-2024-1276","ADM-5276","PEN-RJ-2024-845015","Komal Meena","25","2nd","2nd","A","2nd - A","Jabbar Singh Meena","Kamla Devi","Jabbar Singh Meena","9829265548","9829265548","9829265548","Baytu Link Road, Barmer","Female","2018-09-12","General","Tagore",true,true,"Route 2 (Indira Colony - Shastri Nagar)",42000,21000,21000,21000,"Active"
"SR-2024-1277","ADM-5277","PEN-RJ-2024-187827","Vihaan Joshi","26","2nd","2nd","A","2nd - A","Chhagan Lal Joshi","Laxmi Devi","Chhagan Lal Joshi","8769587113","8769587113","8769587113","Uttarlai Road, Near KV School, Barmer","Male","2018-03-06","ST","Shivaji",true,true,"Route 4 (Mahaveer Nagar - Collectorate)",42000,25000,17000,17000,"Active"
"SR-2024-1278","ADM-5278","PEN-RJ-2024-504607","Swati Lohar","27","2nd","2nd","A","2nd - A","Suresh Lohar","Pushpa Devi","Suresh Lohar","9828491430","9828491430","9828491430","Shastri Nagar, Sector 2, Barmer","Female","2018-11-02","SC","Ashoka",false,false,"",30000,15000,15000,15000,"Active"
"SR-2024-1279","ADM-5279","PEN-RJ-2024-507469","Deepak Gaur","28","2nd","2nd","A","2nd - A","Dinesh Gaur","Sita Devi","Dinesh Gaur","9414499308","9414499308","9414499308","Ramsar Road, Barmer","Male","2018-10-17","General","Ashoka",false,false,"",30000,30000,0,0,"Active"
"SR-2024-1280","ADM-5280","PEN-RJ-2024-927168","Khushi Shekhawat","29","2nd","2nd","A","2nd - A","Gopal Shekhawat","Sugan Kanwar","Gopal Shekhawat","8769546354","8769546354","8769546354","Ramsar Road, Barmer","Female","2018-02-27","ST","Tagore",false,false,"",30000,30000,0,0,"Active"
"SR-2024-1281","ADM-5281","PEN-RJ-2024-169551","Shyam Parihar","30","2nd","2nd","A","2nd - A","Chhagan Lal Parihar","Meenakshi","Chhagan Lal Parihar","9828315820","9828315820","9828315820","Khatan Kocha, Inside City, Barmer","Male","2018-08-09","ST","Ashoka",false,false,"",30000,15000,15000,15000,"Active"
"SR-2024-1282","ADM-5282","PEN-RJ-2024-894038","Shweta Bishnoi","31","2nd","2nd","A","2nd - A","Prem Singh Bishnoi","Rekha","Prem Singh Bishnoi","9414895551","9414895551","9414895551","Jasol Road, Balotra Highway, Barmer","Female","2018-12-19","General","Raman",true,true,"Route 7 (Sindhari Road - Kalyanpura)",42000,21000,21000,21000,"Active"
"SR-2024-1283","ADM-5283","PEN-RJ-2024-253502","Anil Bishnoi","32","2nd","2nd","A","2nd - A","Ramesh Chand Bishnoi","Bhanwar Kanwar","Ramesh Chand Bishnoi","9829313074","9829313074","9829313074","Opp. Collectorate, Mahaveer Nagar, Barmer","Male","2018-01-18","OBC","Tagore",false,false,"",30000,30000,0,0,"Active"
"SR-2024-1284","ADM-5284","PEN-RJ-2024-250625","Bharti Lohar","33","2nd","2nd","A","2nd - A","Jethmal Lohar","Sunita","Jethmal Lohar","9828481258","9828481258","9828481258","Opp. Collectorate, Mahaveer Nagar, Barmer","Female","2018-11-22","General","Tagore",false,false,"",30000,15000,15000,15000,"Active"
"SR-2024-1285","ADM-5285","PEN-RJ-2024-488930","Harsh Trivedi","34","2nd","2nd","A","2nd - A","Narpat Singh Trivedi","Sunita","Narpat Singh Trivedi","9414861637","9414861637","9414861637","Khatan Kocha, Inside City, Barmer","Male","2018-08-22","ST","Shivaji",false,false,"",30000,30000,0,0,"Active"
"SR-2024-1286","ADM-5286","PEN-RJ-2024-239296","Ahana Garg","35","2nd","2nd","A","2nd - A","Khimraj Garg","Sita Devi","Khimraj Garg","9414775912","9414775912","9414775912","Rai Colony, Near Water Tank, Barmer","Female","2018-04-25","SC","Ashoka",false,false,"",30000,0,30000,30000,"Active"
"SR-2024-1287","ADM-5287","PEN-RJ-2024-227362","Naresh Shekhawat","36","2nd","2nd","A","2nd - A","Dinesh Shekhawat","Nirmala","Dinesh Shekhawat","9828893003","9828893003","9828893003","Panch Batti Circle, Barmer","Male","2018-07-10","General","Shivaji",false,false,"",30000,30000,0,0,"Active"
"SR-2024-1288","ADM-5288","PEN-RJ-2024-763101","Anvi Dadhich","37","2nd","2nd","A","2nd - A","Bhanwar Singh Dadhich","Rekha","Bhanwar Singh Dadhich","9414247895","9414247895","9414247895","Baldev Nagar, Near Ratan Singh Circle, Barmer","Female","2018-07-24","ST","Raman",true,true,"Route 6 (Uttarlai Road - Airforce Area)",42000,0,42000,42000,"Active"
"SR-2024-1289","ADM-5289","PEN-RJ-2024-752938","Bhanwar Mittal","38","2nd","2nd","A","2nd - A","Surendra Mittal","Durga Devi","Surendra Mittal","8769623874","8769623874","8769623874","Plot 42, Civil Lines, Barmer","Male","2018-01-03","OBC","Ashoka",false,false,"",30000,18000,12000,12000,"Active"
"SR-2024-1290","ADM-5290","PEN-RJ-2024-191859","Jagdish Choudhary","39","2nd","2nd","A","2nd - A","Uttamchand Choudhary","Gulab Kanwar","Uttamchand Choudhary","9460728394","9460728394","9460728394","Opp. Collectorate, Mahaveer Nagar, Barmer","Male","2018-05-19","ST","Shivaji",true,true,"Route 3 (Station Road - Sadar Bazaar)",42000,25000,17000,17000,"Active"
"SR-2024-1291","ADM-5291","PEN-RJ-2024-713629","Kunal Singhal","40","2nd","2nd","A","2nd - A","Nemichand Singhal","Anand Kanwar","Nemichand Singhal","8769370871","8769370871","8769370871","Tilak Nagar, Barmer","Male","2018-03-13","OBC","Raman",true,true,"Route 4 (Mahaveer Nagar - Collectorate)",42000,42000,0,0,"Active"
"SR-2024-1292","ADM-5292","PEN-RJ-2024-988125","Paras Meghwal","01","2nd","2nd","B","2nd - B","Parasmal Meghwal","Laxmi Devi","Parasmal Meghwal","9784376689","9784376689","9784376689","Baytu Link Road, Barmer","Male","2018-03-07","ST","Raman",false,false,"",30000,0,30000,30000,"Active"
"SR-2024-1293","ADM-5293","PEN-RJ-2024-962494","Jaipal Lohar","02","2nd","2nd","B","2nd - B","Uttamchand Lohar","Sunita","Uttamchand Lohar","8769154280","8769154280","8769154280","Khatan Kocha, Inside City, Barmer","Male","2018-01-14","OBC","Tagore",false,false,"",30000,30000,0,0,"Active"
"SR-2024-1294","ADM-5294","PEN-RJ-2024-625462","Vijay Singhal","03","2nd","2nd","B","2nd - B","Vimalchand Singhal","Shanti Devi","Vimalchand Singhal","9829878351","9829878351","9829878351","Laxmi Nagar, Street 3, Barmer","Male","2018-05-01","SC","Ashoka",true,true,"Route 5 (Chohtan Circle - Tilak Nagar)",42000,25000,17000,17000,"Active"
"SR-2024-1295","ADM-5295","PEN-RJ-2024-949354","Ritu Trivedi","04","2nd","2nd","B","2nd - B","Surendra Trivedi","Mohan Kanwar","Surendra Trivedi","9784195642","9784195642","9784195642","Sadar Bazaar, Near Old Fort, Barmer","Female","2018-12-24","OBC","Ashoka",false,false,"",30000,30000,0,0,"Active"
"SR-2024-1296","ADM-5296","PEN-RJ-2024-504144","Mahipal Sharma","05","2nd","2nd","B","2nd - B","Bhagwan Das Sharma","Savitri Devi","Bhagwan Das Sharma","8769116095","8769116095","8769116095","Station Road, Near Soni Dharmshala, Barmer","Male","2018-06-22","SC","Shivaji",false,false,"",30000,0,30000,30000,"Active"
"SR-2024-1297","ADM-5297","PEN-RJ-2024-370380","Geeta Verma","06","2nd","2nd","B","2nd - B","Kalyan Singh Verma","Chandra Kanwar","Kalyan Singh Verma","8769345077","8769345077","8769345077","Nehru Nagar, Main Road, Barmer","Female","2018-02-12","OBC","Tagore",false,false,"",30000,30000,0,0,"Active"
"SR-2024-1298","ADM-5298","PEN-RJ-2024-254309","Bhavna Bhati","07","2nd","2nd","B","2nd - B","Uttamchand Bhati","Urmila","Uttamchand Bhati","9828653918","9828653918","9828653918","Laxmi Nagar, Street 3, Barmer","Female","2018-07-10","OBC","Raman",false,false,"",30000,30000,0,0,"Active"
"SR-2024-1299","ADM-5299","PEN-RJ-2024-803356","Kajal Panwar","08","2nd","2nd","B","2nd - B","Ram Chandra Panwar","Meenakshi","Ram Chandra Panwar","9829703593","9829703593","9829703593","Ramsar Road, Barmer","Female","2018-02-02","General","Ashoka",true,true,"Route 1 (Baldev Nagar - Ratan Singh Circle)",42000,42000,0,0,"Active"
"SR-2024-1300","ADM-5300","PEN-RJ-2024-786179","Aarti Meena","09","2nd","2nd","B","2nd - B","Pabu Ram Meena","Sayar Kanwar","Pabu Ram Meena","9784214771","9784214771","9784214771","Chohtan Circle, Highway Link, Barmer","Female","2018-07-02","OBC","Shivaji",false,false,"",30000,15000,15000,15000,"Active"
"SR-2024-1301","ADM-5301","PEN-RJ-2024-990739","Sharda Maheshwari","10","2nd","2nd","B","2nd - B","Narpat Singh Maheshwari","Prem Kanwar","Narpat Singh Maheshwari","9829292126","9829292126","9829292126","Indira Colony, Lane 4, Barmer","Female","2018-01-09","OBC","Ashoka",false,false,"",30000,30000,0,0,"Active"
"SR-2024-1302","ADM-5302","PEN-RJ-2024-458421","Narpat Chauhan","11","2nd","2nd","B","2nd - B","Uttamchand Chauhan","Meenakshi","Uttamchand Chauhan","9828597527","9828597527","9828597527","Rai Colony, Near Water Tank, Barmer","Male","2018-09-01","OBC","Shivaji",false,false,"",30000,12000,18000,18000,"Active"
"SR-2024-1303","ADM-5303","PEN-RJ-2024-609462","Jyoti Panwar","12","2nd","2nd","B","2nd - B","Sawai Singh Panwar","Sharda","Sawai Singh Panwar","9414531124","9414531124","9414531124","Chohtan Circle, Highway Link, Barmer","Female","2018-11-24","ST","Shivaji",false,false,"",30000,0,30000,30000,"Active"
"SR-2024-1304","ADM-5304","PEN-RJ-2024-754708","Ashok Jain","13","2nd","2nd","B","2nd - B","Mohan Lal Jain","Rukmani Devi","Mohan Lal Jain","9460311413","9460311413","9460311413","Kalyanpura, Barmer","Male","2018-05-07","General","Shivaji",false,false,"",30000,22500,7500,7500,"Active"
"SR-2024-1305","ADM-5305","PEN-RJ-2024-186207","Sumer Maheshwari","14","2nd","2nd","B","2nd - B","Manak Chand Maheshwari","Geeta Devi","Manak Chand Maheshwari","8769226659","8769226659","8769226659","Plot 42, Civil Lines, Barmer","Male","2018-02-07","OBC","Ashoka",true,true,"Route 7 (Sindhari Road - Kalyanpura)",42000,21000,21000,21000,"Active"
"SR-2024-1306","ADM-5306","PEN-RJ-2024-799084","Muhammad Choudhary","15","2nd","2nd","B","2nd - B","Dungar Ram Choudhary","Manju","Dungar Ram Choudhary","9784888051","9784888051","9784888051","Shastri Nagar, Sector 2, Barmer","Male","2018-05-11","General","Ashoka",false,false,"",30000,12000,18000,18000,"Active"
"SR-2024-1307","ADM-5307","PEN-RJ-2024-249255","Saroj Gaur","16","2nd","2nd","B","2nd - B","Sumer Singh Gaur","Santosh","Sumer Singh Gaur","9460565086","9460565086","9460565086","Sadar Bazaar, Near Old Fort, Barmer","Female","2018-09-04","ST","Ashoka",false,false,"",30000,15000,15000,15000,"Active"
"SR-2024-1308","ADM-5308","PEN-RJ-2024-799950","Jaipal Mittal","17","2nd","2nd","B","2nd - B","Sohan Lal Mittal","Meenakshi","Sohan Lal Mittal","9460892605","9460892605","9460892605","Tilak Nagar, Barmer","Male","2018-02-12","General","Ashoka",false,false,"",30000,30000,0,0,"Active"
"SR-2024-1309","ADM-5309","PEN-RJ-2024-180356","Ram Meena","18","2nd","2nd","B","2nd - B","Suresh Meena","Laxmi Devi","Suresh Meena","9829784528","9829784528","9829784528","Nehru Nagar, Main Road, Barmer","Male","2018-02-12","SC","Raman",false,false,"",30000,0,30000,30000,"Active"
"SR-2024-1310","ADM-5310","PEN-RJ-2024-157412","Mahipal Garg","19","2nd","2nd","B","2nd - B","Bhagwan Das Garg","Kamla Devi","Bhagwan Das Garg","9828950755","9828950755","9828950755","Chohtan Circle, Highway Link, Barmer","Male","2018-12-07","SC","Ashoka",false,false,"",30000,0,30000,30000,"Active"
"SR-2024-1311","ADM-5311","PEN-RJ-2024-335446","Rampal Garg","20","2nd","2nd","B","2nd - B","Mahendra Garg","Kamla Devi","Mahendra Garg","9414180121","9414180121","9414180121","Jasol Road, Balotra Highway, Barmer","Male","2018-12-17","SC","Raman",false,false,"",30000,0,30000,30000,"Active"
"SR-2024-1312","ADM-5312","PEN-RJ-2024-829945","Jaideep Jain","21","2nd","2nd","B","2nd - B","Dungar Ram Jain","Santosh","Dungar Ram Jain","9828992321","9828992321","9828992321","Baytu Link Road, Barmer","Male","2018-01-14","ST","Raman",true,true,"Route 7 (Sindhari Road - Kalyanpura)",42000,25000,17000,17000,"Active"
"SR-2024-1313","ADM-5313","PEN-RJ-2024-134435","Myra Suthar","22","2nd","2nd","B","2nd - B","Jabbar Singh Suthar","Rekha","Jabbar Singh Suthar","9784484590","9784484590","9784484590","Plot 42, Civil Lines, Barmer","Female","2018-02-06","ST","Shivaji",false,false,"",30000,18000,12000,12000,"Active"
"SR-2024-1314","ADM-5314","PEN-RJ-2024-958978","Urmila Agarwal","23","2nd","2nd","B","2nd - B","Dinesh Agarwal","Anita","Dinesh Agarwal","9460685530","9460685530","9460685530","Indira Colony, Lane 4, Barmer","Female","2018-03-21","ST","Raman",false,false,"",30000,30000,0,0,"Active"
"SR-2024-1315","ADM-5315","PEN-RJ-2024-872153","Aarti Parihar","24","2nd","2nd","B","2nd - B","Jabbar Singh Parihar","Anand Kanwar","Jabbar Singh Parihar","8769168157","8769168157","8769168157","Uttarlai Road, Near KV School, Barmer","Female","2018-03-23","SC","Raman",false,false,"",30000,12000,18000,18000,"Active"
"SR-2024-1316","ADM-5316","PEN-RJ-2024-175444","Ashok Sharma","25","2nd","2nd","B","2nd - B","Chhagan Lal Sharma","Pushpa Devi","Chhagan Lal Sharma","9414547163","9414547163","9414547163","Uttarlai Road, Near KV School, Barmer","Male","2018-08-13","SC","Ashoka",false,false,"",30000,30000,0,0,"Active"
"SR-2024-1317","ADM-5317","PEN-RJ-2024-538038","Laxman Shekhawat","26","2nd","2nd","B","2nd - B","Bhawani Singh Shekhawat","Sugan Kanwar","Bhawani Singh Shekhawat","8769137232","8769137232","8769137232","Uttarlai Road, Near KV School, Barmer","Male","2018-02-18","SC","Tagore",true,true,"Route 8 (Rai Colony - Civil Lines)",42000,42000,0,0,"Active"
"SR-2024-1318","ADM-5318","PEN-RJ-2024-508666","Dharampal Charan","27","2nd","2nd","B","2nd - B","Rikhabdas Charan","Gulab Kanwar","Rikhabdas Charan","9414506014","9414506014","9414506014","Sindhari Road, Near Bus Stand, Barmer","Male","2018-07-13","SC","Shivaji",true,true,"Route 7 (Sindhari Road - Kalyanpura)",42000,42000,0,0,"Active"
"SR-2024-1319","ADM-5319","PEN-RJ-2024-170384","Kavita Singhal","28","2nd","2nd","B","2nd - B","Kailash Singhal","Rukmani Devi","Kailash Singhal","9414872490","9414872490","9414872490","Chohtan Circle, Highway Link, Barmer","Female","2018-04-19","General","Ashoka",true,true,"Route 5 (Chohtan Circle - Tilak Nagar)",42000,17000,25000,25000,"Active"
"SR-2024-1320","ADM-5320","PEN-RJ-2024-836140","Satyapal Gehlot","29","2nd","2nd","B","2nd - B","Sohan Lal Gehlot","Rukmani Devi","Sohan Lal Gehlot","9828379194","9828379194","9828379194","Plot 42, Civil Lines, Barmer","Male","2018-08-28","ST","Ashoka",false,false,"",30000,30000,0,0,"Active"
"SR-2024-1321","ADM-5321","PEN-RJ-2024-800222","Pushpa Jain","30","2nd","2nd","B","2nd - B","Nemichand Jain","Mohan Kanwar","Nemichand Jain","9414651590","9414651590","9414651590","Baytu Link Road, Barmer","Female","2018-04-23","General","Ashoka",false,false,"",30000,30000,0,0,"Active"
"SR-2024-1322","ADM-5322","PEN-RJ-2024-967820","Sandeep Mittal","31","2nd","2nd","B","2nd - B","Manak Chand Mittal","Kamla Devi","Manak Chand Mittal","9460599203","9460599203","9460599203","Jasol Road, Balotra Highway, Barmer","Male","2018-01-14","ST","Shivaji",true,true,"Route 2 (Indira Colony - Shastri Nagar)",42000,25000,17000,17000,"Active"
"SR-2024-1323","ADM-5323","PEN-RJ-2024-845681","Rachna Jain","32","2nd","2nd","B","2nd - B","Hanuman Ram Jain","Durga Devi","Hanuman Ram Jain","8769493426","8769493426","8769493426","Tilak Nagar, Barmer","Female","2018-02-26","SC","Tagore",true,true,"Route 6 (Uttarlai Road - Airforce Area)",42000,42000,0,0,"Active"
"SR-2024-1324","ADM-5324","PEN-RJ-2024-477224","Nikhil Jain","33","2nd","2nd","B","2nd - B","Surendra Jain","Prem Kanwar","Surendra Jain","8769700616","8769700616","8769700616","Sindhari Road, Near Bus Stand, Barmer","Male","2018-09-20","General","Raman",false,false,"",30000,22500,7500,7500,"Active"
"SR-2024-1325","ADM-5325","PEN-RJ-2024-991102","Jaipal Garg","34","2nd","2nd","B","2nd - B","Loonkaran Garg","Meenakshi","Loonkaran Garg","9784402551","9784402551","9784402551","Sadar Bazaar, Near Old Fort, Barmer","Male","2018-02-16","ST","Tagore",false,false,"",30000,30000,0,0,"Active"
"SR-2024-1326","ADM-5326","PEN-RJ-2024-969931","Avni Soni","35","2nd","2nd","B","2nd - B","Shaitan Singh Soni","Shanti Devi","Shaitan Singh Soni","9829587098","9829587098","9829587098","Indira Colony, Lane 4, Barmer","Female","2018-03-26","ST","Raman",false,false,"",30000,30000,0,0,"Active"
"SR-2024-1327","ADM-5327","PEN-RJ-2024-639686","Jabbar Panwar","36","2nd","2nd","B","2nd - B","Vimalchand Panwar","Sunita","Vimalchand Panwar","9414386720","9414386720","9414386720","Baldev Nagar, Near Ratan Singh Circle, Barmer","Male","2018-10-01","SC","Tagore",false,false,"",30000,22500,7500,7500,"Active"
"SR-2024-1328","ADM-5328","PEN-RJ-2024-886852","Advik Meghwal","37","2nd","2nd","B","2nd - B","Prem Singh Meghwal","Savitri Devi","Prem Singh Meghwal","9414278180","9414278180","9414278180","Kalyanpura, Barmer","Male","2018-03-17","ST","Shivaji",true,true,"Route 1 (Baldev Nagar - Ratan Singh Circle)",42000,21000,21000,21000,"Active"
"SR-2024-1329","ADM-5329","PEN-RJ-2024-810915","Saanvi Shekhawat","38","2nd","2nd","B","2nd - B","Parasmal Shekhawat","Sita Devi","Parasmal Shekhawat","9784979175","9784979175","9784979175","Indira Colony, Lane 4, Barmer","Female","2018-01-05","SC","Ashoka",false,false,"",30000,12000,18000,18000,"Active"
"SR-2024-1330","ADM-5330","PEN-RJ-2024-495204","Anil Singhal","39","2nd","2nd","B","2nd - B","Chhagan Lal Singhal","Pushpa Devi","Chhagan Lal Singhal","9829894991","9829894991","9829894991","Sadar Bazaar, Near Old Fort, Barmer","Male","2018-06-02","ST","Shivaji",true,true,"Route 6 (Uttarlai Road - Airforce Area)",42000,0,42000,42000,"Active"
"SR-2024-1331","ADM-5331","PEN-RJ-2024-629927","Virendra Gaur","40","2nd","2nd","B","2nd - B","Parasmal Gaur","Pooja","Parasmal Gaur","9460473516","9460473516","9460473516","Opp. Collectorate, Mahaveer Nagar, Barmer","Male","2018-11-10","General","Shivaji",false,false,"",30000,30000,0,0,"Active"
"SR-2024-1332","ADM-5332","PEN-RJ-2024-958370","Vijay Gupta","01","3rd","3rd","A","3rd - A","Tarachand Gupta","Sita Devi","Tarachand Gupta","9460267883","9460267883","9460267883","Opp. Collectorate, Mahaveer Nagar, Barmer","Male","2017-09-04","ST","Shivaji",false,false,"",30000,18000,12000,12000,"Active"
"SR-2024-1333","ADM-5333","PEN-RJ-2024-254178","Atharv Mittal","02","3rd","3rd","A","3rd - A","Jethmal Mittal","Santosh","Jethmal Mittal","9460802050","9460802050","9460802050","Station Road, Near Soni Dharmshala, Barmer","Male","2017-09-14","SC","Raman",false,false,"",30000,30000,0,0,"Active"
"SR-2024-1334","ADM-5334","PEN-RJ-2024-856968","Ravindra Gupta","03","3rd","3rd","A","3rd - A","Mohan Lal Gupta","Sita Devi","Mohan Lal Gupta","9784732878","9784732878","9784732878","Station Road, Near Soni Dharmshala, Barmer","Male","2017-02-06","General","Raman",true,true,"Route 4 (Mahaveer Nagar - Collectorate)",42000,42000,0,0,"Active"
"SR-2024-1335","ADM-5335","PEN-RJ-2024-940161","Madhav Meghwal","04","3rd","3rd","A","3rd - A","Dinesh Meghwal","Sushila","Dinesh Meghwal","9414391129","9414391129","9414391129","Uttarlai Road, Near KV School, Barmer","Male","2017-07-04","SC","Tagore",true,true,"Route 8 (Rai Colony - Civil Lines)",42000,25000,17000,17000,"Active"
"SR-2024-1336","ADM-5336","PEN-RJ-2024-851022","Vimla Gaur","05","3rd","3rd","A","3rd - A","Dinesh Gaur","Nirmala","Dinesh Gaur","8769397957","8769397957","8769397957","Panch Batti Circle, Barmer","Female","2017-08-16","ST","Raman",false,false,"",30000,0,30000,30000,"Active"
"SR-2024-1337","ADM-5337","PEN-RJ-2024-735761","Sita Soni","06","3rd","3rd","A","3rd - A","Bhanwar Singh Soni","Santosh","Bhanwar Singh Soni","9414209471","9414209471","9414209471","Baytu Link Road, Barmer","Female","2017-01-22","OBC","Shivaji",false,false,"",30000,18000,12000,12000,"Active"
"SR-2024-1338","ADM-5338","PEN-RJ-2024-670534","Manak Trivedi","07","3rd","3rd","A","3rd - A","Shaitan Singh Trivedi","Santosh","Shaitan Singh Trivedi","9414856472","9414856472","9414856472","Plot 42, Civil Lines, Barmer","Male","2017-01-07","OBC","Ashoka",false,false,"",30000,22500,7500,7500,"Active"
"SR-2024-1339","ADM-5339","PEN-RJ-2024-593404","Shweta Suthar","08","3rd","3rd","A","3rd - A","Dungar Ram Suthar","Laxmi Devi","Dungar Ram Suthar","9784867169","9784867169","9784867169","Plot 42, Civil Lines, Barmer","Female","2017-10-01","ST","Shivaji",false,false,"",30000,0,30000,30000,"Active"
"SR-2024-1340","ADM-5340","PEN-RJ-2024-446033","Mahendra Gupta","09","3rd","3rd","A","3rd - A","Kailash Gupta","Mohan Kanwar","Kailash Gupta","8769564425","8769564425","8769564425","Baytu Link Road, Barmer","Male","2017-11-12","General","Tagore",true,true,"Route 1 (Baldev Nagar - Ratan Singh Circle)",42000,42000,0,0,"Active"
"SR-2024-1341","ADM-5341","PEN-RJ-2024-181639","Vijay Meghwal","10","3rd","3rd","A","3rd - A","Surendra Meghwal","Manju","Surendra Meghwal","9829998662","9829998662","9829998662","Ramsar Road, Barmer","Male","2017-02-28","OBC","Tagore",false,false,"",30000,15000,15000,15000,"Active"
"SR-2024-1342","ADM-5342","PEN-RJ-2024-982703","Kabir Shekhawat","11","3rd","3rd","A","3rd - A","Bhawani Singh Shekhawat","Kanta Devi","Bhawani Singh Shekhawat","8769348969","8769348969","8769348969","Nehru Nagar, Main Road, Barmer","Male","2017-01-13","OBC","Tagore",true,true,"Route 2 (Indira Colony - Shastri Nagar)",42000,31500,10500,10500,"Active"
"SR-2024-1343","ADM-5343","PEN-RJ-2024-331275","Ronit Purohit","12","3rd","3rd","A","3rd - A","Uttamchand Purohit","Prem Kanwar","Uttamchand Purohit","9829653784","9829653784","9829653784","Plot 42, Civil Lines, Barmer","Male","2017-05-05","OBC","Shivaji",false,false,"",30000,22500,7500,7500,"Active"
"SR-2024-1344","ADM-5344","PEN-RJ-2024-189439","Parvati Dewasi","13","3rd","3rd","A","3rd - A","Nemichand Dewasi","Sita Devi","Nemichand Dewasi","9414279319","9414279319","9414279319","Indira Colony, Lane 4, Barmer","Female","2017-04-01","General","Raman",false,false,"",30000,30000,0,0,"Active"
"SR-2024-1345","ADM-5345","PEN-RJ-2024-748779","Swati Maheshwari","14","3rd","3rd","A","3rd - A","Kalyan Singh Maheshwari","Pooja","Kalyan Singh Maheshwari","9829309600","9829309600","9829309600","Opp. Collectorate, Mahaveer Nagar, Barmer","Female","2017-09-11","SC","Raman",false,false,"",30000,18000,12000,12000,"Active"
"SR-2024-1346","ADM-5346","PEN-RJ-2024-842214","Jaipal Dadhich","15","3rd","3rd","A","3rd - A","Rikhabdas Dadhich","Shanti Devi","Rikhabdas Dadhich","9829756879","9829756879","9829756879","Jasol Road, Balotra Highway, Barmer","Male","2017-03-11","OBC","Tagore",true,true,"Route 5 (Chohtan Circle - Tilak Nagar)",42000,42000,0,0,"Active"
"SR-2024-1347","ADM-5347","PEN-RJ-2024-410353","Pawan Goyal","16","3rd","3rd","A","3rd - A","Rikhabdas Goyal","Durga Devi","Rikhabdas Goyal","9460511024","9460511024","9460511024","Sindhari Road, Near Bus Stand, Barmer","Male","2017-05-12","General","Tagore",false,false,"",30000,18000,12000,12000,"Active"
"SR-2024-1348","ADM-5348","PEN-RJ-2024-744617","Naresh Gehlot","17","3rd","3rd","A","3rd - A","Mohan Lal Gehlot","Urmila","Mohan Lal Gehlot","9829904600","9829904600","9829904600","Tilak Nagar, Barmer","Male","2017-08-06","OBC","Tagore",false,false,"",30000,30000,0,0,"Active"
"SR-2024-1349","ADM-5349","PEN-RJ-2024-986063","Gajendra Gehlot","18","3rd","3rd","A","3rd - A","Mahendra Gehlot","Rukmani Devi","Mahendra Gehlot","9460681028","9460681028","9460681028","Uttarlai Road, Near KV School, Barmer","Male","2017-04-12","SC","Shivaji",true,true,"Route 5 (Chohtan Circle - Tilak Nagar)",42000,42000,0,0,"Active"
"SR-2024-1350","ADM-5350","PEN-RJ-2024-894093","Kamla Charan","19","3rd","3rd","A","3rd - A","Shaitan Singh Charan","Urmila","Shaitan Singh Charan","9828210912","9828210912","9828210912","Jasol Road, Balotra Highway, Barmer","Female","2017-05-16","General","Raman",false,false,"",30000,30000,0,0,"Active"
"SR-2024-1351","ADM-5351","PEN-RJ-2024-369572","Pradeep Bhati","20","3rd","3rd","A","3rd - A","Rajesh Bhati","Gulab Kanwar","Rajesh Bhati","9414793770","9414793770","9414793770","Station Road, Near Soni Dharmshala, Barmer","Male","2017-01-24","General","Raman",false,false,"",30000,12000,18000,18000,"Active"
"SR-2024-1352","ADM-5352","PEN-RJ-2024-446081","Advik Sharma","21","3rd","3rd","A","3rd - A","Shaitan Singh Sharma","Santosh","Shaitan Singh Sharma","8769622730","8769622730","8769622730","Uttarlai Road, Near KV School, Barmer","Male","2017-11-06","ST","Raman",false,false,"",30000,30000,0,0,"Active"
"SR-2024-1353","ADM-5353","PEN-RJ-2024-920637","Priya Bishnoi","22","3rd","3rd","A","3rd - A","Bhawani Singh Bishnoi","Pooja","Bhawani Singh Bishnoi","9414631027","9414631027","9414631027","Rai Colony, Near Water Tank, Barmer","Female","2017-06-08","SC","Raman",false,false,"",30000,15000,15000,15000,"Active"
"SR-2024-1354","ADM-5354","PEN-RJ-2024-351667","Shweta Gupta","23","3rd","3rd","A","3rd - A","Mangi Lal Gupta","Prem Kanwar","Mangi Lal Gupta","9829685568","9829685568","9829685568","Indira Colony, Lane 4, Barmer","Female","2017-11-24","General","Raman",true,true,"Route 8 (Rai Colony - Civil Lines)",42000,42000,0,0,"Active"
"SR-2024-1355","ADM-5355","PEN-RJ-2024-385046","Komal Agarwal","24","3rd","3rd","A","3rd - A","Prem Singh Agarwal","Geeta Devi","Prem Singh Agarwal","8769581083","8769581083","8769581083","Ramsar Road, Barmer","Female","2017-01-02","General","Shivaji",true,true,"Route 4 (Mahaveer Nagar - Collectorate)",42000,42000,0,0,"Active"
"SR-2024-1356","ADM-5356","PEN-RJ-2024-839556","Hanuman Chauhan","25","3rd","3rd","A","3rd - A","Narpat Singh Chauhan","Rekha","Narpat Singh Chauhan","9829714314","9829714314","9829714314","Khatan Kocha, Inside City, Barmer","Male","2017-08-01","SC","Shivaji",true,true,"Route 6 (Uttarlai Road - Airforce Area)",42000,42000,0,0,"Active"
"SR-2024-1357","ADM-5357","PEN-RJ-2024-143896","Myra Meghwal","26","3rd","3rd","A","3rd - A","Vimalchand Meghwal","Sugan Kanwar","Vimalchand Meghwal","9829904621","9829904621","9829904621","Chohtan Circle, Highway Link, Barmer","Female","2017-04-07","OBC","Tagore",true,true,"Route 8 (Rai Colony - Civil Lines)",42000,42000,0,0,"Active"
"SR-2024-1358","ADM-5358","PEN-RJ-2024-697362","Sonam Solanki","27","3rd","3rd","A","3rd - A","Ram Chandra Solanki","Urmila","Ram Chandra Solanki","9829904218","9829904218","9829904218","Plot 42, Civil Lines, Barmer","Female","2017-08-12","SC","Tagore",false,false,"",30000,12000,18000,18000,"Active"
"SR-2024-1359","ADM-5359","PEN-RJ-2024-495522","Nirmala Lohar","28","3rd","3rd","A","3rd - A","Uttamchand Lohar","Parvati Devi","Uttamchand Lohar","9460716317","9460716317","9460716317","Tilak Nagar, Barmer","Female","2017-09-12","SC","Shivaji",false,false,"",30000,30000,0,0,"Active"
"SR-2024-1360","ADM-5360","PEN-RJ-2024-819188","Jaswant Singhal","29","3rd","3rd","A","3rd - A","Jethmal Singhal","Santosh","Jethmal Singhal","9460506031","9460506031","9460506031","Laxmi Nagar, Street 3, Barmer","Male","2017-12-02","OBC","Ashoka",false,false,"",30000,30000,0,0,"Active"
"SR-2024-1361","ADM-5361","PEN-RJ-2024-799467","Laxman Shekhawat","30","3rd","3rd","A","3rd - A","Bhagwan Das Shekhawat","Mohan Kanwar","Bhagwan Das Shekhawat","9460817751","9460817751","9460817751","Laxmi Nagar, Street 3, Barmer","Male","2017-11-12","OBC","Shivaji",false,false,"",30000,15000,15000,15000,"Active"
"SR-2024-1362","ADM-5362","PEN-RJ-2024-178188","Aadhya Meena","31","3rd","3rd","A","3rd - A","Ramesh Chand Meena","Pushpa Devi","Ramesh Chand Meena","9829946743","9829946743","9829946743","Sadar Bazaar, Near Old Fort, Barmer","Female","2017-03-04","ST","Ashoka",false,false,"",30000,0,30000,30000,"Active"
"SR-2024-1363","ADM-5363","PEN-RJ-2024-156522","Advaith Choudhary","32","3rd","3rd","A","3rd - A","Bhagwan Das Choudhary","Pooja","Bhagwan Das Choudhary","9828880391","9828880391","9828880391","Khatan Kocha, Inside City, Barmer","Male","2017-01-16","SC","Shivaji",true,true,"Route 3 (Station Road - Sadar Bazaar)",42000,42000,0,0,"Active"
"SR-2024-1364","ADM-5364","PEN-RJ-2024-758346","Sapna Mittal","33","3rd","3rd","A","3rd - A","Prem Singh Mittal","Shanti Devi","Prem Singh Mittal","9460789561","9460789561","9460789561","Jasol Road, Balotra Highway, Barmer","Female","2017-11-11","OBC","Tagore",false,false,"",30000,18000,12000,12000,"Active"
"SR-2024-1365","ADM-5365","PEN-RJ-2024-987561","Prem Dadhich","34","3rd","3rd","A","3rd - A","Jethmal Dadhich","Anand Kanwar","Jethmal Dadhich","9829795953","9829795953","9829795953","Jasol Road, Balotra Highway, Barmer","Male","2017-07-19","SC","Ashoka",false,false,"",30000,30000,0,0,"Active"
"SR-2024-1366","ADM-5366","PEN-RJ-2024-221237","Kabir Chauhan","35","3rd","3rd","A","3rd - A","Shaitan Singh Chauhan","Sharda","Shaitan Singh Chauhan","8769187637","8769187637","8769187637","Nehru Nagar, Main Road, Barmer","Male","2017-04-11","ST","Shivaji",false,false,"",30000,30000,0,0,"Active"
"SR-2024-1367","ADM-5367","PEN-RJ-2024-696330","Manak Charan","36","3rd","3rd","A","3rd - A","Bhagwan Das Charan","Chandra Kanwar","Bhagwan Das Charan","9829337029","9829337029","9829337029","Baldev Nagar, Near Ratan Singh Circle, Barmer","Male","2017-08-20","ST","Shivaji",true,true,"Route 6 (Uttarlai Road - Airforce Area)",42000,0,42000,42000,"Active"
"SR-2024-1368","ADM-5368","PEN-RJ-2024-430857","Rahul Soni","37","3rd","3rd","A","3rd - A","Manak Chand Soni","Sunita","Manak Chand Soni","9829622635","9829622635","9829622635","Kalyanpura, Barmer","Male","2017-10-07","General","Ashoka",true,true,"Route 7 (Sindhari Road - Kalyanpura)",42000,42000,0,0,"Active"
"SR-2024-1369","ADM-5369","PEN-RJ-2024-656214","Omprakash Jangid","38","3rd","3rd","A","3rd - A","Surendra Jangid","Manju","Surendra Jangid","9414835543","9414835543","9414835543","Tilak Nagar, Barmer","Male","2017-07-02","OBC","Ashoka",false,false,"",30000,22500,7500,7500,"Active"
"SR-2024-1370","ADM-5370","PEN-RJ-2024-653306","Rohit Goyal","39","3rd","3rd","A","3rd - A","Nemichand Goyal","Sita Devi","Nemichand Goyal","9414643290","9414643290","9414643290","Plot 42, Civil Lines, Barmer","Male","2017-08-10","ST","Tagore",true,true,"Route 7 (Sindhari Road - Kalyanpura)",42000,21000,21000,21000,"Active"
"SR-2024-1371","ADM-5371","PEN-RJ-2024-591693","Kuldeep Mathur","40","3rd","3rd","A","3rd - A","Mohan Lal Mathur","Kanta Devi","Mohan Lal Mathur","9784803249","9784803249","9784803249","Rai Colony, Near Water Tank, Barmer","Male","2017-06-03","ST","Shivaji",true,true,"Route 6 (Uttarlai Road - Airforce Area)",42000,42000,0,0,"Active"
"SR-2024-1372","ADM-5372","PEN-RJ-2024-704039","Jagdish Panwar","01","3rd","3rd","B","3rd - B","Shaitan Singh Panwar","Sugan Kanwar","Shaitan Singh Panwar","9829367379","9829367379","9829367379","Sadar Bazaar, Near Old Fort, Barmer","Male","2017-05-23","General","Shivaji",false,false,"",30000,0,30000,30000,"Active"
"SR-2024-1373","ADM-5373","PEN-RJ-2024-502143","Karan Charan","02","3rd","3rd","B","3rd - B","Tarachand Charan","Mohan Kanwar","Tarachand Charan","8769806396","8769806396","8769806396","Uttarlai Road, Near KV School, Barmer","Male","2017-03-12","SC","Shivaji",false,false,"",30000,30000,0,0,"Active"
"SR-2024-1374","ADM-5374","PEN-RJ-2024-664189","Pranav Meghwal","03","3rd","3rd","B","3rd - B","Roopa Ram Meghwal","Rekha","Roopa Ram Meghwal","9784933311","9784933311","9784933311","Sindhari Road, Near Bus Stand, Barmer","Male","2017-01-22","General","Shivaji",true,true,"Route 5 (Chohtan Circle - Tilak Nagar)",42000,21000,21000,21000,"Active"
"SR-2024-1375","ADM-5375","PEN-RJ-2024-821673","Rahul Singhal","04","3rd","3rd","B","3rd - B","Manak Chand Singhal","Sugan Kanwar","Manak Chand Singhal","9828451872","9828451872","9828451872","Laxmi Nagar, Street 3, Barmer","Male","2017-09-12","SC","Raman",true,true,"Route 6 (Uttarlai Road - Airforce Area)",42000,42000,0,0,"Active"
"SR-2024-1376","ADM-5376","PEN-RJ-2024-228053","Suresh Sharma","05","3rd","3rd","B","3rd - B","Sawai Singh Sharma","Urmila","Sawai Singh Sharma","8769100014","8769100014","8769100014","Panch Batti Circle, Barmer","Male","2017-06-01","OBC","Tagore",true,true,"Route 4 (Mahaveer Nagar - Collectorate)",42000,31500,10500,10500,"Active"
"SR-2024-1377","ADM-5377","PEN-RJ-2024-267986","Advaith Garg","06","3rd","3rd","B","3rd - B","Teja Ram Garg","Parvati Devi","Teja Ram Garg","9784565381","9784565381","9784565381","Tilak Nagar, Barmer","Male","2017-06-11","General","Raman",true,true,"Route 7 (Sindhari Road - Kalyanpura)",42000,25000,17000,17000,"Active"
"SR-2024-1378","ADM-5378","PEN-RJ-2024-566358","Mamta Dadhich","07","3rd","3rd","B","3rd - B","Kalyan Singh Dadhich","Geeta Devi","Kalyan Singh Dadhich","9784724440","9784724440","9784724440","Sindhari Road, Near Bus Stand, Barmer","Female","2017-03-13","General","Raman",false,false,"",30000,0,30000,30000,"Active"
"SR-2024-1379","ADM-5379","PEN-RJ-2024-483888","Shyam Gehlot","08","3rd","3rd","B","3rd - B","Shaitan Singh Gehlot","Sharda","Shaitan Singh Gehlot","8769748448","8769748448","8769748448","Chohtan Circle, Highway Link, Barmer","Male","2017-05-13","ST","Shivaji",false,false,"",30000,15000,15000,15000,"Active"
"SR-2024-1380","ADM-5380","PEN-RJ-2024-752949","Jyoti Bhati","09","3rd","3rd","B","3rd - B","Narpat Singh Bhati","Savitri Devi","Narpat Singh Bhati","9829314795","9829314795","9829314795","Kalyanpura, Barmer","Female","2017-10-13","ST","Tagore",false,false,"",30000,30000,0,0,"Active"
"SR-2024-1381","ADM-5381","PEN-RJ-2024-479703","Urmila Goyal","10","3rd","3rd","B","3rd - B","Bhanwar Singh Goyal","Bhanwar Kanwar","Bhanwar Singh Goyal","9460187193","9460187193","9460187193","Rai Colony, Near Water Tank, Barmer","Female","2017-11-07","SC","Raman",false,false,"",30000,30000,0,0,"Active"
"SR-2024-1382","ADM-5382","PEN-RJ-2024-514574","Pari Purohit","11","3rd","3rd","B","3rd - B","Prem Singh Purohit","Geeta Devi","Prem Singh Purohit","9829330315","9829330315","9829330315","Nehru Nagar, Main Road, Barmer","Female","2017-12-09","OBC","Shivaji",false,false,"",30000,18000,12000,12000,"Active"
"SR-2024-1383","ADM-5383","PEN-RJ-2024-114518","Dhruv Mittal","12","3rd","3rd","B","3rd - B","Sawai Singh Mittal","Shanti Devi","Sawai Singh Mittal","9460660173","9460660173","9460660173","Station Road, Near Soni Dharmshala, Barmer","Male","2017-02-02","SC","Raman",false,false,"",30000,12000,18000,18000,"Active"
"SR-2024-1384","ADM-5384","PEN-RJ-2024-783226","Madhav Shekhawat","13","3rd","3rd","B","3rd - B","Teja Ram Shekhawat","Laxmi Devi","Teja Ram Shekhawat","9829477572","9829477572","9829477572","Sindhari Road, Near Bus Stand, Barmer","Male","2017-10-03","General","Raman",false,false,"",30000,30000,0,0,"Active"
"SR-2024-1385","ADM-5385","PEN-RJ-2024-109309","Sapna Chauhan","14","3rd","3rd","B","3rd - B","Rajesh Chauhan","Geeta Devi","Rajesh Chauhan","9828452955","9828452955","9828452955","Indira Colony, Lane 4, Barmer","Female","2017-09-02","ST","Shivaji",false,false,"",30000,0,30000,30000,"Active"
"SR-2024-1386","ADM-5386","PEN-RJ-2024-149128","Manish Raika","15","3rd","3rd","B","3rd - B","Parasmal Raika","Sugan Kanwar","Parasmal Raika","9460475023","9460475023","9460475023","Shastri Nagar, Sector 2, Barmer","Male","2017-02-25","General","Raman",false,false,"",30000,0,30000,30000,"Active"
"SR-2024-1387","ADM-5387","PEN-RJ-2024-233424","Arnav Rathore","16","3rd","3rd","B","3rd - B","Manak Chand Rathore","Sunita","Manak Chand Rathore","9414208044","9414208044","9414208044","Opp. Collectorate, Mahaveer Nagar, Barmer","Male","2017-01-04","General","Tagore",false,false,"",30000,18000,12000,12000,"Active"
"SR-2024-1388","ADM-5388","PEN-RJ-2024-286937","Nisha Dave","17","3rd","3rd","B","3rd - B","Roopa Ram Dave","Kanta Devi","Roopa Ram Dave","9784594621","9784594621","9784594621","Uttarlai Road, Near KV School, Barmer","Female","2017-09-14","OBC","Shivaji",false,false,"",30000,30000,0,0,"Active"
"SR-2024-1389","ADM-5389","PEN-RJ-2024-944925","Chhagan Solanki","18","3rd","3rd","B","3rd - B","Sumer Singh Solanki","Manju","Sumer Singh Solanki","9828965781","9828965781","9828965781","Uttarlai Road, Near KV School, Barmer","Male","2017-02-28","SC","Ashoka",false,false,"",30000,0,30000,30000,"Active"
"SR-2024-1390","ADM-5390","PEN-RJ-2024-251795","Sohan Kumhar","19","3rd","3rd","B","3rd - B","Vimalchand Kumhar","Geeta Devi","Vimalchand Kumhar","9784963061","9784963061","9784963061","Indira Colony, Lane 4, Barmer","Male","2017-11-27","General","Ashoka",false,false,"",30000,30000,0,0,"Active"
"SR-2024-1391","ADM-5391","PEN-RJ-2024-209369","Neha Bhati","20","3rd","3rd","B","3rd - B","Loonkaran Bhati","Laxmi Devi","Loonkaran Bhati","9829964128","9829964128","9829964128","Baldev Nagar, Near Ratan Singh Circle, Barmer","Female","2017-05-08","General","Tagore",true,true,"Route 8 (Rai Colony - Civil Lines)",42000,17000,25000,25000,"Active"
"SR-2024-1392","ADM-5392","PEN-RJ-2024-508271","Asha Gehlot","21","3rd","3rd","B","3rd - B","Mangi Lal Gehlot","Meenakshi","Mangi Lal Gehlot","9460310948","9460310948","9460310948","Opp. Collectorate, Mahaveer Nagar, Barmer","Female","2017-08-27","General","Ashoka",false,false,"",30000,30000,0,0,"Active"
"SR-2024-1393","ADM-5393","PEN-RJ-2024-649443","Sandeep Shekhawat","22","3rd","3rd","B","3rd - B","Sawai Singh Shekhawat","Kamla Devi","Sawai Singh Shekhawat","9460871582","9460871582","9460871582","Opp. Collectorate, Mahaveer Nagar, Barmer","Male","2017-07-18","OBC","Shivaji",false,false,"",30000,18000,12000,12000,"Active"
"SR-2024-1394","ADM-5394","PEN-RJ-2024-872122","Devendra Shekhawat","23","3rd","3rd","B","3rd - B","Bhawani Singh Shekhawat","Prem Kanwar","Bhawani Singh Shekhawat","9414598010","9414598010","9414598010","Khatan Kocha, Inside City, Barmer","Male","2017-08-20","SC","Ashoka",false,false,"",30000,30000,0,0,"Active"
"SR-2024-1395","ADM-5395","PEN-RJ-2024-348766","Dharampal Goyal","24","3rd","3rd","B","3rd - B","Uttamchand Goyal","Durga Devi","Uttamchand Goyal","9829308957","9829308957","9829308957","Baytu Link Road, Barmer","Male","2017-08-02","SC","Ashoka",false,false,"",30000,30000,0,0,"Active"
"SR-2024-1396","ADM-5396","PEN-RJ-2024-745733","Dungar Soni","25","3rd","3rd","B","3rd - B","Prem Singh Soni","Kanta Devi","Prem Singh Soni","9414694989","9414694989","9414694989","Station Road, Near Soni Dharmshala, Barmer","Male","2017-09-25","OBC","Ashoka",false,false,"",30000,30000,0,0,"Active"
"SR-2024-1397","ADM-5397","PEN-RJ-2024-312766","Ram Soni","26","3rd","3rd","B","3rd - B","Jethmal Soni","Manju","Jethmal Soni","8769458596","8769458596","8769458596","Shastri Nagar, Sector 2, Barmer","Male","2017-11-26","OBC","Tagore",false,false,"",30000,0,30000,30000,"Active"
"SR-2024-1398","ADM-5398","PEN-RJ-2024-160384","Kajal Gaur","27","3rd","3rd","B","3rd - B","Ram Chandra Gaur","Pushpa Devi","Ram Chandra Gaur","9784902037","9784902037","9784902037","Sindhari Road, Near Bus Stand, Barmer","Female","2017-03-21","General","Raman",false,false,"",30000,22500,7500,7500,"Active"
"SR-2024-1399","ADM-5399","PEN-RJ-2024-495823","Aarti Garg","28","3rd","3rd","B","3rd - B","Dungar Ram Garg","Sita Devi","Dungar Ram Garg","8769655325","8769655325","8769655325","Sindhari Road, Near Bus Stand, Barmer","Female","2017-08-15","General","Ashoka",true,true,"Route 1 (Baldev Nagar - Ratan Singh Circle)",42000,21000,21000,21000,"Active"
"SR-2024-1400","ADM-5400","PEN-RJ-2024-736318","Bhavna Singhal","29","3rd","3rd","B","3rd - B","Loonkaran Singhal","Anand Kanwar","Loonkaran Singhal","9784728165","9784728165","9784728165","Station Road, Near Soni Dharmshala, Barmer","Female","2017-02-16","General","Shivaji",true,true,"Route 8 (Rai Colony - Civil Lines)",42000,17000,25000,25000,"Active"
"SR-2024-1401","ADM-5401","PEN-RJ-2024-884305","Ritu Mittal","30","3rd","3rd","B","3rd - B","Narpat Singh Mittal","Shanti Devi","Narpat Singh Mittal","9829780878","9829780878","9829780878","Plot 42, Civil Lines, Barmer","Female","2017-05-24","ST","Tagore",true,true,"Route 1 (Baldev Nagar - Ratan Singh Circle)",42000,42000,0,0,"Active"
"SR-2024-1402","ADM-5402","PEN-RJ-2024-418136","Nikhil Charan","31","3rd","3rd","B","3rd - B","Pabu Ram Charan","Gulab Kanwar","Pabu Ram Charan","9414614231","9414614231","9414614231","Opp. Collectorate, Mahaveer Nagar, Barmer","Male","2017-07-16","General","Raman",true,true,"Route 3 (Station Road - Sadar Bazaar)",42000,42000,0,0,"Active"
"SR-2024-1403","ADM-5403","PEN-RJ-2024-868126","Paras Vyas","32","3rd","3rd","B","3rd - B","Rajesh Vyas","Gulab Kanwar","Rajesh Vyas","9828497934","9828497934","9828497934","Nehru Nagar, Main Road, Barmer","Male","2017-06-19","General","Ashoka",true,true,"Route 7 (Sindhari Road - Kalyanpura)",42000,42000,0,0,"Active"
"SR-2024-1404","ADM-5404","PEN-RJ-2024-859185","Jaipal Jangid","33","3rd","3rd","B","3rd - B","Roopa Ram Jangid","Mohan Kanwar","Roopa Ram Jangid","9460312824","9460312824","9460312824","Uttarlai Road, Near KV School, Barmer","Male","2017-04-18","ST","Shivaji",true,true,"Route 6 (Uttarlai Road - Airforce Area)",42000,0,42000,42000,"Active"
"SR-2024-1405","ADM-5405","PEN-RJ-2024-263145","Meena Rajput","34","3rd","3rd","B","3rd - B","Hanuman Ram Rajput","Anita","Hanuman Ram Rajput","9460104776","9460104776","9460104776","Plot 42, Civil Lines, Barmer","Female","2017-12-22","General","Tagore",false,false,"",30000,22500,7500,7500,"Active"
"SR-2024-1406","ADM-5406","PEN-RJ-2024-958635","Saroj Gaur","35","3rd","3rd","B","3rd - B","Jethmal Gaur","Rekha","Jethmal Gaur","9460933475","9460933475","9460933475","Laxmi Nagar, Street 3, Barmer","Female","2017-03-08","SC","Ashoka",true,true,"Route 6 (Uttarlai Road - Airforce Area)",42000,17000,25000,25000,"Active"
"SR-2024-1407","ADM-5407","PEN-RJ-2024-162859","Ashok Gupta","36","3rd","3rd","B","3rd - B","Ram Chandra Gupta","Anita","Ram Chandra Gupta","9828564106","9828564106","9828564106","Indira Colony, Lane 4, Barmer","Male","2017-05-04","ST","Tagore",false,false,"",30000,12000,18000,18000,"Active"
"SR-2024-1408","ADM-5408","PEN-RJ-2024-367136","Advaith Sharma","37","3rd","3rd","B","3rd - B","Bhawani Singh Sharma","Kanta Devi","Bhawani Singh Sharma","9460654675","9460654675","9460654675","Station Road, Near Soni Dharmshala, Barmer","Male","2017-04-14","General","Raman",true,true,"Route 5 (Chohtan Circle - Tilak Nagar)",42000,17000,25000,25000,"Active"
"SR-2024-1409","ADM-5409","PEN-RJ-2024-470942","Ramesh Dadhich","38","3rd","3rd","B","3rd - B","Manak Chand Dadhich","Manju","Manak Chand Dadhich","9828820335","9828820335","9828820335","Uttarlai Road, Near KV School, Barmer","Male","2017-08-07","OBC","Tagore",false,false,"",30000,22500,7500,7500,"Active"
"SR-2024-1410","ADM-5410","PEN-RJ-2024-808811","Gayatri Soni","39","3rd","3rd","B","3rd - B","Roopa Ram Soni","Rekha","Roopa Ram Soni","9414433828","9414433828","9414433828","Ramsar Road, Barmer","Female","2017-04-27","ST","Shivaji",false,false,"",30000,0,30000,30000,"Active"
"SR-2024-1411","ADM-5411","PEN-RJ-2024-656236","Ira Choudhary","40","3rd","3rd","B","3rd - B","Ram Chandra Choudhary","Prem Kanwar","Ram Chandra Choudhary","8769691277","8769691277","8769691277","Plot 42, Civil Lines, Barmer","Female","2017-06-01","OBC","Shivaji",false,false,"",30000,0,30000,30000,"Active"
"SR-2024-1412","ADM-5412","PEN-RJ-2024-351989","Muhammad Panwar","01","4th","4th","A","4th - A","Surendra Panwar","Rekha","Surendra Panwar","8769491868","8769491868","8769491868","Baldev Nagar, Near Ratan Singh Circle, Barmer","Male","2016-05-26","General","Raman",true,true,"Route 1 (Baldev Nagar - Ratan Singh Circle)",42000,42000,0,0,"Active"
"SR-2024-1413","ADM-5413","PEN-RJ-2024-532530","Nikhil Chauhan","02","4th","4th","A","4th - A","Teja Ram Chauhan","Rekha","Teja Ram Chauhan","9828819916","9828819916","9828819916","Tilak Nagar, Barmer","Male","2016-04-15","SC","Raman",false,false,"",30000,18000,12000,12000,"Active"
"SR-2024-1414","ADM-5414","PEN-RJ-2024-507500","Ahana Rajput","03","4th","4th","A","4th - A","Dinesh Rajput","Sita Devi","Dinesh Rajput","8769426799","8769426799","8769426799","Baytu Link Road, Barmer","Female","2016-09-13","OBC","Shivaji",false,false,"",30000,30000,0,0,"Active"
"SR-2024-1415","ADM-5415","PEN-RJ-2024-370657","Kunal Raika","04","4th","4th","A","4th - A","Jagdish Prasad Raika","Urmila","Jagdish Prasad Raika","8769375679","8769375679","8769375679","Sindhari Road, Near Bus Stand, Barmer","Male","2016-10-25","General","Ashoka",false,false,"",30000,15000,15000,15000,"Active"
"SR-2024-1416","ADM-5416","PEN-RJ-2024-687930","Rohit Charan","05","4th","4th","A","4th - A","Chhagan Lal Charan","Durga Devi","Chhagan Lal Charan","9828876960","9828876960","9828876960","Baldev Nagar, Near Ratan Singh Circle, Barmer","Male","2016-08-20","General","Shivaji",true,true,"Route 5 (Chohtan Circle - Tilak Nagar)",42000,17000,25000,25000,"Active"
"SR-2024-1417","ADM-5417","PEN-RJ-2024-355159","Manvendra Gaur","06","4th","4th","A","4th - A","Shaitan Singh Gaur","Durga Devi","Shaitan Singh Gaur","9828652421","9828652421","9828652421","Plot 42, Civil Lines, Barmer","Male","2016-07-11","OBC","Raman",true,true,"Route 6 (Uttarlai Road - Airforce Area)",42000,17000,25000,25000,"Active"
"SR-2024-1418","ADM-5418","PEN-RJ-2024-490608","Deepika Maheshwari","07","4th","4th","A","4th - A","Mohan Lal Maheshwari","Parvati Devi","Mohan Lal Maheshwari","9414825764","9414825764","9414825764","Sadar Bazaar, Near Old Fort, Barmer","Female","2016-06-27","ST","Tagore",false,false,"",30000,30000,0,0,"Active"
"SR-2024-1419","ADM-5419","PEN-RJ-2024-897160","Sheetal Gehlot","08","4th","4th","A","4th - A","Surendra Gehlot","Chandra Kanwar","Surendra Gehlot","8769128339","8769128339","8769128339","Nehru Nagar, Main Road, Barmer","Female","2016-09-15","General","Ashoka",false,false,"",30000,12000,18000,18000,"Active"
"SR-2024-1420","ADM-5420","PEN-RJ-2024-100218","Rakesh Bishnoi","09","4th","4th","A","4th - A","Nemichand Bishnoi","Kamla Devi","Nemichand Bishnoi","9829558434","9829558434","9829558434","Panch Batti Circle, Barmer","Male","2016-03-24","OBC","Tagore",true,true,"Route 2 (Indira Colony - Shastri Nagar)",42000,0,42000,42000,"Active"
"SR-2024-1421","ADM-5421","PEN-RJ-2024-989847","Asha Rathore","10","4th","4th","A","4th - A","Hanuman Ram Rathore","Nirmala","Hanuman Ram Rathore","8769429010","8769429010","8769429010","Sindhari Road, Near Bus Stand, Barmer","Female","2016-11-09","ST","Tagore",false,false,"",30000,30000,0,0,"Active"
"SR-2024-1422","ADM-5422","PEN-RJ-2024-210235","Priya Bansal","11","4th","4th","A","4th - A","Rikhabdas Bansal","Gulab Kanwar","Rikhabdas Bansal","8769108719","8769108719","8769108719","Nehru Nagar, Main Road, Barmer","Female","2016-03-18","ST","Tagore",false,false,"",30000,30000,0,0,"Active"
"SR-2024-1423","ADM-5423","PEN-RJ-2024-232474","Ishan Jain","12","4th","4th","A","4th - A","Narpat Singh Jain","Geeta Devi","Narpat Singh Jain","9829449467","9829449467","9829449467","Khatan Kocha, Inside City, Barmer","Male","2016-05-19","ST","Tagore",true,true,"Route 5 (Chohtan Circle - Tilak Nagar)",42000,21000,21000,21000,"Active"
"SR-2024-1424","ADM-5424","PEN-RJ-2024-946805","Shaurya Vyas","13","4th","4th","A","4th - A","Loonkaran Vyas","Meenakshi","Loonkaran Vyas","8769772306","8769772306","8769772306","Indira Colony, Lane 4, Barmer","Male","2016-11-23","OBC","Shivaji",false,false,"",30000,15000,15000,15000,"Active"
"SR-2024-1425","ADM-5425","PEN-RJ-2024-927148","Shaurya Raika","14","4th","4th","A","4th - A","Dinesh Raika","Santosh","Dinesh Raika","9460726371","9460726371","9460726371","Station Road, Near Soni Dharmshala, Barmer","Male","2016-04-10","General","Tagore",true,true,"Route 7 (Sindhari Road - Kalyanpura)",42000,0,42000,42000,"Active"
"SR-2024-1426","ADM-5426","PEN-RJ-2024-893231","Ansh Sharma","15","4th","4th","A","4th - A","Nemichand Sharma","Kamla Devi","Nemichand Sharma","9829939558","9829939558","9829939558","Uttarlai Road, Near KV School, Barmer","Male","2016-02-23","OBC","Tagore",true,true,"Route 6 (Uttarlai Road - Airforce Area)",42000,21000,21000,21000,"Active"
"SR-2024-1427","ADM-5427","PEN-RJ-2024-188648","Arjun Agarwal","16","4th","4th","A","4th - A","Mangi Lal Agarwal","Laxmi Devi","Mangi Lal Agarwal","9460195623","9460195623","9460195623","Khatan Kocha, Inside City, Barmer","Male","2016-09-02","SC","Ashoka",true,true,"Route 2 (Indira Colony - Shastri Nagar)",42000,0,42000,42000,"Active"
"SR-2024-1428","ADM-5428","PEN-RJ-2024-811696","Ajay Gaur","17","4th","4th","A","4th - A","Parasmal Gaur","Sharda","Parasmal Gaur","9828490061","9828490061","9828490061","Ramsar Road, Barmer","Male","2016-02-05","SC","Ashoka",false,false,"",30000,30000,0,0,"Active"
"SR-2024-1429","ADM-5429","PEN-RJ-2024-350041","Vikram Gupta","18","4th","4th","A","4th - A","Nemichand Gupta","Sugan Kanwar","Nemichand Gupta","9828828972","9828828972","9828828972","Baldev Nagar, Near Ratan Singh Circle, Barmer","Male","2016-07-14","General","Raman",false,false,"",30000,30000,0,0,"Active"
"SR-2024-1430","ADM-5430","PEN-RJ-2024-358271","Kavya Lohar","19","4th","4th","A","4th - A","Sawai Singh Lohar","Nirmala","Sawai Singh Lohar","9414862270","9414862270","9414862270","Sindhari Road, Near Bus Stand, Barmer","Female","2016-09-17","General","Tagore",true,true,"Route 1 (Baldev Nagar - Ratan Singh Circle)",42000,25000,17000,17000,"Active"
"SR-2024-1431","ADM-5431","PEN-RJ-2024-638327","Seema Meghwal","20","4th","4th","A","4th - A","Kalyan Singh Meghwal","Bhanwar Kanwar","Kalyan Singh Meghwal","9784917451","9784917451","9784917451","Sadar Bazaar, Near Old Fort, Barmer","Female","2016-11-19","ST","Shivaji",true,true,"Route 2 (Indira Colony - Shastri Nagar)",42000,31500,10500,10500,"Active"
"SR-2024-1432","ADM-5432","PEN-RJ-2024-909188","Jethmal Parihar","21","4th","4th","A","4th - A","Roopa Ram Parihar","Nirmala","Roopa Ram Parihar","9829609981","9829609981","9829609981","Panch Batti Circle, Barmer","Male","2016-06-27","OBC","Raman",false,false,"",30000,18000,12000,12000,"Active"
"SR-2024-1433","ADM-5433","PEN-RJ-2024-401585","Dharampal Gupta","22","4th","4th","A","4th - A","Ram Chandra Gupta","Sugan Kanwar","Ram Chandra Gupta","9828177025","9828177025","9828177025","Nehru Nagar, Main Road, Barmer","Male","2016-11-23","OBC","Shivaji",false,false,"",30000,30000,0,0,"Active"
"SR-2024-1434","ADM-5434","PEN-RJ-2024-698067","Laxman Garg","23","4th","4th","A","4th - A","Ram Chandra Garg","Sugan Kanwar","Ram Chandra Garg","9829799163","9829799163","9829799163","Panch Batti Circle, Barmer","Male","2016-02-08","General","Ashoka",false,false,"",30000,12000,18000,18000,"Active"
"SR-2024-1435","ADM-5435","PEN-RJ-2024-915032","Vihaan Kumhar","24","4th","4th","A","4th - A","Gopal Kumhar","Laxmi Devi","Gopal Kumhar","9829913371","9829913371","9829913371","Nehru Nagar, Main Road, Barmer","Male","2016-04-03","General","Raman",false,false,"",30000,0,30000,30000,"Active"
"SR-2024-1436","ADM-5436","PEN-RJ-2024-566061","Bhawani Dewasi","25","4th","4th","A","4th - A","Dinesh Dewasi","Geeta Devi","Dinesh Dewasi","9784791227","9784791227","9784791227","Plot 42, Civil Lines, Barmer","Male","2016-11-08","General","Raman",true,true,"Route 1 (Baldev Nagar - Ratan Singh Circle)",42000,42000,0,0,"Active"
"SR-2024-1437","ADM-5437","PEN-RJ-2024-982823","Ahana Meena","26","4th","4th","A","4th - A","Rajesh Meena","Pushpa Devi","Rajesh Meena","9460901348","9460901348","9460901348","Shastri Nagar, Sector 2, Barmer","Female","2016-08-04","OBC","Shivaji",false,false,"",30000,30000,0,0,"Active"
"SR-2024-1438","ADM-5438","PEN-RJ-2024-279227","Hanuman Bhati","27","4th","4th","A","4th - A","Rajesh Bhati","Nirmala","Rajesh Bhati","9460141304","9460141304","9460141304","Nehru Nagar, Main Road, Barmer","Male","2016-09-04","ST","Ashoka",true,true,"Route 3 (Station Road - Sadar Bazaar)",42000,0,42000,42000,"Active"
"SR-2024-1439","ADM-5439","PEN-RJ-2024-544304","Lokendra Rajput","28","4th","4th","A","4th - A","Rikhabdas Rajput","Durga Devi","Rikhabdas Rajput","9460757266","9460757266","9460757266","Rai Colony, Near Water Tank, Barmer","Male","2016-03-08","SC","Tagore",true,true,"Route 6 (Uttarlai Road - Airforce Area)",42000,31500,10500,10500,"Active"
"SR-2024-1440","ADM-5440","PEN-RJ-2024-194041","Santosh Maheshwari","29","4th","4th","A","4th - A","Bhagwan Das Maheshwari","Savitri Devi","Bhagwan Das Maheshwari","9784372138","9784372138","9784372138","Panch Batti Circle, Barmer","Female","2016-09-16","ST","Tagore",false,false,"",30000,12000,18000,18000,"Active"
"SR-2024-1441","ADM-5441","PEN-RJ-2024-925011","Deepak Meena","30","4th","4th","A","4th - A","Rajesh Meena","Sushila","Rajesh Meena","9828770494","9828770494","9828770494","Jasol Road, Balotra Highway, Barmer","Male","2016-02-24","ST","Raman",false,false,"",30000,30000,0,0,"Active"
"SR-2024-1442","ADM-5442","PEN-RJ-2024-579841","Angel Shekhawat","31","4th","4th","A","4th - A","Roopa Ram Shekhawat","Kanta Devi","Roopa Ram Shekhawat","9828540065","9828540065","9828540065","Panch Batti Circle, Barmer","Female","2016-03-20","General","Raman",true,true,"Route 5 (Chohtan Circle - Tilak Nagar)",42000,31500,10500,10500,"Active"
"SR-2024-1443","ADM-5443","PEN-RJ-2024-409899","Alka Gehlot","32","4th","4th","A","4th - A","Manak Chand Gehlot","Sayar Kanwar","Manak Chand Gehlot","9829252354","9829252354","9829252354","Laxmi Nagar, Street 3, Barmer","Female","2016-11-20","SC","Ashoka",false,false,"",30000,30000,0,0,"Active"
"SR-2024-1444","ADM-5444","PEN-RJ-2024-118984","Advaith Charan","33","4th","4th","A","4th - A","Vimalchand Charan","Pushpa Devi","Vimalchand Charan","9829948140","9829948140","9829948140","Sadar Bazaar, Near Old Fort, Barmer","Male","2016-05-12","ST","Shivaji",false,false,"",30000,22500,7500,7500,"Active"
"SR-2024-1445","ADM-5445","PEN-RJ-2024-938697","Manvendra Bansal","34","4th","4th","A","4th - A","Dungar Ram Bansal","Geeta Devi","Dungar Ram Bansal","9828397584","9828397584","9828397584","Panch Batti Circle, Barmer","Male","2016-08-23","SC","Raman",false,false,"",30000,0,30000,30000,"Active"
"SR-2024-1446","ADM-5446","PEN-RJ-2024-550290","Gayatri Shekhawat","35","4th","4th","A","4th - A","Jethmal Shekhawat","Rukmani Devi","Jethmal Shekhawat","9828826582","9828826582","9828826582","Kalyanpura, Barmer","Female","2016-02-26","OBC","Ashoka",true,true,"Route 6 (Uttarlai Road - Airforce Area)",42000,31500,10500,10500,"Active"
"SR-2024-1447","ADM-5447","PEN-RJ-2024-537259","Pooja Bhati","36","4th","4th","A","4th - A","Ram Chandra Bhati","Shanti Devi","Ram Chandra Bhati","9460303581","9460303581","9460303581","Jasol Road, Balotra Highway, Barmer","Female","2016-09-19","SC","Raman",false,false,"",30000,18000,12000,12000,"Active"
"SR-2024-1448","ADM-5448","PEN-RJ-2024-700055","Reyansh Mathur","37","4th","4th","A","4th - A","Manak Chand Mathur","Gulab Kanwar","Manak Chand Mathur","8769573158","8769573158","8769573158","Rai Colony, Near Water Tank, Barmer","Male","2016-11-09","General","Ashoka",true,true,"Route 1 (Baldev Nagar - Ratan Singh Circle)",42000,42000,0,0,"Active"
"SR-2024-1449","ADM-5449","PEN-RJ-2024-546084","Saroj Mittal","38","4th","4th","A","4th - A","Khimraj Mittal","Savitri Devi","Khimraj Mittal","9414286701","9414286701","9414286701","Ramsar Road, Barmer","Female","2016-05-15","SC","Shivaji",true,true,"Route 6 (Uttarlai Road - Airforce Area)",42000,31500,10500,10500,"Active"
"SR-2024-1450","ADM-5450","PEN-RJ-2024-489266","Omprakash Vyas","39","4th","4th","A","4th - A","Hanuman Ram Vyas","Prem Kanwar","Hanuman Ram Vyas","8769642899","8769642899","8769642899","Shastri Nagar, Sector 2, Barmer","Male","2016-01-09","General","Tagore",true,true,"Route 1 (Baldev Nagar - Ratan Singh Circle)",42000,25000,17000,17000,"Active"
"SR-2024-1451","ADM-5451","PEN-RJ-2024-860385","Tarun Jain","40","4th","4th","A","4th - A","Parasmal Jain","Pushpa Devi","Parasmal Jain","9828837254","9828837254","9828837254","Baldev Nagar, Near Ratan Singh Circle, Barmer","Male","2016-08-09","OBC","Raman",true,true,"Route 7 (Sindhari Road - Kalyanpura)",42000,0,42000,42000,"Active"
"SR-2024-1452","ADM-5452","PEN-RJ-2024-762464","Pihu Gupta","41","4th","4th","A","4th - A","Vimalchand Gupta","Santosh","Vimalchand Gupta","9784715826","9784715826","9784715826","Baytu Link Road, Barmer","Female","2016-03-08","ST","Ashoka",true,true,"Route 4 (Mahaveer Nagar - Collectorate)",42000,0,42000,42000,"Active"
"SR-2024-1453","ADM-5453","PEN-RJ-2024-241689","Sita Joshi","42","4th","4th","A","4th - A","Shaitan Singh Joshi","Kamla Devi","Shaitan Singh Joshi","8769867801","8769867801","8769867801","Khatan Kocha, Inside City, Barmer","Female","2016-07-18","OBC","Tagore",true,true,"Route 5 (Chohtan Circle - Tilak Nagar)",42000,0,42000,42000,"Active"
"SR-2024-1454","ADM-5454","PEN-RJ-2024-478644","Rachna Dadhich","01","4th","4th","B","4th - B","Suresh Dadhich","Sushila","Suresh Dadhich","9414876719","9414876719","9414876719","Laxmi Nagar, Street 3, Barmer","Female","2016-03-24","General","Shivaji",false,false,"",30000,30000,0,0,"Active"
"SR-2024-1455","ADM-5455","PEN-RJ-2024-396213","Kajal Mittal","02","4th","4th","B","4th - B","Dinesh Mittal","Sunita","Dinesh Mittal","9829483667","9829483667","9829483667","Panch Batti Circle, Barmer","Female","2016-05-03","OBC","Ashoka",false,false,"",30000,30000,0,0,"Active"
"SR-2024-1456","ADM-5456","PEN-RJ-2024-408748","Kiran Agarwal","03","4th","4th","B","4th - B","Mahendra Agarwal","Laxmi Devi","Mahendra Agarwal","9414598726","9414598726","9414598726","Nehru Nagar, Main Road, Barmer","Female","2016-09-06","SC","Ashoka",false,false,"",30000,18000,12000,12000,"Active"
"SR-2024-1457","ADM-5457","PEN-RJ-2024-244223","Ansh Chauhan","04","4th","4th","B","4th - B","Hanuman Ram Chauhan","Rekha","Hanuman Ram Chauhan","9829108132","9829108132","9829108132","Opp. Collectorate, Mahaveer Nagar, Barmer","Male","2016-05-28","SC","Shivaji",false,false,"",30000,12000,18000,18000,"Active"
"SR-2024-1458","ADM-5458","PEN-RJ-2024-166487","Tanu Trivedi","05","4th","4th","B","4th - B","Kalyan Singh Trivedi","Manju","Kalyan Singh Trivedi","9784151899","9784151899","9784151899","Kalyanpura, Barmer","Female","2016-07-07","OBC","Tagore",false,false,"",30000,30000,0,0,"Active"
"SR-2024-1459","ADM-5459","PEN-RJ-2024-238231","Payal Maheshwari","06","4th","4th","B","4th - B","Bhawani Singh Maheshwari","Nirmala","Bhawani Singh Maheshwari","9784219250","9784219250","9784219250","Chohtan Circle, Highway Link, Barmer","Female","2016-02-03","OBC","Ashoka",true,true,"Route 8 (Rai Colony - Civil Lines)",42000,25000,17000,17000,"Active"
"SR-2024-1460","ADM-5460","PEN-RJ-2024-205305","Ishan Joshi","07","4th","4th","B","4th - B","Bhagwan Das Joshi","Nirmala","Bhagwan Das Joshi","9784204102","9784204102","9784204102","Ramsar Road, Barmer","Male","2016-10-04","SC","Raman",false,false,"",30000,0,30000,30000,"Active"
"SR-2024-1461","ADM-5461","PEN-RJ-2024-461234","Ishan Bishnoi","08","4th","4th","B","4th - B","Jabbar Singh Bishnoi","Kanta Devi","Jabbar Singh Bishnoi","9828305543","9828305543","9828305543","Indira Colony, Lane 4, Barmer","Male","2016-10-03","SC","Shivaji",false,false,"",30000,30000,0,0,"Active"
"SR-2024-1462","ADM-5462","PEN-RJ-2024-901059","Manish Lohar","09","4th","4th","B","4th - B","Mohan Lal Lohar","Kanta Devi","Mohan Lal Lohar","9829466038","9829466038","9829466038","Kalyanpura, Barmer","Male","2016-08-26","OBC","Shivaji",false,false,"",30000,12000,18000,18000,"Active"
"SR-2024-1463","ADM-5463","PEN-RJ-2024-403838","Anita Lohar","10","4th","4th","B","4th - B","Surendra Lohar","Rekha","Surendra Lohar","9829948715","9829948715","9829948715","Rai Colony, Near Water Tank, Barmer","Female","2016-12-05","General","Tagore",true,true,"Route 7 (Sindhari Road - Kalyanpura)",42000,0,42000,42000,"Active"
"SR-2024-1464","ADM-5464","PEN-RJ-2024-457396","Bharat Meena","11","4th","4th","B","4th - B","Parasmal Meena","Gulab Kanwar","Parasmal Meena","9784865401","9784865401","9784865401","Nehru Nagar, Main Road, Barmer","Male","2016-07-20","SC","Ashoka",false,false,"",30000,22500,7500,7500,"Active"
"SR-2024-1465","ADM-5465","PEN-RJ-2024-220255","Renu Sharma","12","4th","4th","B","4th - B","Ram Chandra Sharma","Durga Devi","Ram Chandra Sharma","9784506656","9784506656","9784506656","Sadar Bazaar, Near Old Fort, Barmer","Female","2016-08-16","OBC","Tagore",false,false,"",30000,30000,0,0,"Active"
"SR-2024-1466","ADM-5466","PEN-RJ-2024-776860","Ahana Solanki","13","4th","4th","B","4th - B","Ashok Solanki","Sugan Kanwar","Ashok Solanki","9414626256","9414626256","9414626256","Jasol Road, Balotra Highway, Barmer","Female","2016-07-23","General","Raman",false,false,"",30000,30000,0,0,"Active"
"SR-2024-1467","ADM-5467","PEN-RJ-2024-690639","Sonal Trivedi","14","4th","4th","B","4th - B","Prem Singh Trivedi","Durga Devi","Prem Singh Trivedi","9829448190","9829448190","9829448190","Station Road, Near Soni Dharmshala, Barmer","Female","2016-07-21","General","Tagore",true,true,"Route 3 (Station Road - Sadar Bazaar)",42000,17000,25000,25000,"Active"
"SR-2024-1468","ADM-5468","PEN-RJ-2024-776743","Aadhya Gaur","15","4th","4th","B","4th - B","Shaitan Singh Gaur","Gulab Kanwar","Shaitan Singh Gaur","9784999543","9784999543","9784999543","Station Road, Near Soni Dharmshala, Barmer","Female","2016-12-23","ST","Ashoka",false,false,"",30000,30000,0,0,"Active"
"SR-2024-1469","ADM-5469","PEN-RJ-2024-578612","Bhawani Purohit","16","4th","4th","B","4th - B","Loonkaran Purohit","Mohan Kanwar","Loonkaran Purohit","9828775701","9828775701","9828775701","Chohtan Circle, Highway Link, Barmer","Male","2016-04-07","General","Ashoka",true,true,"Route 7 (Sindhari Road - Kalyanpura)",42000,0,42000,42000,"Active"
"SR-2024-1470","ADM-5470","PEN-RJ-2024-976516","Bhavna Suthar","17","4th","4th","B","4th - B","Manak Chand Suthar","Sugan Kanwar","Manak Chand Suthar","9784798249","9784798249","9784798249","Kalyanpura, Barmer","Female","2016-08-28","General","Raman",true,true,"Route 1 (Baldev Nagar - Ratan Singh Circle)",42000,0,42000,42000,"Active"
"SR-2024-1471","ADM-5471","PEN-RJ-2024-781831","Dharampal Kumhar","18","4th","4th","B","4th - B","Jagdish Prasad Kumhar","Sushila","Jagdish Prasad Kumhar","9414430559","9414430559","9414430559","Khatan Kocha, Inside City, Barmer","Male","2016-07-09","ST","Tagore",false,false,"",30000,30000,0,0,"Active"
"SR-2024-1472","ADM-5472","PEN-RJ-2024-359885","Lokendra Panwar","19","4th","4th","B","4th - B","Vimalchand Panwar","Pooja","Vimalchand Panwar","9829592568","9829592568","9829592568","Station Road, Near Soni Dharmshala, Barmer","Male","2016-06-18","General","Ashoka",false,false,"",30000,30000,0,0,"Active"
"SR-2024-1473","ADM-5473","PEN-RJ-2024-922605","Kavya Verma","20","4th","4th","B","4th - B","Dinesh Verma","Meenakshi","Dinesh Verma","9828372042","9828372042","9828372042","Chohtan Circle, Highway Link, Barmer","Female","2016-09-14","General","Raman",false,false,"",30000,22500,7500,7500,"Active"
"SR-2024-1474","ADM-5474","PEN-RJ-2024-330383","Suresh Goyal","21","4th","4th","B","4th - B","Tarachand Goyal","Sunita","Tarachand Goyal","9829271046","9829271046","9829271046","Plot 42, Civil Lines, Barmer","Male","2016-03-28","General","Shivaji",true,true,"Route 3 (Station Road - Sadar Bazaar)",42000,25000,17000,17000,"Active"
"SR-2024-1475","ADM-5475","PEN-RJ-2024-319212","Usha Meghwal","22","4th","4th","B","4th - B","Roopa Ram Meghwal","Durga Devi","Roopa Ram Meghwal","9460822597","9460822597","9460822597","Baytu Link Road, Barmer","Female","2016-12-20","ST","Raman",false,false,"",30000,30000,0,0,"Active"
"SR-2024-1476","ADM-5476","PEN-RJ-2024-232593","Paras Verma","23","4th","4th","B","4th - B","Khimraj Verma","Meenakshi","Khimraj Verma","9414224821","9414224821","9414224821","Rai Colony, Near Water Tank, Barmer","Male","2016-01-09","General","Ashoka",true,true,"Route 8 (Rai Colony - Civil Lines)",42000,0,42000,42000,"Active"
"SR-2024-1477","ADM-5477","PEN-RJ-2024-721893","Hanuman Bhati","24","4th","4th","B","4th - B","Jabbar Singh Bhati","Laxmi Devi","Jabbar Singh Bhati","9829670146","9829670146","9829670146","Ramsar Road, Barmer","Male","2016-06-15","ST","Raman",false,false,"",30000,30000,0,0,"Active"
"SR-2024-1478","ADM-5478","PEN-RJ-2024-367839","Ananya Vyas","25","4th","4th","B","4th - B","Parasmal Vyas","Kamla Devi","Parasmal Vyas","9414412955","9414412955","9414412955","Plot 42, Civil Lines, Barmer","Female","2016-04-08","General","Tagore",false,false,"",30000,0,30000,30000,"Active"
"SR-2024-1479","ADM-5479","PEN-RJ-2024-732125","Sumer Bansal","26","4th","4th","B","4th - B","Kailash Bansal","Pooja","Kailash Bansal","9829458996","9829458996","9829458996","Baldev Nagar, Near Ratan Singh Circle, Barmer","Male","2016-04-14","SC","Ashoka",false,false,"",30000,30000,0,0,"Active"
"SR-2024-1480","ADM-5480","PEN-RJ-2024-953711","Dhruv Joshi","27","4th","4th","B","4th - B","Gopal Joshi","Rekha","Gopal Joshi","8769902209","8769902209","8769902209","Kalyanpura, Barmer","Male","2016-09-14","General","Shivaji",true,true,"Route 1 (Baldev Nagar - Ratan Singh Circle)",42000,42000,0,0,"Active"
"SR-2024-1481","ADM-5481","PEN-RJ-2024-348741","Saanvi Gupta","28","4th","4th","B","4th - B","Vimalchand Gupta","Sugan Kanwar","Vimalchand Gupta","9414630709","9414630709","9414630709","Nehru Nagar, Main Road, Barmer","Female","2016-02-24","SC","Raman",false,false,"",30000,30000,0,0,"Active"
"SR-2024-1482","ADM-5482","PEN-RJ-2024-336216","Bhanwar Maheshwari","29","4th","4th","B","4th - B","Ram Chandra Maheshwari","Santosh","Ram Chandra Maheshwari","9829836207","9829836207","9829836207","Plot 42, Civil Lines, Barmer","Male","2016-05-08","OBC","Tagore",false,false,"",30000,30000,0,0,"Active"
"SR-2024-1483","ADM-5483","PEN-RJ-2024-649382","Ahana Maheshwari","30","4th","4th","B","4th - B","Nemichand Maheshwari","Prem Kanwar","Nemichand Maheshwari","9414598676","9414598676","9414598676","Baytu Link Road, Barmer","Female","2016-06-19","General","Raman",false,false,"",30000,22500,7500,7500,"Active"
"SR-2024-1484","ADM-5484","PEN-RJ-2024-695486","Pawan Dave","31","4th","4th","B","4th - B","Rajesh Dave","Bhanwar Kanwar","Rajesh Dave","9829402137","9829402137","9829402137","Chohtan Circle, Highway Link, Barmer","Male","2016-02-23","OBC","Shivaji",true,true,"Route 2 (Indira Colony - Shastri Nagar)",42000,21000,21000,21000,"Active"
"SR-2024-1485","ADM-5485","PEN-RJ-2024-924859","Asha Mathur","32","4th","4th","B","4th - B","Jagdish Prasad Mathur","Rukmani Devi","Jagdish Prasad Mathur","9829373641","9829373641","9829373641","Nehru Nagar, Main Road, Barmer","Female","2016-02-19","SC","Tagore",false,false,"",30000,0,30000,30000,"Active"
"SR-2024-1486","ADM-5486","PEN-RJ-2024-114438","Naresh Meena","33","4th","4th","B","4th - B","Sumer Singh Meena","Chandra Kanwar","Sumer Singh Meena","9829141858","9829141858","9829141858","Jasol Road, Balotra Highway, Barmer","Male","2016-11-09","OBC","Shivaji",true,true,"Route 5 (Chohtan Circle - Tilak Nagar)",42000,25000,17000,17000,"Active"
"SR-2024-1487","ADM-5487","PEN-RJ-2024-560993","Jethmal Charan","34","4th","4th","B","4th - B","Bhawani Singh Charan","Santosh","Bhawani Singh Charan","9460732172","9460732172","9460732172","Jasol Road, Balotra Highway, Barmer","Male","2016-11-15","OBC","Raman",false,false,"",30000,0,30000,30000,"Active"
"SR-2024-1488","ADM-5488","PEN-RJ-2024-518279","Jyoti Gehlot","35","4th","4th","B","4th - B","Gopal Gehlot","Pooja","Gopal Gehlot","9414145161","9414145161","9414145161","Nehru Nagar, Main Road, Barmer","Female","2016-09-12","General","Ashoka",false,false,"",30000,15000,15000,15000,"Active"
"SR-2024-1489","ADM-5489","PEN-RJ-2024-171757","Rakesh Shekhawat","36","4th","4th","B","4th - B","Bhawani Singh Shekhawat","Rekha","Bhawani Singh Shekhawat","9784189953","9784189953","9784189953","Tilak Nagar, Barmer","Male","2016-01-04","SC","Tagore",false,false,"",30000,0,30000,30000,"Active"
"SR-2024-1490","ADM-5490","PEN-RJ-2024-826827","Jyotsna Jain","37","4th","4th","B","4th - B","Suresh Jain","Geeta Devi","Suresh Jain","9784750750","9784750750","9784750750","Rai Colony, Near Water Tank, Barmer","Female","2016-08-03","OBC","Shivaji",false,false,"",30000,0,30000,30000,"Active"
"SR-2024-1491","ADM-5491","PEN-RJ-2024-451819","Anaya Solanki","38","4th","4th","B","4th - B","Mangi Lal Solanki","Rekha","Mangi Lal Solanki","9784166270","9784166270","9784166270","Sindhari Road, Near Bus Stand, Barmer","Female","2016-02-26","OBC","Ashoka",false,false,"",30000,0,30000,30000,"Active"
"SR-2024-1492","ADM-5492","PEN-RJ-2024-427886","Shyam Trivedi","39","4th","4th","B","4th - B","Narpat Singh Trivedi","Sushila","Narpat Singh Trivedi","9460921478","9460921478","9460921478","Station Road, Near Soni Dharmshala, Barmer","Male","2016-09-25","ST","Ashoka",true,true,"Route 8 (Rai Colony - Civil Lines)",42000,21000,21000,21000,"Active"
"SR-2024-1493","ADM-5493","PEN-RJ-2024-898990","Meena Verma","40","4th","4th","B","4th - B","Vimalchand Verma","Pushpa Devi","Vimalchand Verma","9784958899","9784958899","9784958899","Plot 42, Civil Lines, Barmer","Female","2016-10-25","OBC","Shivaji",true,true,"Route 7 (Sindhari Road - Kalyanpura)",42000,21000,21000,21000,"Active"
"SR-2024-1494","ADM-5494","PEN-RJ-2024-561841","Deepak Jain","41","4th","4th","B","4th - B","Jethmal Jain","Meenakshi","Jethmal Jain","8769533238","8769533238","8769533238","Sadar Bazaar, Near Old Fort, Barmer","Male","2016-05-22","OBC","Ashoka",true,true,"Route 5 (Chohtan Circle - Tilak Nagar)",42000,42000,0,0,"Active"
"SR-2024-1495","ADM-5495","PEN-RJ-2024-767191","Gajendra Trivedi","42","4th","4th","B","4th - B","Dungar Ram Trivedi","Gulab Kanwar","Dungar Ram Trivedi","9784388527","9784388527","9784388527","Nehru Nagar, Main Road, Barmer","Male","2016-04-14","OBC","Tagore",false,false,"",30000,18000,12000,12000,"Active"
"SR-2024-1496","ADM-5496","PEN-RJ-2024-996670","Manju Raika","01","5th","5th","A","5th - A","Jabbar Singh Raika","Durga Devi","Jabbar Singh Raika","9460308429","9460308429","9460308429","Indira Colony, Lane 4, Barmer","Female","2015-07-12","SC","Ashoka",false,false,"",30000,30000,0,0,"Active"
"SR-2024-1497","ADM-5497","PEN-RJ-2024-610695","Jagdish Agarwal","02","5th","5th","A","5th - A","Parasmal Agarwal","Meenakshi","Parasmal Agarwal","9460322556","9460322556","9460322556","Uttarlai Road, Near KV School, Barmer","Male","2015-01-26","ST","Ashoka",true,true,"Route 2 (Indira Colony - Shastri Nagar)",42000,25000,17000,17000,"Active"
"SR-2024-1498","ADM-5498","PEN-RJ-2024-782278","Ananya Bansal","03","5th","5th","A","5th - A","Loonkaran Bansal","Nirmala","Loonkaran Bansal","9460167910","9460167910","9460167910","Sindhari Road, Near Bus Stand, Barmer","Female","2015-03-04","ST","Shivaji",false,false,"",30000,12000,18000,18000,"Active"
"SR-2024-1499","ADM-5499","PEN-RJ-2024-448403","Dev Jain","04","5th","5th","A","5th - A","Gopal Jain","Mohan Kanwar","Gopal Jain","9829463816","9829463816","9829463816","Nehru Nagar, Main Road, Barmer","Male","2015-08-04","General","Tagore",false,false,"",30000,30000,0,0,"Active"
"SR-2024-1500","ADM-5500","PEN-RJ-2024-111991","Varsha Shekhawat","05","5th","5th","A","5th - A","Kalyan Singh Shekhawat","Rekha","Kalyan Singh Shekhawat","9784204390","9784204390","9784204390","Sadar Bazaar, Near Old Fort, Barmer","Female","2015-03-20","General","Tagore",false,false,"",30000,12000,18000,18000,"Active"
"SR-2024-1501","ADM-5501","PEN-RJ-2024-144529","Shyam Mittal","06","5th","5th","A","5th - A","Khimraj Mittal","Bhanwar Kanwar","Khimraj Mittal","9784474712","9784474712","9784474712","Plot 42, Civil Lines, Barmer","Male","2015-02-13","SC","Tagore",true,true,"Route 3 (Station Road - Sadar Bazaar)",42000,42000,0,0,"Active"
"SR-2024-1502","ADM-5502","PEN-RJ-2024-275015","Kailash Gupta","07","5th","5th","A","5th - A","Pabu Ram Gupta","Pushpa Devi","Pabu Ram Gupta","9414424621","9414424621","9414424621","Shastri Nagar, Sector 2, Barmer","Male","2015-07-20","OBC","Ashoka",true,true,"Route 8 (Rai Colony - Civil Lines)",42000,42000,0,0,"Active"
"SR-2024-1503","ADM-5503","PEN-RJ-2024-750189","Aadhya Solanki","08","5th","5th","A","5th - A","Nemichand Solanki","Parvati Devi","Nemichand Solanki","8769706445","8769706445","8769706445","Laxmi Nagar, Street 3, Barmer","Female","2015-01-05","SC","Tagore",true,true,"Route 3 (Station Road - Sadar Bazaar)",42000,42000,0,0,"Active"
"SR-2024-1504","ADM-5504","PEN-RJ-2024-298825","Sushila Goyal","09","5th","5th","A","5th - A","Chhagan Lal Goyal","Geeta Devi","Chhagan Lal Goyal","9460329076","9460329076","9460329076","Laxmi Nagar, Street 3, Barmer","Female","2015-06-26","OBC","Shivaji",true,true,"Route 3 (Station Road - Sadar Bazaar)",42000,21000,21000,21000,"Active"
"SR-2024-1505","ADM-5505","PEN-RJ-2024-872105","Khushi Joshi","10","5th","5th","A","5th - A","Dungar Ram Joshi","Mohan Kanwar","Dungar Ram Joshi","9460702457","9460702457","9460702457","Nehru Nagar, Main Road, Barmer","Female","2015-10-06","SC","Tagore",true,true,"Route 2 (Indira Colony - Shastri Nagar)",42000,17000,25000,25000,"Active"
"SR-2024-1506","ADM-5506","PEN-RJ-2024-113552","Kailash Gaur","11","5th","5th","A","5th - A","Nemichand Gaur","Santosh","Nemichand Gaur","8769748097","8769748097","8769748097","Nehru Nagar, Main Road, Barmer","Male","2015-12-04","OBC","Raman",true,true,"Route 7 (Sindhari Road - Kalyanpura)",42000,0,42000,42000,"Active"
"SR-2024-1507","ADM-5507","PEN-RJ-2024-999550","Devendra Mathur","12","5th","5th","A","5th - A","Suresh Mathur","Rekha","Suresh Mathur","9460898266","9460898266","9460898266","Ramsar Road, Barmer","Male","2015-08-23","OBC","Ashoka",false,false,"",30000,30000,0,0,"Active"
"SR-2024-1508","ADM-5508","PEN-RJ-2024-964121","Devendra Gaur","13","5th","5th","A","5th - A","Uttamchand Gaur","Kanta Devi","Uttamchand Gaur","9460689057","9460689057","9460689057","Sadar Bazaar, Near Old Fort, Barmer","Male","2015-08-25","General","Tagore",true,true,"Route 8 (Rai Colony - Civil Lines)",42000,31500,10500,10500,"Active"
"SR-2024-1509","ADM-5509","PEN-RJ-2024-620131","Prisha Charan","14","5th","5th","A","5th - A","Surendra Charan","Savitri Devi","Surendra Charan","9829808064","9829808064","9829808064","Kalyanpura, Barmer","Female","2015-02-27","General","Shivaji",false,false,"",30000,15000,15000,15000,"Active"
"SR-2024-1510","ADM-5510","PEN-RJ-2024-150046","Kabir Gaur","15","5th","5th","A","5th - A","Rikhabdas Gaur","Kamla Devi","Rikhabdas Gaur","9460420226","9460420226","9460420226","Tilak Nagar, Barmer","Male","2015-07-22","OBC","Tagore",false,false,"",30000,18000,12000,12000,"Active"
"SR-2024-1511","ADM-5511","PEN-RJ-2024-210798","Pradeep Bhati","16","5th","5th","A","5th - A","Ram Chandra Bhati","Chandra Kanwar","Ram Chandra Bhati","9829246327","9829246327","9829246327","Rai Colony, Near Water Tank, Barmer","Male","2015-03-26","SC","Tagore",true,true,"Route 1 (Baldev Nagar - Ratan Singh Circle)",42000,0,42000,42000,"Active"
"SR-2024-1512","ADM-5512","PEN-RJ-2024-589144","Manish Rathore","17","5th","5th","A","5th - A","Bhagwan Das Rathore","Anita","Bhagwan Das Rathore","8769178199","8769178199","8769178199","Uttarlai Road, Near KV School, Barmer","Male","2015-09-01","SC","Shivaji",false,false,"",30000,18000,12000,12000,"Active"
"SR-2024-1513","ADM-5513","PEN-RJ-2024-875556","Aman Jangid","18","5th","5th","A","5th - A","Kalyan Singh Jangid","Sugan Kanwar","Kalyan Singh Jangid","8769309292","8769309292","8769309292","Shastri Nagar, Sector 2, Barmer","Male","2015-10-11","ST","Shivaji",false,false,"",30000,30000,0,0,"Active"
"SR-2024-1514","ADM-5514","PEN-RJ-2024-786830","Pawan Purohit","19","5th","5th","A","5th - A","Mohan Lal Purohit","Mohan Kanwar","Mohan Lal Purohit","9829893068","9829893068","9829893068","Opp. Collectorate, Mahaveer Nagar, Barmer","Male","2015-08-07","OBC","Ashoka",false,false,"",30000,30000,0,0,"Active"
"SR-2024-1515","ADM-5515","PEN-RJ-2024-195666","Gopal Charan","20","5th","5th","A","5th - A","Bhagwan Das Charan","Sugan Kanwar","Bhagwan Das Charan","9460577674","9460577674","9460577674","Sadar Bazaar, Near Old Fort, Barmer","Male","2015-03-02","OBC","Shivaji",false,false,"",30000,18000,12000,12000,"Active"
"SR-2024-1516","ADM-5516","PEN-RJ-2024-257077","Swati Trivedi","21","5th","5th","A","5th - A","Roopa Ram Trivedi","Pooja","Roopa Ram Trivedi","9784806779","9784806779","9784806779","Shastri Nagar, Sector 2, Barmer","Female","2015-05-27","OBC","Raman",true,true,"Route 6 (Uttarlai Road - Airforce Area)",42000,0,42000,42000,"Active"
"SR-2024-1517","ADM-5517","PEN-RJ-2024-160137","Aditya Raika","22","5th","5th","A","5th - A","Mahendra Raika","Nirmala","Mahendra Raika","9829217595","9829217595","9829217595","Laxmi Nagar, Street 3, Barmer","Male","2015-06-12","ST","Tagore",false,false,"",30000,30000,0,0,"Active"
"SR-2024-1518","ADM-5518","PEN-RJ-2024-372781","Divya Panwar","23","5th","5th","A","5th - A","Loonkaran Panwar","Sugan Kanwar","Loonkaran Panwar","9829489578","9829489578","9829489578","Laxmi Nagar, Street 3, Barmer","Female","2015-10-15","OBC","Raman",false,false,"",30000,0,30000,30000,"Active"
"SR-2024-1519","ADM-5519","PEN-RJ-2024-688556","Bhagwan Gehlot","24","5th","5th","A","5th - A","Ramesh Chand Gehlot","Shanti Devi","Ramesh Chand Gehlot","9414209594","9414209594","9414209594","Baytu Link Road, Barmer","Male","2015-09-02","SC","Tagore",true,true,"Route 5 (Chohtan Circle - Tilak Nagar)",42000,0,42000,42000,"Active"
"SR-2024-1520","ADM-5520","PEN-RJ-2024-429205","Satyapal Meghwal","25","5th","5th","A","5th - A","Jagdish Prasad Meghwal","Sharda","Jagdish Prasad Meghwal","9414469867","9414469867","9414469867","Jasol Road, Balotra Highway, Barmer","Male","2015-11-11","SC","Ashoka",false,false,"",30000,15000,15000,15000,"Active"
"SR-2024-1521","ADM-5521","PEN-RJ-2024-956310","Riya Shekhawat","26","5th","5th","A","5th - A","Dungar Ram Shekhawat","Bhanwar Kanwar","Dungar Ram Shekhawat","9829294640","9829294640","9829294640","Baldev Nagar, Near Ratan Singh Circle, Barmer","Female","2015-05-21","ST","Ashoka",false,false,"",30000,18000,12000,12000,"Active"
"SR-2024-1522","ADM-5522","PEN-RJ-2024-694924","Jagdish Jangid","27","5th","5th","A","5th - A","Ramesh Chand Jangid","Bhanwar Kanwar","Ramesh Chand Jangid","8769217297","8769217297","8769217297","Ramsar Road, Barmer","Male","2015-09-26","OBC","Tagore",true,true,"Route 1 (Baldev Nagar - Ratan Singh Circle)",42000,42000,0,0,"Active"
"SR-2024-1523","ADM-5523","PEN-RJ-2024-718057","Atharv Shekhawat","28","5th","5th","A","5th - A","Rikhabdas Shekhawat","Sharda","Rikhabdas Shekhawat","9784761975","9784761975","9784761975","Sindhari Road, Near Bus Stand, Barmer","Male","2015-05-20","SC","Tagore",false,false,"",30000,0,30000,30000,"Active"
"SR-2024-1524","ADM-5524","PEN-RJ-2024-466604","Pushpendra Agarwal","29","5th","5th","A","5th - A","Dinesh Agarwal","Kamla Devi","Dinesh Agarwal","8769264644","8769264644","8769264644","Opp. Collectorate, Mahaveer Nagar, Barmer","Male","2015-10-15","General","Tagore",false,false,"",30000,15000,15000,15000,"Active"
"SR-2024-1525","ADM-5525","PEN-RJ-2024-130089","Ratan Mittal","30","5th","5th","A","5th - A","Rikhabdas Mittal","Durga Devi","Rikhabdas Mittal","9829779842","9829779842","9829779842","Jasol Road, Balotra Highway, Barmer","Male","2015-10-03","General","Shivaji",false,false,"",30000,30000,0,0,"Active"
"SR-2024-1526","ADM-5526","PEN-RJ-2024-389818","Vikram Trivedi","31","5th","5th","A","5th - A","Vimalchand Trivedi","Savitri Devi","Vimalchand Trivedi","9414759624","9414759624","9414759624","Laxmi Nagar, Street 3, Barmer","Male","2015-09-28","OBC","Tagore",false,false,"",30000,15000,15000,15000,"Active"
"SR-2024-1527","ADM-5527","PEN-RJ-2024-982578","Prisha Suthar","32","5th","5th","A","5th - A","Ram Chandra Suthar","Meenakshi","Ram Chandra Suthar","9784654626","9784654626","9784654626","Baldev Nagar, Near Ratan Singh Circle, Barmer","Female","2015-06-25","General","Shivaji",false,false,"",30000,0,30000,30000,"Active"
"SR-2024-1528","ADM-5528","PEN-RJ-2024-291913","Santosh Mittal","33","5th","5th","A","5th - A","Surendra Mittal","Sharda","Surendra Mittal","9828793685","9828793685","9828793685","Rai Colony, Near Water Tank, Barmer","Female","2015-08-05","OBC","Ashoka",false,false,"",30000,22500,7500,7500,"Active"
"SR-2024-1529","ADM-5529","PEN-RJ-2024-658871","Anita Raika","34","5th","5th","A","5th - A","Nemichand Raika","Anand Kanwar","Nemichand Raika","8769768537","8769768537","8769768537","Rai Colony, Near Water Tank, Barmer","Female","2015-10-22","ST","Tagore",false,false,"",30000,30000,0,0,"Active"
"SR-2024-1530","ADM-5530","PEN-RJ-2024-658350","Komal Gaur","35","5th","5th","A","5th - A","Jabbar Singh Gaur","Mohan Kanwar","Jabbar Singh Gaur","9460351962","9460351962","9460351962","Tilak Nagar, Barmer","Female","2015-06-10","ST","Ashoka",false,false,"",30000,12000,18000,18000,"Active"
"SR-2024-1531","ADM-5531","PEN-RJ-2024-137018","Amar Shekhawat","36","5th","5th","A","5th - A","Mahendra Shekhawat","Kamla Devi","Mahendra Shekhawat","9829427507","9829427507","9829427507","Panch Batti Circle, Barmer","Male","2015-04-17","OBC","Ashoka",false,false,"",30000,30000,0,0,"Active"
"SR-2024-1532","ADM-5532","PEN-RJ-2024-844832","Nirmala Joshi","37","5th","5th","A","5th - A","Vimalchand Joshi","Sunita","Vimalchand Joshi","9414764668","9414764668","9414764668","Plot 42, Civil Lines, Barmer","Female","2015-07-06","OBC","Shivaji",false,false,"",30000,30000,0,0,"Active"
"SR-2024-1533","ADM-5533","PEN-RJ-2024-743195","Dev Mittal","38","5th","5th","A","5th - A","Prem Singh Mittal","Meenakshi","Prem Singh Mittal","9414800604","9414800604","9414800604","Baytu Link Road, Barmer","Male","2015-11-07","OBC","Tagore",true,true,"Route 1 (Baldev Nagar - Ratan Singh Circle)",42000,21000,21000,21000,"Active"
"SR-2024-1534","ADM-5534","PEN-RJ-2024-750593","Chhavi Singhal","39","5th","5th","A","5th - A","Jethmal Singhal","Sayar Kanwar","Jethmal Singhal","9460998794","9460998794","9460998794","Sindhari Road, Near Bus Stand, Barmer","Female","2015-07-28","OBC","Tagore",false,false,"",30000,18000,12000,12000,"Active"
"SR-2024-1535","ADM-5535","PEN-RJ-2024-639861","Meena Rajput","40","5th","5th","A","5th - A","Surendra Rajput","Kamla Devi","Surendra Rajput","9414426996","9414426996","9414426996","Khatan Kocha, Inside City, Barmer","Female","2015-04-14","ST","Ashoka",false,false,"",30000,30000,0,0,"Active"
"SR-2024-1536","ADM-5536","PEN-RJ-2024-313884","Laxmi Vyas","41","5th","5th","A","5th - A","Dinesh Vyas","Parvati Devi","Dinesh Vyas","9414122843","9414122843","9414122843","Uttarlai Road, Near KV School, Barmer","Female","2015-02-23","ST","Shivaji",true,true,"Route 1 (Baldev Nagar - Ratan Singh Circle)",42000,25000,17000,17000,"Active"
"SR-2024-1537","ADM-5537","PEN-RJ-2024-846461","Karan Soni","42","5th","5th","A","5th - A","Gopal Soni","Shanti Devi","Gopal Soni","9784529171","9784529171","9784529171","Laxmi Nagar, Street 3, Barmer","Male","2015-04-03","ST","Shivaji",true,true,"Route 2 (Indira Colony - Shastri Nagar)",42000,42000,0,0,"Active"
"SR-2024-1538","ADM-5538","PEN-RJ-2024-900985","Ritu Panwar","43","5th","5th","A","5th - A","Tarachand Panwar","Parvati Devi","Tarachand Panwar","9414450335","9414450335","9414450335","Station Road, Near Soni Dharmshala, Barmer","Female","2015-12-18","OBC","Shivaji",false,false,"",30000,30000,0,0,"Active"
"SR-2024-1539","ADM-5539","PEN-RJ-2024-580736","Shravan Choudhary","44","5th","5th","A","5th - A","Jethmal Choudhary","Rekha","Jethmal Choudhary","9829935645","9829935645","9829935645","Shastri Nagar, Sector 2, Barmer","Male","2015-02-17","ST","Shivaji",false,false,"",30000,18000,12000,12000,"Active"
"SR-2024-1540","ADM-5540","PEN-RJ-2024-776541","Shreya Chauhan","45","5th","5th","A","5th - A","Vimalchand Chauhan","Santosh","Vimalchand Chauhan","9829287971","9829287971","9829287971","Shastri Nagar, Sector 2, Barmer","Female","2015-07-26","ST","Shivaji",false,false,"",30000,12000,18000,18000,"Active"
"SR-2024-1541","ADM-5541","PEN-RJ-2024-771287","Jagdish Gehlot","01","5th","5th","B","5th - B","Pabu Ram Gehlot","Parvati Devi","Pabu Ram Gehlot","9414866801","9414866801","9414866801","Ramsar Road, Barmer","Male","2015-04-15","ST","Shivaji",false,false,"",30000,18000,12000,12000,"Active"
"SR-2024-1542","ADM-5542","PEN-RJ-2024-796507","Hardeep Charan","02","5th","5th","B","5th - B","Narpat Singh Charan","Sharda","Narpat Singh Charan","9460149496","9460149496","9460149496","Chohtan Circle, Highway Link, Barmer","Male","2015-10-12","OBC","Raman",false,false,"",30000,18000,12000,12000,"Active"
"SR-2024-1543","ADM-5543","PEN-RJ-2024-250688","Pushpa Dewasi","03","5th","5th","B","5th - B","Uttamchand Dewasi","Manju","Uttamchand Dewasi","8769889937","8769889937","8769889937","Sindhari Road, Near Bus Stand, Barmer","Female","2015-05-23","General","Ashoka",false,false,"",30000,30000,0,0,"Active"
"SR-2024-1544","ADM-5544","PEN-RJ-2024-676441","Jaswant Vyas","04","5th","5th","B","5th - B","Parasmal Vyas","Pushpa Devi","Parasmal Vyas","9829442106","9829442106","9829442106","Station Road, Near Soni Dharmshala, Barmer","Male","2015-03-03","ST","Shivaji",false,false,"",30000,0,30000,30000,"Active"
"SR-2024-1545","ADM-5545","PEN-RJ-2024-419391","Chhagan Kumhar","05","5th","5th","B","5th - B","Vimalchand Kumhar","Laxmi Devi","Vimalchand Kumhar","9784455832","9784455832","9784455832","Station Road, Near Soni Dharmshala, Barmer","Male","2015-03-08","SC","Tagore",false,false,"",30000,18000,12000,12000,"Active"
"SR-2024-1546","ADM-5546","PEN-RJ-2024-279014","Pushpa Rajput","06","5th","5th","B","5th - B","Tarachand Rajput","Kamla Devi","Tarachand Rajput","9460196474","9460196474","9460196474","Opp. Collectorate, Mahaveer Nagar, Barmer","Female","2015-08-12","SC","Ashoka",false,false,"",30000,15000,15000,15000,"Active"
"SR-2024-1547","ADM-5547","PEN-RJ-2024-436205","Sunil Soni","07","5th","5th","B","5th - B","Sohan Lal Soni","Gulab Kanwar","Sohan Lal Soni","9414221359","9414221359","9414221359","Sindhari Road, Near Bus Stand, Barmer","Male","2015-09-11","ST","Shivaji",false,false,"",30000,18000,12000,12000,"Active"
"SR-2024-1548","ADM-5548","PEN-RJ-2024-168067","Alka Bhati","08","5th","5th","B","5th - B","Suresh Bhati","Manju","Suresh Bhati","8769497541","8769497541","8769497541","Indira Colony, Lane 4, Barmer","Female","2015-05-13","ST","Raman",true,true,"Route 5 (Chohtan Circle - Tilak Nagar)",42000,42000,0,0,"Active"
"SR-2024-1549","ADM-5549","PEN-RJ-2024-880309","Jagdish Jangid","09","5th","5th","B","5th - B","Nemichand Jangid","Bhanwar Kanwar","Nemichand Jangid","9414768163","9414768163","9414768163","Kalyanpura, Barmer","Male","2015-07-06","ST","Shivaji",false,false,"",30000,0,30000,30000,"Active"
"SR-2024-1550","ADM-5550","PEN-RJ-2024-950537","Muhammad Rajput","10","5th","5th","B","5th - B","Kalyan Singh Rajput","Santosh","Kalyan Singh Rajput","9460906471","9460906471","9460906471","Baytu Link Road, Barmer","Male","2015-11-27","ST","Raman",true,true,"Route 3 (Station Road - Sadar Bazaar)",42000,25000,17000,17000,"Active"
"SR-2024-1551","ADM-5551","PEN-RJ-2024-643393","Deepak Sharma","11","5th","5th","B","5th - B","Ram Chandra Sharma","Prem Kanwar","Ram Chandra Sharma","9784735334","9784735334","9784735334","Sindhari Road, Near Bus Stand, Barmer","Male","2015-01-11","General","Raman",false,false,"",30000,12000,18000,18000,"Active"
"SR-2024-1552","ADM-5552","PEN-RJ-2024-163583","Narpat Joshi","12","5th","5th","B","5th - B","Chhagan Lal Joshi","Anita","Chhagan Lal Joshi","9784919336","9784919336","9784919336","Panch Batti Circle, Barmer","Male","2015-11-08","ST","Raman",false,false,"",30000,30000,0,0,"Active"
"SR-2024-1553","ADM-5553","PEN-RJ-2024-204569","Dinesh Maheshwari","13","5th","5th","B","5th - B","Kailash Maheshwari","Bhanwar Kanwar","Kailash Maheshwari","9828503937","9828503937","9828503937","Station Road, Near Soni Dharmshala, Barmer","Male","2015-02-27","OBC","Shivaji",false,false,"",30000,15000,15000,15000,"Active"
"SR-2024-1554","ADM-5554","PEN-RJ-2024-890072","Payal Dewasi","14","5th","5th","B","5th - B","Kalyan Singh Dewasi","Mohan Kanwar","Kalyan Singh Dewasi","9414877383","9414877383","9414877383","Baytu Link Road, Barmer","Female","2015-09-06","General","Shivaji",false,false,"",30000,30000,0,0,"Active"
"SR-2024-1555","ADM-5555","PEN-RJ-2024-137330","Jyoti Panwar","15","5th","5th","B","5th - B","Rikhabdas Panwar","Anand Kanwar","Rikhabdas Panwar","9829677573","9829677573","9829677573","Plot 42, Civil Lines, Barmer","Female","2015-04-21","OBC","Raman",true,true,"Route 1 (Baldev Nagar - Ratan Singh Circle)",42000,25000,17000,17000,"Active"
"SR-2024-1556","ADM-5556","PEN-RJ-2024-778414","Deepika Dave","16","5th","5th","B","5th - B","Hanuman Ram Dave","Pushpa Devi","Hanuman Ram Dave","9784730527","9784730527","9784730527","Sindhari Road, Near Bus Stand, Barmer","Female","2015-10-22","OBC","Tagore",false,false,"",30000,30000,0,0,"Active"
"SR-2024-1557","ADM-5557","PEN-RJ-2024-171928","Bharti Panwar","17","5th","5th","B","5th - B","Mohan Lal Panwar","Durga Devi","Mohan Lal Panwar","9414679365","9414679365","9414679365","Shastri Nagar, Sector 2, Barmer","Female","2015-01-21","SC","Shivaji",false,false,"",30000,30000,0,0,"Active"
"SR-2024-1558","ADM-5558","PEN-RJ-2024-569419","Khushi Bishnoi","18","5th","5th","B","5th - B","Rikhabdas Bishnoi","Anita","Rikhabdas Bishnoi","9414244250","9414244250","9414244250","Ramsar Road, Barmer","Female","2015-07-28","ST","Shivaji",false,false,"",30000,0,30000,30000,"Active"
"SR-2024-1559","ADM-5559","PEN-RJ-2024-286146","Amar Mathur","19","5th","5th","B","5th - B","Mahendra Mathur","Parvati Devi","Mahendra Mathur","9828893505","9828893505","9828893505","Baldev Nagar, Near Ratan Singh Circle, Barmer","Male","2015-10-23","SC","Raman",false,false,"",30000,30000,0,0,"Active"
"SR-2024-1560","ADM-5560","PEN-RJ-2024-984003","Dungar Gupta","20","5th","5th","B","5th - B","Sohan Lal Gupta","Geeta Devi","Sohan Lal Gupta","9784878160","9784878160","9784878160","Ramsar Road, Barmer","Male","2015-05-28","ST","Ashoka",false,false,"",30000,0,30000,30000,"Active"
"SR-2024-1561","ADM-5561","PEN-RJ-2024-193772","Deepak Gupta","21","5th","5th","B","5th - B","Jabbar Singh Gupta","Sayar Kanwar","Jabbar Singh Gupta","9784675638","9784675638","9784675638","Indira Colony, Lane 4, Barmer","Male","2015-12-11","General","Raman",false,false,"",30000,30000,0,0,"Active"
"SR-2024-1562","ADM-5562","PEN-RJ-2024-164677","Laxmi Singhal","22","5th","5th","B","5th - B","Jabbar Singh Singhal","Laxmi Devi","Jabbar Singh Singhal","9828180347","9828180347","9828180347","Laxmi Nagar, Street 3, Barmer","Female","2015-04-11","SC","Raman",true,true,"Route 8 (Rai Colony - Civil Lines)",42000,0,42000,42000,"Active"
"SR-2024-1563","ADM-5563","PEN-RJ-2024-311774","Kamlesh Verma","23","5th","5th","B","5th - B","Jabbar Singh Verma","Laxmi Devi","Jabbar Singh Verma","9460198015","9460198015","9460198015","Plot 42, Civil Lines, Barmer","Male","2015-07-13","ST","Ashoka",true,true,"Route 8 (Rai Colony - Civil Lines)",42000,31500,10500,10500,"Active"
"SR-2024-1564","ADM-5564","PEN-RJ-2024-728088","Riya Parihar","24","5th","5th","B","5th - B","Vimalchand Parihar","Prem Kanwar","Vimalchand Parihar","9828503303","9828503303","9828503303","Shastri Nagar, Sector 2, Barmer","Female","2015-12-08","ST","Raman",true,true,"Route 1 (Baldev Nagar - Ratan Singh Circle)",42000,42000,0,0,"Active"
"SR-2024-1565","ADM-5565","PEN-RJ-2024-224044","Bhanwar Rajput","25","5th","5th","B","5th - B","Hanuman Ram Rajput","Urmila","Hanuman Ram Rajput","9829440787","9829440787","9829440787","Baytu Link Road, Barmer","Male","2015-12-09","OBC","Raman",false,false,"",30000,18000,12000,12000,"Active"
"SR-2024-1566","ADM-5566","PEN-RJ-2024-553971","Meena Meena","26","5th","5th","B","5th - B","Ashok Meena","Anand Kanwar","Ashok Meena","9784700072","9784700072","9784700072","Station Road, Near Soni Dharmshala, Barmer","Female","2015-11-24","SC","Tagore",false,false,"",30000,30000,0,0,"Active"
"SR-2024-1567","ADM-5567","PEN-RJ-2024-463479","Bhanwar Panwar","27","5th","5th","B","5th - B","Narpat Singh Panwar","Urmila","Narpat Singh Panwar","9414230655","9414230655","9414230655","Rai Colony, Near Water Tank, Barmer","Male","2015-03-22","SC","Tagore",true,true,"Route 5 (Chohtan Circle - Tilak Nagar)",42000,42000,0,0,"Active"
"SR-2024-1568","ADM-5568","PEN-RJ-2024-965334","Sawai Trivedi","28","5th","5th","B","5th - B","Mangi Lal Trivedi","Meenakshi","Mangi Lal Trivedi","9460242632","9460242632","9460242632","Nehru Nagar, Main Road, Barmer","Male","2015-11-10","SC","Raman",false,false,"",30000,15000,15000,15000,"Active"
"SR-2024-1569","ADM-5569","PEN-RJ-2024-312553","Vivaan Dadhich","29","5th","5th","B","5th - B","Roopa Ram Dadhich","Shanti Devi","Roopa Ram Dadhich","9460265519","9460265519","9460265519","Chohtan Circle, Highway Link, Barmer","Male","2015-11-24","General","Tagore",false,false,"",30000,15000,15000,15000,"Active"
"SR-2024-1570","ADM-5570","PEN-RJ-2024-530634","Ratan Soni","30","5th","5th","B","5th - B","Rikhabdas Soni","Prem Kanwar","Rikhabdas Soni","9829378873","9829378873","9829378873","Ramsar Road, Barmer","Male","2015-08-10","SC","Tagore",false,false,"",30000,12000,18000,18000,"Active"
"SR-2024-1571","ADM-5571","PEN-RJ-2024-894881","Gayatri Maheshwari","31","5th","5th","B","5th - B","Surendra Maheshwari","Urmila","Surendra Maheshwari","8769178164","8769178164","8769178164","Chohtan Circle, Highway Link, Barmer","Female","2015-10-22","General","Ashoka",false,false,"",30000,15000,15000,15000,"Active"
"SR-2024-1572","ADM-5572","PEN-RJ-2024-466324","Anvi Garg","32","5th","5th","B","5th - B","Tarachand Garg","Durga Devi","Tarachand Garg","9784826070","9784826070","9784826070","Ramsar Road, Barmer","Female","2015-04-03","ST","Shivaji",false,false,"",30000,15000,15000,15000,"Active"
"SR-2024-1573","ADM-5573","PEN-RJ-2024-625184","Atharv Bishnoi","33","5th","5th","B","5th - B","Teja Ram Bishnoi","Pushpa Devi","Teja Ram Bishnoi","9829979522","9829979522","9829979522","Nehru Nagar, Main Road, Barmer","Male","2015-01-25","ST","Tagore",false,false,"",30000,0,30000,30000,"Active"
"SR-2024-1574","ADM-5574","PEN-RJ-2024-868561","Aditya Garg","34","5th","5th","B","5th - B","Pabu Ram Garg","Durga Devi","Pabu Ram Garg","9829539497","9829539497","9829539497","Jasol Road, Balotra Highway, Barmer","Male","2015-03-22","SC","Raman",true,true,"Route 2 (Indira Colony - Shastri Nagar)",42000,42000,0,0,"Active"
"SR-2024-1575","ADM-5575","PEN-RJ-2024-238156","Shravan Gaur","35","5th","5th","B","5th - B","Rikhabdas Gaur","Gulab Kanwar","Rikhabdas Gaur","8769984535","8769984535","8769984535","Jasol Road, Balotra Highway, Barmer","Male","2015-08-15","ST","Ashoka",true,true,"Route 1 (Baldev Nagar - Ratan Singh Circle)",42000,42000,0,0,"Active"
"SR-2024-1576","ADM-5576","PEN-RJ-2024-236007","Kiran Vyas","36","5th","5th","B","5th - B","Jabbar Singh Vyas","Sugan Kanwar","Jabbar Singh Vyas","9784711105","9784711105","9784711105","Baldev Nagar, Near Ratan Singh Circle, Barmer","Female","2015-11-22","OBC","Tagore",false,false,"",30000,30000,0,0,"Active"
"SR-2024-1577","ADM-5577","PEN-RJ-2024-519251","Avni Solanki","37","5th","5th","B","5th - B","Tarachand Solanki","Shanti Devi","Tarachand Solanki","9828944463","9828944463","9828944463","Panch Batti Circle, Barmer","Female","2015-08-01","ST","Ashoka",true,true,"Route 4 (Mahaveer Nagar - Collectorate)",42000,21000,21000,21000,"Active"
"SR-2024-1578","ADM-5578","PEN-RJ-2024-641892","Mamta Raika","38","5th","5th","B","5th - B","Dungar Ram Raika","Laxmi Devi","Dungar Ram Raika","9784919864","9784919864","9784919864","Station Road, Near Soni Dharmshala, Barmer","Female","2015-06-15","OBC","Raman",false,false,"",30000,15000,15000,15000,"Active"
"SR-2024-1579","ADM-5579","PEN-RJ-2024-903891","Pari Garg","39","5th","5th","B","5th - B","Kalyan Singh Garg","Durga Devi","Kalyan Singh Garg","9784872466","9784872466","9784872466","Panch Batti Circle, Barmer","Female","2015-03-07","General","Tagore",false,false,"",30000,30000,0,0,"Active"
"SR-2024-1580","ADM-5580","PEN-RJ-2024-929076","Payal Chauhan","40","5th","5th","B","5th - B","Sawai Singh Chauhan","Chandra Kanwar","Sawai Singh Chauhan","9828865895","9828865895","9828865895","Chohtan Circle, Highway Link, Barmer","Female","2015-02-10","OBC","Shivaji",false,false,"",30000,0,30000,30000,"Active"
"SR-2024-1581","ADM-5581","PEN-RJ-2024-287746","Suman Garg","41","5th","5th","B","5th - B","Rajesh Garg","Sugan Kanwar","Rajesh Garg","9829169766","9829169766","9829169766","Sindhari Road, Near Bus Stand, Barmer","Female","2015-11-28","OBC","Shivaji",false,false,"",30000,0,30000,30000,"Active"
"SR-2024-1582","ADM-5582","PEN-RJ-2024-755194","Aman Dave","42","5th","5th","B","5th - B","Bhagwan Das Dave","Nirmala","Bhagwan Das Dave","9829591442","9829591442","9829591442","Kalyanpura, Barmer","Male","2015-10-23","SC","Raman",false,false,"",30000,15000,15000,15000,"Active"
"SR-2024-1583","ADM-5583","PEN-RJ-2024-135966","Kiran Singhal","43","5th","5th","B","5th - B","Teja Ram Singhal","Urmila","Teja Ram Singhal","9414910013","9414910013","9414910013","Kalyanpura, Barmer","Female","2015-12-10","SC","Shivaji",false,false,"",30000,15000,15000,15000,"Active"
"SR-2024-1584","ADM-5584","PEN-RJ-2024-702182","Manish Goyal","44","5th","5th","B","5th - B","Sumer Singh Goyal","Durga Devi","Sumer Singh Goyal","9829102949","9829102949","9829102949","Plot 42, Civil Lines, Barmer","Male","2015-10-22","General","Raman",false,false,"",30000,30000,0,0,"Active"
"SR-2024-1585","ADM-5585","PEN-RJ-2024-275434","Nikhil Rajput","45","5th","5th","B","5th - B","Rikhabdas Rajput","Savitri Devi","Rikhabdas Rajput","9460638249","9460638249","9460638249","Uttarlai Road, Near KV School, Barmer","Male","2015-11-11","General","Tagore",false,false,"",30000,30000,0,0,"Active"
"SR-2024-1586","ADM-5586","PEN-RJ-2024-113749","Navya Purohit","01","6th","6th","A","6th - A","Ram Chandra Purohit","Urmila","Ram Chandra Purohit","9829470934","9829470934","9829470934","Opp. Collectorate, Mahaveer Nagar, Barmer","Female","2014-04-20","OBC","Raman",true,true,"Route 1 (Baldev Nagar - Ratan Singh Circle)",48000,48000,0,0,"Active"
"SR-2024-1587","ADM-5587","PEN-RJ-2024-774578","Anjali Maheshwari","02","6th","6th","A","6th - A","Khimraj Maheshwari","Urmila","Khimraj Maheshwari","9784886679","9784886679","9784886679","Opp. Collectorate, Mahaveer Nagar, Barmer","Female","2014-12-04","OBC","Raman",false,false,"",36000,36000,0,0,"Active"
"SR-2024-1588","ADM-5588","PEN-RJ-2024-642919","Rakesh Chauhan","03","6th","6th","A","6th - A","Shaitan Singh Chauhan","Laxmi Devi","Shaitan Singh Chauhan","9784754824","9784754824","9784754824","Sindhari Road, Near Bus Stand, Barmer","Male","2014-11-01","ST","Shivaji",false,false,"",36000,18000,18000,18000,"Active"
"SR-2024-1589","ADM-5589","PEN-RJ-2024-867885","Rachna Solanki","04","6th","6th","A","6th - A","Bhawani Singh Solanki","Manju","Bhawani Singh Solanki","9414590787","9414590787","9414590787","Plot 42, Civil Lines, Barmer","Female","2014-03-20","General","Tagore",false,false,"",36000,36000,0,0,"Active"
"SR-2024-1590","ADM-5590","PEN-RJ-2024-176398","Chhavi Maheshwari","05","6th","6th","A","6th - A","Uttamchand Maheshwari","Pushpa Devi","Uttamchand Maheshwari","9829940432","9829940432","9829940432","Baldev Nagar, Near Ratan Singh Circle, Barmer","Female","2014-10-14","ST","Shivaji",false,false,"",36000,36000,0,0,"Active"
"SR-2024-1591","ADM-5591","PEN-RJ-2024-511885","Pranav Garg","06","6th","6th","A","6th - A","Hanuman Ram Garg","Prem Kanwar","Hanuman Ram Garg","9460745238","9460745238","9460745238","Sindhari Road, Near Bus Stand, Barmer","Male","2014-04-06","SC","Shivaji",false,false,"",36000,36000,0,0,"Active"
"SR-2024-1592","ADM-5592","PEN-RJ-2024-212102","Bhupendra Vyas","07","6th","6th","A","6th - A","Bhanwar Singh Vyas","Laxmi Devi","Bhanwar Singh Vyas","9460328417","9460328417","9460328417","Ramsar Road, Barmer","Male","2014-01-06","General","Tagore",true,true,"Route 8 (Rai Colony - Civil Lines)",48000,29000,19000,19000,"Active"
"SR-2024-1593","ADM-5593","PEN-RJ-2024-687042","Rukmani Gupta","08","6th","6th","A","6th - A","Sohan Lal Gupta","Chandra Kanwar","Sohan Lal Gupta","9828744914","9828744914","9828744914","Ramsar Road, Barmer","Female","2014-08-24","General","Raman",false,false,"",36000,36000,0,0,"Active"
"SR-2024-1594","ADM-5594","PEN-RJ-2024-925481","Diya Goyal","09","6th","6th","A","6th - A","Hanuman Ram Goyal","Urmila","Hanuman Ram Goyal","9460926730","9460926730","9460926730","Shastri Nagar, Sector 2, Barmer","Female","2014-05-04","SC","Shivaji",false,false,"",36000,36000,0,0,"Active"
"SR-2024-1595","ADM-5595","PEN-RJ-2024-488926","Jaswant Choudhary","10","6th","6th","A","6th - A","Bhagwan Das Choudhary","Chandra Kanwar","Bhagwan Das Choudhary","9460577681","9460577681","9460577681","Ramsar Road, Barmer","Male","2014-05-22","OBC","Tagore",false,false,"",36000,0,36000,36000,"Active"
"SR-2024-1596","ADM-5596","PEN-RJ-2024-777514","Kiran Verma","11","6th","6th","A","6th - A","Hanuman Ram Verma","Kamla Devi","Hanuman Ram Verma","9414291664","9414291664","9414291664","Sadar Bazaar, Near Old Fort, Barmer","Female","2014-01-09","OBC","Raman",true,true,"Route 6 (Uttarlai Road - Airforce Area)",48000,48000,0,0,"Active"
"SR-2024-1597","ADM-5597","PEN-RJ-2024-360031","Pabu Shekhawat","12","6th","6th","A","6th - A","Parasmal Shekhawat","Rukmani Devi","Parasmal Shekhawat","9460948416","9460948416","9460948416","Laxmi Nagar, Street 3, Barmer","Male","2014-10-23","SC","Tagore",true,true,"Route 2 (Indira Colony - Shastri Nagar)",48000,48000,0,0,"Active"
"SR-2024-1598","ADM-5598","PEN-RJ-2024-137950","Jaswant Agarwal","13","6th","6th","A","6th - A","Rajesh Agarwal","Pooja","Rajesh Agarwal","8769775891","8769775891","8769775891","Ramsar Road, Barmer","Male","2014-02-02","General","Shivaji",false,false,"",36000,36000,0,0,"Active"
"SR-2024-1599","ADM-5599","PEN-RJ-2024-920959","Mukesh Goyal","14","6th","6th","A","6th - A","Rikhabdas Goyal","Bhanwar Kanwar","Rikhabdas Goyal","9784608050","9784608050","9784608050","Baldev Nagar, Near Ratan Singh Circle, Barmer","Male","2014-01-18","SC","Raman",false,false,"",36000,21500,14500,14500,"Active"
"SR-2024-1600","ADM-5600","PEN-RJ-2024-516605","Ira Lohar","15","6th","6th","A","6th - A","Suresh Lohar","Urmila","Suresh Lohar","9828434967","9828434967","9828434967","Nehru Nagar, Main Road, Barmer","Female","2014-05-11","OBC","Tagore",false,false,"",36000,36000,0,0,"Active"
"SR-2024-1601","ADM-5601","PEN-RJ-2024-452600","Vihaan Shekhawat","16","6th","6th","A","6th - A","Ashok Shekhawat","Chandra Kanwar","Ashok Shekhawat","9414386097","9414386097","9414386097","Chohtan Circle, Highway Link, Barmer","Male","2014-02-23","SC","Tagore",false,false,"",36000,36000,0,0,"Active"
"SR-2024-1602","ADM-5602","PEN-RJ-2024-897448","Deepak Chauhan","17","6th","6th","A","6th - A","Hanuman Ram Chauhan","Meenakshi","Hanuman Ram Chauhan","9784851724","9784851724","9784851724","Nehru Nagar, Main Road, Barmer","Male","2014-06-23","OBC","Ashoka",false,false,"",36000,0,36000,36000,"Active"
"SR-2024-1603","ADM-5603","PEN-RJ-2024-235556","Sonam Mittal","18","6th","6th","A","6th - A","Loonkaran Mittal","Kamla Devi","Loonkaran Mittal","9784748470","9784748470","9784748470","Sindhari Road, Near Bus Stand, Barmer","Female","2014-07-23","OBC","Ashoka",false,false,"",36000,36000,0,0,"Active"
"SR-2024-1604","ADM-5604","PEN-RJ-2024-926124","Ratan Rathore","19","6th","6th","A","6th - A","Sumer Singh Rathore","Anita","Sumer Singh Rathore","9829489532","9829489532","9829489532","Khatan Kocha, Inside City, Barmer","Male","2014-12-20","General","Tagore",false,false,"",36000,0,36000,36000,"Active"
"SR-2024-1605","ADM-5605","PEN-RJ-2024-966430","Sumer Maheshwari","20","6th","6th","A","6th - A","Rikhabdas Maheshwari","Pooja","Rikhabdas Maheshwari","9784163787","9784163787","9784163787","Ramsar Road, Barmer","Male","2014-11-05","OBC","Ashoka",false,false,"",36000,36000,0,0,"Active"
"SR-2024-1606","ADM-5606","PEN-RJ-2024-862630","Gopal Gaur","21","6th","6th","A","6th - A","Kailash Gaur","Kamla Devi","Kailash Gaur","9414302458","9414302458","9414302458","Uttarlai Road, Near KV School, Barmer","Male","2014-04-02","OBC","Shivaji",true,true,"Route 4 (Mahaveer Nagar - Collectorate)",48000,0,48000,48000,"Active"
"SR-2024-1607","ADM-5607","PEN-RJ-2024-680789","Anil Charan","22","6th","6th","A","6th - A","Sohan Lal Charan","Urmila","Sohan Lal Charan","9784199139","9784199139","9784199139","Ramsar Road, Barmer","Male","2014-05-08","OBC","Ashoka",false,false,"",36000,27000,9000,9000,"Active"
"SR-2024-1608","ADM-5608","PEN-RJ-2024-977592","Anvi Purohit","23","6th","6th","A","6th - A","Uttamchand Purohit","Gulab Kanwar","Uttamchand Purohit","9828601017","9828601017","9828601017","Ramsar Road, Barmer","Female","2014-04-06","SC","Shivaji",true,true,"Route 2 (Indira Colony - Shastri Nagar)",48000,19000,29000,29000,"Active"
"SR-2024-1609","ADM-5609","PEN-RJ-2024-780792","Rekha Charan","24","6th","6th","A","6th - A","Jethmal Charan","Kanta Devi","Jethmal Charan","9460318315","9460318315","9460318315","Kalyanpura, Barmer","Female","2014-08-16","OBC","Ashoka",true,true,"Route 7 (Sindhari Road - Kalyanpura)",48000,36000,12000,12000,"Active"
"SR-2024-1610","ADM-5610","PEN-RJ-2024-334571","Manak Meena","25","6th","6th","A","6th - A","Uttamchand Meena","Prem Kanwar","Uttamchand Meena","9829841998","9829841998","9829841998","Chohtan Circle, Highway Link, Barmer","Male","2014-04-03","General","Tagore",true,true,"Route 6 (Uttarlai Road - Airforce Area)",48000,36000,12000,12000,"Active"
"SR-2024-1611","ADM-5611","PEN-RJ-2024-623651","Deepika Maheshwari","26","6th","6th","A","6th - A","Pabu Ram Maheshwari","Chandra Kanwar","Pabu Ram Maheshwari","9828965629","9828965629","9828965629","Chohtan Circle, Highway Link, Barmer","Female","2014-04-25","ST","Tagore",false,false,"",36000,36000,0,0,"Active"
"SR-2024-1612","ADM-5612","PEN-RJ-2024-274849","Surendra Dewasi","27","6th","6th","A","6th - A","Vimalchand Dewasi","Gulab Kanwar","Vimalchand Dewasi","8769285586","8769285586","8769285586","Panch Batti Circle, Barmer","Male","2014-07-12","SC","Ashoka",true,true,"Route 4 (Mahaveer Nagar - Collectorate)",48000,24000,24000,24000,"Active"
"SR-2024-1613","ADM-5613","PEN-RJ-2024-210590","Krishna Dave","28","6th","6th","A","6th - A","Pabu Ram Dave","Geeta Devi","Pabu Ram Dave","8769773224","8769773224","8769773224","Jasol Road, Balotra Highway, Barmer","Male","2014-05-13","SC","Raman",false,false,"",36000,36000,0,0,"Active"
"SR-2024-1614","ADM-5614","PEN-RJ-2024-855242","Megha Jangid","29","6th","6th","A","6th - A","Mahendra Jangid","Durga Devi","Mahendra Jangid","8769890083","8769890083","8769890083","Indira Colony, Lane 4, Barmer","Female","2014-05-18","OBC","Raman",false,false,"",36000,18000,18000,18000,"Active"
"SR-2024-1615","ADM-5615","PEN-RJ-2024-346025","Ajay Choudhary","30","6th","6th","A","6th - A","Dinesh Choudhary","Sharda","Dinesh Choudhary","9784975732","9784975732","9784975732","Nehru Nagar, Main Road, Barmer","Male","2014-11-01","ST","Tagore",true,true,"Route 2 (Indira Colony - Shastri Nagar)",48000,48000,0,0,"Active"
"SR-2024-1616","ADM-5616","PEN-RJ-2024-144824","Arnav Dave","31","6th","6th","A","6th - A","Prem Singh Dave","Sayar Kanwar","Prem Singh Dave","9460190228","9460190228","9460190228","Khatan Kocha, Inside City, Barmer","Male","2014-06-10","ST","Ashoka",true,true,"Route 8 (Rai Colony - Civil Lines)",48000,19000,29000,29000,"Active"
"SR-2024-1617","ADM-5617","PEN-RJ-2024-649434","Pushpa Jain","32","6th","6th","A","6th - A","Tarachand Jain","Rukmani Devi","Tarachand Jain","9460914123","9460914123","9460914123","Nehru Nagar, Main Road, Barmer","Female","2014-09-03","OBC","Shivaji",false,false,"",36000,18000,18000,18000,"Active"
"SR-2024-1618","ADM-5618","PEN-RJ-2024-426407","Mahendra Meena","33","6th","6th","A","6th - A","Teja Ram Meena","Mohan Kanwar","Teja Ram Meena","9414120704","9414120704","9414120704","Plot 42, Civil Lines, Barmer","Male","2014-12-17","SC","Raman",false,false,"",36000,27000,9000,9000,"Active"
"SR-2024-1619","ADM-5619","PEN-RJ-2024-163359","Gayatri Choudhary","34","6th","6th","A","6th - A","Sumer Singh Choudhary","Pooja","Sumer Singh Choudhary","8769628239","8769628239","8769628239","Shastri Nagar, Sector 2, Barmer","Female","2014-05-01","SC","Tagore",false,false,"",36000,0,36000,36000,"Active"
"SR-2024-1620","ADM-5620","PEN-RJ-2024-459783","Manak Dewasi","35","6th","6th","A","6th - A","Surendra Dewasi","Gulab Kanwar","Surendra Dewasi","8769329903","8769329903","8769329903","Baldev Nagar, Near Ratan Singh Circle, Barmer","Male","2014-10-03","SC","Tagore",false,false,"",36000,0,36000,36000,"Active"
"SR-2024-1621","ADM-5621","PEN-RJ-2024-932830","Bhagwan Charan","36","6th","6th","A","6th - A","Surendra Charan","Gulab Kanwar","Surendra Charan","9414257917","9414257917","9414257917","Uttarlai Road, Near KV School, Barmer","Male","2014-04-18","OBC","Tagore",false,false,"",36000,36000,0,0,"Active"
"SR-2024-1622","ADM-5622","PEN-RJ-2024-239158","Advaith Agarwal","37","6th","6th","A","6th - A","Mangi Lal Agarwal","Rukmani Devi","Mangi Lal Agarwal","9460446153","9460446153","9460446153","Kalyanpura, Barmer","Male","2014-01-11","ST","Shivaji",false,false,"",36000,18000,18000,18000,"Active"
"SR-2024-1623","ADM-5623","PEN-RJ-2024-713259","Arnav Agarwal","38","6th","6th","A","6th - A","Rikhabdas Agarwal","Mohan Kanwar","Rikhabdas Agarwal","9784492392","9784492392","9784492392","Station Road, Near Soni Dharmshala, Barmer","Male","2014-05-17","SC","Raman",false,false,"",36000,27000,9000,9000,"Active"
"SR-2024-1624","ADM-5624","PEN-RJ-2024-228659","Suresh Maheshwari","01","6th","6th","B","6th - B","Roopa Ram Maheshwari","Prem Kanwar","Roopa Ram Maheshwari","9828170440","9828170440","9828170440","Baytu Link Road, Barmer","Male","2014-06-13","SC","Raman",false,false,"",36000,14500,21500,21500,"Active"
"SR-2024-1625","ADM-5625","PEN-RJ-2024-148910","Ira Bansal","02","6th","6th","B","6th - B","Jethmal Bansal","Sharda","Jethmal Bansal","9460784900","9460784900","9460784900","Tilak Nagar, Barmer","Female","2014-06-07","OBC","Raman",true,true,"Route 5 (Chohtan Circle - Tilak Nagar)",48000,29000,19000,19000,"Active"
"SR-2024-1626","ADM-5626","PEN-RJ-2024-299955","Swati Lohar","03","6th","6th","B","6th - B","Prem Singh Lohar","Santosh","Prem Singh Lohar","9828224017","9828224017","9828224017","Tilak Nagar, Barmer","Female","2014-05-08","General","Shivaji",true,true,"Route 2 (Indira Colony - Shastri Nagar)",48000,24000,24000,24000,"Active"
"SR-2024-1627","ADM-5627","PEN-RJ-2024-769349","Khimraj Dave","04","6th","6th","B","6th - B","Manak Chand Dave","Anita","Manak Chand Dave","8769385936","8769385936","8769385936","Sindhari Road, Near Bus Stand, Barmer","Male","2014-06-21","SC","Tagore",false,false,"",36000,36000,0,0,"Active"
"SR-2024-1628","ADM-5628","PEN-RJ-2024-537287","Narendra Bishnoi","05","6th","6th","B","6th - B","Uttamchand Bishnoi","Manju","Uttamchand Bishnoi","9829496945","9829496945","9829496945","Plot 42, Civil Lines, Barmer","Male","2014-08-08","ST","Ashoka",false,false,"",36000,36000,0,0,"Active"
"SR-2024-1629","ADM-5629","PEN-RJ-2024-658496","Pranav Chauhan","06","6th","6th","B","6th - B","Pabu Ram Chauhan","Pushpa Devi","Pabu Ram Chauhan","9460729995","9460729995","9460729995","Laxmi Nagar, Street 3, Barmer","Male","2014-01-03","SC","Tagore",false,false,"",36000,18000,18000,18000,"Active"
"SR-2024-1630","ADM-5630","PEN-RJ-2024-584660","Mahesh Suthar","07","6th","6th","B","6th - B","Mohan Lal Suthar","Rekha","Mohan Lal Suthar","9784883625","9784883625","9784883625","Indira Colony, Lane 4, Barmer","Male","2014-03-01","SC","Tagore",false,false,"",36000,0,36000,36000,"Active"
"SR-2024-1631","ADM-5631","PEN-RJ-2024-298389","Renu Meena","08","6th","6th","B","6th - B","Tarachand Meena","Durga Devi","Tarachand Meena","9784901560","9784901560","9784901560","Panch Batti Circle, Barmer","Female","2014-12-03","OBC","Raman",false,false,"",36000,18000,18000,18000,"Active"
"SR-2024-1632","ADM-5632","PEN-RJ-2024-704819","Urmila Mittal","09","6th","6th","B","6th - B","Teja Ram Mittal","Geeta Devi","Teja Ram Mittal","9414254767","9414254767","9414254767","Jasol Road, Balotra Highway, Barmer","Female","2014-06-25","OBC","Ashoka",true,true,"Route 8 (Rai Colony - Civil Lines)",48000,48000,0,0,"Active"
"SR-2024-1633","ADM-5633","PEN-RJ-2024-138003","Sneha Chauhan","10","6th","6th","B","6th - B","Teja Ram Chauhan","Sunita","Teja Ram Chauhan","9784518395","9784518395","9784518395","Opp. Collectorate, Mahaveer Nagar, Barmer","Female","2014-08-08","ST","Ashoka",false,false,"",36000,14500,21500,21500,"Active"
"SR-2024-1634","ADM-5634","PEN-RJ-2024-280170","Sunita Joshi","11","6th","6th","B","6th - B","Roopa Ram Joshi","Pooja","Roopa Ram Joshi","8769394150","8769394150","8769394150","Tilak Nagar, Barmer","Female","2014-08-04","General","Raman",true,true,"Route 6 (Uttarlai Road - Airforce Area)",48000,48000,0,0,"Active"
"SR-2024-1635","ADM-5635","PEN-RJ-2024-908938","Dinesh Choudhary","12","6th","6th","B","6th - B","Uttamchand Choudhary","Meenakshi","Uttamchand Choudhary","9784588047","9784588047","9784588047","Uttarlai Road, Near KV School, Barmer","Male","2014-09-17","ST","Ashoka",false,false,"",36000,36000,0,0,"Active"
"SR-2024-1636","ADM-5636","PEN-RJ-2024-115677","Ratan Purohit","13","6th","6th","B","6th - B","Ramesh Chand Purohit","Nirmala","Ramesh Chand Purohit","9828526937","9828526937","9828526937","Opp. Collectorate, Mahaveer Nagar, Barmer","Male","2014-09-13","SC","Tagore",false,false,"",36000,36000,0,0,"Active"
"SR-2024-1637","ADM-5637","PEN-RJ-2024-837922","Kavya Mittal","14","6th","6th","B","6th - B","Kailash Mittal","Manju","Kailash Mittal","9829532614","9829532614","9829532614","Chohtan Circle, Highway Link, Barmer","Female","2014-12-12","OBC","Ashoka",true,true,"Route 6 (Uttarlai Road - Airforce Area)",48000,48000,0,0,"Active"
"SR-2024-1638","ADM-5638","PEN-RJ-2024-550009","Jyoti Rathore","15","6th","6th","B","6th - B","Kailash Rathore","Sita Devi","Kailash Rathore","9829247487","9829247487","9829247487","Plot 42, Civil Lines, Barmer","Female","2014-06-28","ST","Shivaji",false,false,"",36000,18000,18000,18000,"Active"
"SR-2024-1639","ADM-5639","PEN-RJ-2024-943530","Ansh Sharma","16","6th","6th","B","6th - B","Chhagan Lal Sharma","Anand Kanwar","Chhagan Lal Sharma","8769279564","8769279564","8769279564","Laxmi Nagar, Street 3, Barmer","Male","2014-07-22","ST","Tagore",false,false,"",36000,18000,18000,18000,"Active"
"SR-2024-1640","ADM-5640","PEN-RJ-2024-141992","Gayatri Bishnoi","17","6th","6th","B","6th - B","Jethmal Bishnoi","Sharda","Jethmal Bishnoi","8769403950","8769403950","8769403950","Baytu Link Road, Barmer","Female","2014-03-21","ST","Shivaji",true,true,"Route 3 (Station Road - Sadar Bazaar)",48000,24000,24000,24000,"Active"
"SR-2024-1641","ADM-5641","PEN-RJ-2024-208906","Deepak Mathur","18","6th","6th","B","6th - B","Jagdish Prasad Mathur","Anita","Jagdish Prasad Mathur","9829283082","9829283082","9829283082","Khatan Kocha, Inside City, Barmer","Male","2014-03-14","SC","Raman",false,false,"",36000,0,36000,36000,"Active"
"SR-2024-1642","ADM-5642","PEN-RJ-2024-494743","Nisha Rajput","19","6th","6th","B","6th - B","Suresh Rajput","Anita","Suresh Rajput","9828805069","9828805069","9828805069","Khatan Kocha, Inside City, Barmer","Female","2014-08-25","General","Ashoka",false,false,"",36000,36000,0,0,"Active"
"SR-2024-1643","ADM-5643","PEN-RJ-2024-391714","Pradeep Maheshwari","20","6th","6th","B","6th - B","Jabbar Singh Maheshwari","Nirmala","Jabbar Singh Maheshwari","8769567526","8769567526","8769567526","Kalyanpura, Barmer","Male","2014-01-23","ST","Tagore",false,false,"",36000,36000,0,0,"Active"
"SR-2024-1644","ADM-5644","PEN-RJ-2024-974853","Reyansh Goyal","21","6th","6th","B","6th - B","Manak Chand Goyal","Sharda","Manak Chand Goyal","9784374930","9784374930","9784374930","Sadar Bazaar, Near Old Fort, Barmer","Male","2014-01-13","General","Raman",false,false,"",36000,36000,0,0,"Active"
"SR-2024-1645","ADM-5645","PEN-RJ-2024-372523","Durga Solanki","22","6th","6th","B","6th - B","Roopa Ram Solanki","Santosh","Roopa Ram Solanki","9414701767","9414701767","9414701767","Shastri Nagar, Sector 2, Barmer","Female","2014-06-04","ST","Ashoka",false,false,"",36000,18000,18000,18000,"Active"
"SR-2024-1646","ADM-5646","PEN-RJ-2024-156158","Krishna Agarwal","23","6th","6th","B","6th - B","Prem Singh Agarwal","Bhanwar Kanwar","Prem Singh Agarwal","9414730228","9414730228","9414730228","Chohtan Circle, Highway Link, Barmer","Male","2014-09-08","SC","Ashoka",false,false,"",36000,36000,0,0,"Active"
"SR-2024-1647","ADM-5647","PEN-RJ-2024-101341","Gopal Garg","24","6th","6th","B","6th - B","Sawai Singh Garg","Sugan Kanwar","Sawai Singh Garg","9784610582","9784610582","9784610582","Uttarlai Road, Near KV School, Barmer","Male","2014-05-23","General","Ashoka",false,false,"",36000,36000,0,0,"Active"
"SR-2024-1648","ADM-5648","PEN-RJ-2024-863888","Rashmi Rathore","25","6th","6th","B","6th - B","Dungar Ram Rathore","Urmila","Dungar Ram Rathore","9460481108","9460481108","9460481108","Laxmi Nagar, Street 3, Barmer","Female","2014-06-01","OBC","Shivaji",true,true,"Route 5 (Chohtan Circle - Tilak Nagar)",48000,48000,0,0,"Active"
"SR-2024-1649","ADM-5649","PEN-RJ-2024-399721","Mukesh Chauhan","26","6th","6th","B","6th - B","Manak Chand Chauhan","Rukmani Devi","Manak Chand Chauhan","9784365601","9784365601","9784365601","Baytu Link Road, Barmer","Male","2014-07-20","General","Ashoka",false,false,"",36000,36000,0,0,"Active"
"SR-2024-1650","ADM-5650","PEN-RJ-2024-195374","Gajendra Rathore","27","6th","6th","B","6th - B","Bhagwan Das Rathore","Chandra Kanwar","Bhagwan Das Rathore","9828890996","9828890996","9828890996","Baytu Link Road, Barmer","Male","2014-04-16","General","Shivaji",false,false,"",36000,0,36000,36000,"Active"
"SR-2024-1651","ADM-5651","PEN-RJ-2024-243679","Santosh Gupta","28","6th","6th","B","6th - B","Khimraj Gupta","Meenakshi","Khimraj Gupta","9829514797","9829514797","9829514797","Laxmi Nagar, Street 3, Barmer","Female","2014-05-06","ST","Raman",false,false,"",36000,18000,18000,18000,"Active"
"SR-2024-1652","ADM-5652","PEN-RJ-2024-185854","Saroj Raika","29","6th","6th","B","6th - B","Rajesh Raika","Sharda","Rajesh Raika","9784844702","9784844702","9784844702","Shastri Nagar, Sector 2, Barmer","Female","2014-05-18","SC","Shivaji",false,false,"",36000,21500,14500,14500,"Active"
"SR-2024-1653","ADM-5653","PEN-RJ-2024-140064","Mangi Rajput","30","6th","6th","B","6th - B","Mahendra Rajput","Nirmala","Mahendra Rajput","9829454278","9829454278","9829454278","Opp. Collectorate, Mahaveer Nagar, Barmer","Male","2014-10-07","OBC","Shivaji",false,false,"",36000,36000,0,0,"Active"
"SR-2024-1654","ADM-5654","PEN-RJ-2024-189342","Vihaan Chauhan","31","6th","6th","B","6th - B","Surendra Chauhan","Sugan Kanwar","Surendra Chauhan","9829950431","9829950431","9829950431","Shastri Nagar, Sector 2, Barmer","Male","2014-01-12","OBC","Shivaji",false,false,"",36000,0,36000,36000,"Active"
"SR-2024-1655","ADM-5655","PEN-RJ-2024-235652","Tejpal Bansal","32","6th","6th","B","6th - B","Dinesh Bansal","Pushpa Devi","Dinesh Bansal","9828482657","9828482657","9828482657","Opp. Collectorate, Mahaveer Nagar, Barmer","Male","2014-09-10","General","Raman",true,true,"Route 4 (Mahaveer Nagar - Collectorate)",48000,48000,0,0,"Active"
"SR-2024-1656","ADM-5656","PEN-RJ-2024-396816","Hanuman Mittal","33","6th","6th","B","6th - B","Hanuman Ram Mittal","Sushila","Hanuman Ram Mittal","9829545300","9829545300","9829545300","Khatan Kocha, Inside City, Barmer","Male","2014-05-20","ST","Raman",false,false,"",36000,36000,0,0,"Active"
"SR-2024-1657","ADM-5657","PEN-RJ-2024-924121","Jaideep Suthar","34","6th","6th","B","6th - B","Mohan Lal Suthar","Sayar Kanwar","Mohan Lal Suthar","9829321608","9829321608","9829321608","Panch Batti Circle, Barmer","Male","2014-07-05","ST","Tagore",false,false,"",36000,18000,18000,18000,"Active"
"SR-2024-1658","ADM-5658","PEN-RJ-2024-461399","Parvati Soni","35","6th","6th","B","6th - B","Mohan Lal Soni","Sugan Kanwar","Mohan Lal Soni","8769962359","8769962359","8769962359","Ramsar Road, Barmer","Female","2014-12-19","ST","Tagore",false,false,"",36000,21500,14500,14500,"Active"
"SR-2024-1659","ADM-5659","PEN-RJ-2024-987448","Pradeep Gaur","36","6th","6th","B","6th - B","Sawai Singh Gaur","Durga Devi","Sawai Singh Gaur","9414489403","9414489403","9414489403","Nehru Nagar, Main Road, Barmer","Male","2014-05-03","SC","Raman",true,true,"Route 6 (Uttarlai Road - Airforce Area)",48000,19000,29000,29000,"Active"
"SR-2024-1660","ADM-5660","PEN-RJ-2024-826586","Suresh Kumhar","37","6th","6th","B","6th - B","Vimalchand Kumhar","Parvati Devi","Vimalchand Kumhar","9460748929","9460748929","9460748929","Sindhari Road, Near Bus Stand, Barmer","Male","2014-12-26","ST","Shivaji",true,true,"Route 3 (Station Road - Sadar Bazaar)",48000,48000,0,0,"Active"
"SR-2024-1661","ADM-5661","PEN-RJ-2024-613850","Parvati Choudhary","38","6th","6th","B","6th - B","Suresh Choudhary","Urmila","Suresh Choudhary","9828191810","9828191810","9828191810","Shastri Nagar, Sector 2, Barmer","Female","2014-01-19","OBC","Tagore",true,true,"Route 1 (Baldev Nagar - Ratan Singh Circle)",48000,36000,12000,12000,"Active"
"SR-2024-1662","ADM-5662","PEN-RJ-2024-560569","Deepika Panwar","01","6th","6th","C","6th - C","Sohan Lal Panwar","Sunita","Sohan Lal Panwar","9784550245","9784550245","9784550245","Laxmi Nagar, Street 3, Barmer","Female","2014-05-13","OBC","Ashoka",false,false,"",36000,36000,0,0,"Active"
"SR-2024-1663","ADM-5663","PEN-RJ-2024-934247","Dungar Meena","02","6th","6th","C","6th - C","Bhagwan Das Meena","Anand Kanwar","Bhagwan Das Meena","9784952323","9784952323","9784952323","Shastri Nagar, Sector 2, Barmer","Male","2014-04-11","ST","Shivaji",false,false,"",36000,36000,0,0,"Active"
"SR-2024-1664","ADM-5664","PEN-RJ-2024-574891","Satyapal Singhal","03","6th","6th","C","6th - C","Pabu Ram Singhal","Urmila","Pabu Ram Singhal","9460959746","9460959746","9460959746","Shastri Nagar, Sector 2, Barmer","Male","2014-03-08","OBC","Tagore",false,false,"",36000,36000,0,0,"Active"
"SR-2024-1665","ADM-5665","PEN-RJ-2024-100630","Sunita Mittal","04","6th","6th","C","6th - C","Narpat Singh Mittal","Anand Kanwar","Narpat Singh Mittal","9828933816","9828933816","9828933816","Khatan Kocha, Inside City, Barmer","Female","2014-01-25","OBC","Tagore",false,false,"",36000,27000,9000,9000,"Active"
"SR-2024-1666","ADM-5666","PEN-RJ-2024-711231","Renu Rathore","05","6th","6th","C","6th - C","Khimraj Rathore","Kamla Devi","Khimraj Rathore","9828252101","9828252101","9828252101","Opp. Collectorate, Mahaveer Nagar, Barmer","Female","2014-03-15","General","Raman",true,true,"Route 7 (Sindhari Road - Kalyanpura)",48000,48000,0,0,"Active"
"SR-2024-1667","ADM-5667","PEN-RJ-2024-877202","Kavita Bhati","06","6th","6th","C","6th - C","Chhagan Lal Bhati","Sugan Kanwar","Chhagan Lal Bhati","9460850981","9460850981","9460850981","Station Road, Near Soni Dharmshala, Barmer","Female","2014-02-26","ST","Raman",false,false,"",36000,0,36000,36000,"Active"
"SR-2024-1668","ADM-5668","PEN-RJ-2024-302937","Ahana Solanki","07","6th","6th","C","6th - C","Sohan Lal Solanki","Nirmala","Sohan Lal Solanki","9784109137","9784109137","9784109137","Station Road, Near Soni Dharmshala, Barmer","Female","2014-08-11","SC","Shivaji",false,false,"",36000,27000,9000,9000,"Active"
"SR-2024-1669","ADM-5669","PEN-RJ-2024-122889","Prem Charan","08","6th","6th","C","6th - C","Shaitan Singh Charan","Bhanwar Kanwar","Shaitan Singh Charan","9829281893","9829281893","9829281893","Baytu Link Road, Barmer","Male","2014-03-09","SC","Raman",false,false,"",36000,36000,0,0,"Active"
"SR-2024-1670","ADM-5670","PEN-RJ-2024-327324","Radha Goyal","09","6th","6th","C","6th - C","Gopal Goyal","Bhanwar Kanwar","Gopal Goyal","9828131304","9828131304","9828131304","Ramsar Road, Barmer","Female","2014-06-04","SC","Raman",false,false,"",36000,21500,14500,14500,"Active"
"SR-2024-1671","ADM-5671","PEN-RJ-2024-208728","Atharv Sharma","10","6th","6th","C","6th - C","Khimraj Sharma","Kamla Devi","Khimraj Sharma","9414231677","9414231677","9414231677","Baytu Link Road, Barmer","Male","2014-02-28","OBC","Shivaji",false,false,"",36000,36000,0,0,"Active"
"SR-2024-1672","ADM-5672","PEN-RJ-2024-568191","Sonal Shekhawat","11","6th","6th","C","6th - C","Mahendra Shekhawat","Shanti Devi","Mahendra Shekhawat","9829676197","9829676197","9829676197","Uttarlai Road, Near KV School, Barmer","Female","2014-03-16","OBC","Ashoka",true,true,"Route 2 (Indira Colony - Shastri Nagar)",48000,48000,0,0,"Active"
"SR-2024-1673","ADM-5673","PEN-RJ-2024-687557","Angel Bansal","12","6th","6th","C","6th - C","Kalyan Singh Bansal","Santosh","Kalyan Singh Bansal","9829491085","9829491085","9829491085","Station Road, Near Soni Dharmshala, Barmer","Female","2014-11-04","General","Shivaji",true,true,"Route 6 (Uttarlai Road - Airforce Area)",48000,29000,19000,19000,"Active"
"SR-2024-1674","ADM-5674","PEN-RJ-2024-353726","Vikram Goyal","13","6th","6th","C","6th - C","Dinesh Goyal","Sushila","Dinesh Goyal","9414557177","9414557177","9414557177","Rai Colony, Near Water Tank, Barmer","Male","2014-07-13","General","Ashoka",false,false,"",36000,27000,9000,9000,"Active"
"SR-2024-1675","ADM-5675","PEN-RJ-2024-988387","Rachna Lohar","14","6th","6th","C","6th - C","Teja Ram Lohar","Savitri Devi","Teja Ram Lohar","9784945504","9784945504","9784945504","Uttarlai Road, Near KV School, Barmer","Female","2014-09-21","General","Tagore",true,true,"Route 1 (Baldev Nagar - Ratan Singh Circle)",48000,24000,24000,24000,"Active"
"SR-2024-1676","ADM-5676","PEN-RJ-2024-287226","Shravan Singhal","15","6th","6th","C","6th - C","Bhawani Singh Singhal","Sayar Kanwar","Bhawani Singh Singhal","9460752574","9460752574","9460752574","Kalyanpura, Barmer","Male","2014-12-21","ST","Tagore",true,true,"Route 4 (Mahaveer Nagar - Collectorate)",48000,48000,0,0,"Active"
"SR-2024-1677","ADM-5677","PEN-RJ-2024-398033","Anaya Chauhan","16","6th","6th","C","6th - C","Pabu Ram Chauhan","Anita","Pabu Ram Chauhan","9414999008","9414999008","9414999008","Station Road, Near Soni Dharmshala, Barmer","Female","2014-03-13","SC","Tagore",false,false,"",36000,0,36000,36000,"Active"
"SR-2024-1678","ADM-5678","PEN-RJ-2024-644945","Vihaan Suthar","17","6th","6th","C","6th - C","Sumer Singh Suthar","Manju","Sumer Singh Suthar","8769228151","8769228151","8769228151","Panch Batti Circle, Barmer","Male","2014-05-25","ST","Ashoka",false,false,"",36000,27000,9000,9000,"Active"
"SR-2024-1679","ADM-5679","PEN-RJ-2024-536113","Laxmi Choudhary","18","6th","6th","C","6th - C","Kailash Choudhary","Pooja","Kailash Choudhary","9460875736","9460875736","9460875736","Baldev Nagar, Near Ratan Singh Circle, Barmer","Female","2014-05-24","ST","Ashoka",true,true,"Route 6 (Uttarlai Road - Airforce Area)",48000,48000,0,0,"Active"
"SR-2024-1680","ADM-5680","PEN-RJ-2024-682776","Harsh Vyas","19","6th","6th","C","6th - C","Sumer Singh Vyas","Bhanwar Kanwar","Sumer Singh Vyas","9460855005","9460855005","9460855005","Panch Batti Circle, Barmer","Male","2014-12-09","ST","Tagore",false,false,"",36000,36000,0,0,"Active"
"SR-2024-1681","ADM-5681","PEN-RJ-2024-427192","Govind Charan","20","6th","6th","C","6th - C","Manak Chand Charan","Durga Devi","Manak Chand Charan","9414206108","9414206108","9414206108","Ramsar Road, Barmer","Male","2014-02-19","ST","Shivaji",false,false,"",36000,14500,21500,21500,"Active"
"SR-2024-1682","ADM-5682","PEN-RJ-2024-438036","Ronit Gehlot","21","6th","6th","C","6th - C","Gopal Gehlot","Sharda","Gopal Gehlot","9828261867","9828261867","9828261867","Uttarlai Road, Near KV School, Barmer","Male","2014-03-22","OBC","Ashoka",true,true,"Route 2 (Indira Colony - Shastri Nagar)",48000,0,48000,48000,"Active"
"SR-2024-1683","ADM-5683","PEN-RJ-2024-618903","Jabbar Mathur","22","6th","6th","C","6th - C","Mangi Lal Mathur","Kamla Devi","Mangi Lal Mathur","8769505208","8769505208","8769505208","Ramsar Road, Barmer","Male","2014-10-19","General","Ashoka",true,true,"Route 7 (Sindhari Road - Kalyanpura)",48000,0,48000,48000,"Active"
"SR-2024-1684","ADM-5684","PEN-RJ-2024-705117","Ratan Agarwal","23","6th","6th","C","6th - C","Suresh Agarwal","Geeta Devi","Suresh Agarwal","9829287385","9829287385","9829287385","Laxmi Nagar, Street 3, Barmer","Male","2014-10-26","OBC","Raman",true,true,"Route 2 (Indira Colony - Shastri Nagar)",48000,29000,19000,19000,"Active"
"SR-2024-1685","ADM-5685","PEN-RJ-2024-689707","Jethmal Dadhich","24","6th","6th","C","6th - C","Chhagan Lal Dadhich","Sugan Kanwar","Chhagan Lal Dadhich","9828527158","9828527158","9828527158","Panch Batti Circle, Barmer","Male","2014-01-09","OBC","Shivaji",true,true,"Route 6 (Uttarlai Road - Airforce Area)",48000,48000,0,0,"Active"
"SR-2024-1686","ADM-5686","PEN-RJ-2024-944572","Usha Suthar","25","6th","6th","C","6th - C","Dungar Ram Suthar","Anand Kanwar","Dungar Ram Suthar","9460561746","9460561746","9460561746","Nehru Nagar, Main Road, Barmer","Female","2014-11-20","SC","Tagore",false,false,"",36000,36000,0,0,"Active"
"SR-2024-1687","ADM-5687","PEN-RJ-2024-745863","Sunil Choudhary","26","6th","6th","C","6th - C","Jagdish Prasad Choudhary","Sunita","Jagdish Prasad Choudhary","9829640368","9829640368","9829640368","Tilak Nagar, Barmer","Male","2014-04-14","OBC","Shivaji",false,false,"",36000,36000,0,0,"Active"
"SR-2024-1688","ADM-5688","PEN-RJ-2024-493546","Anaya Suthar","27","6th","6th","C","6th - C","Jagdish Prasad Suthar","Gulab Kanwar","Jagdish Prasad Suthar","9460894778","9460894778","9460894778","Baytu Link Road, Barmer","Female","2014-04-07","ST","Raman",true,true,"Route 6 (Uttarlai Road - Airforce Area)",48000,48000,0,0,"Active"
"SR-2024-1689","ADM-5689","PEN-RJ-2024-538880","Advaith Trivedi","28","6th","6th","C","6th - C","Chhagan Lal Trivedi","Sunita","Chhagan Lal Trivedi","9828488852","9828488852","9828488852","Plot 42, Civil Lines, Barmer","Male","2014-12-03","OBC","Shivaji",false,false,"",36000,36000,0,0,"Active"
"SR-2024-1690","ADM-5690","PEN-RJ-2024-822552","Kuldeep Jain","29","6th","6th","C","6th - C","Narpat Singh Jain","Anita","Narpat Singh Jain","9829231726","9829231726","9829231726","Kalyanpura, Barmer","Male","2014-05-17","General","Shivaji",true,true,"Route 1 (Baldev Nagar - Ratan Singh Circle)",48000,0,48000,48000,"Active"
"SR-2024-1691","ADM-5691","PEN-RJ-2024-501157","Gopal Chauhan","30","6th","6th","C","6th - C","Narpat Singh Chauhan","Rekha","Narpat Singh Chauhan","8769118197","8769118197","8769118197","Station Road, Near Soni Dharmshala, Barmer","Male","2014-12-20","SC","Ashoka",true,true,"Route 4 (Mahaveer Nagar - Collectorate)",48000,48000,0,0,"Active"
"SR-2024-1692","ADM-5692","PEN-RJ-2024-961785","Dharampal Bhati","31","6th","6th","C","6th - C","Ram Chandra Bhati","Urmila","Ram Chandra Bhati","9828835524","9828835524","9828835524","Uttarlai Road, Near KV School, Barmer","Male","2014-02-05","ST","Raman",false,false,"",36000,36000,0,0,"Active"
"SR-2024-1693","ADM-5693","PEN-RJ-2024-901252","Tanu Jangid","32","6th","6th","C","6th - C","Kalyan Singh Jangid","Manju","Kalyan Singh Jangid","9829972264","9829972264","9829972264","Sadar Bazaar, Near Old Fort, Barmer","Female","2014-06-14","SC","Tagore",true,true,"Route 4 (Mahaveer Nagar - Collectorate)",48000,36000,12000,12000,"Active"
"SR-2024-1694","ADM-5694","PEN-RJ-2024-750030","Anjali Jain","33","6th","6th","C","6th - C","Jabbar Singh Jain","Parvati Devi","Jabbar Singh Jain","9414901366","9414901366","9414901366","Sindhari Road, Near Bus Stand, Barmer","Female","2014-01-15","OBC","Ashoka",true,true,"Route 8 (Rai Colony - Civil Lines)",48000,19000,29000,29000,"Active"
"SR-2024-1695","ADM-5695","PEN-RJ-2024-573721","Rakesh Solanki","34","6th","6th","C","6th - C","Chhagan Lal Solanki","Shanti Devi","Chhagan Lal Solanki","9414166824","9414166824","9414166824","Khatan Kocha, Inside City, Barmer","Male","2014-12-02","General","Shivaji",false,false,"",36000,0,36000,36000,"Active"
"SR-2024-1696","ADM-5696","PEN-RJ-2024-368395","Jagdish Gehlot","35","6th","6th","C","6th - C","Shaitan Singh Gehlot","Sharda","Shaitan Singh Gehlot","9829405056","9829405056","9829405056","Sindhari Road, Near Bus Stand, Barmer","Male","2014-09-09","General","Ashoka",true,true,"Route 3 (Station Road - Sadar Bazaar)",48000,0,48000,48000,"Active"
"SR-2024-1697","ADM-5697","PEN-RJ-2024-572130","Govind Panwar","36","6th","6th","C","6th - C","Sohan Lal Panwar","Durga Devi","Sohan Lal Panwar","9414428718","9414428718","9414428718","Rai Colony, Near Water Tank, Barmer","Male","2014-12-03","General","Tagore",false,false,"",36000,36000,0,0,"Active"
"SR-2024-1698","ADM-5698","PEN-RJ-2024-336764","Payal Gupta","37","6th","6th","C","6th - C","Surendra Gupta","Sugan Kanwar","Surendra Gupta","9460500761","9460500761","9460500761","Plot 42, Civil Lines, Barmer","Female","2014-01-24","General","Tagore",true,true,"Route 1 (Baldev Nagar - Ratan Singh Circle)",48000,24000,24000,24000,"Active"
"SR-2024-1699","ADM-5699","PEN-RJ-2024-173328","Manak Choudhary","38","6th","6th","C","6th - C","Suresh Choudhary","Sushila","Suresh Choudhary","9784590386","9784590386","9784590386","Rai Colony, Near Water Tank, Barmer","Male","2014-03-18","General","Ashoka",true,true,"Route 4 (Mahaveer Nagar - Collectorate)",48000,48000,0,0,"Active"
"SR-2024-1700","ADM-5700","PEN-RJ-2024-248232","Shanaya Joshi","01","7th","7th","A","7th - A","Gopal Joshi","Urmila","Gopal Joshi","9460613916","9460613916","9460613916","Baytu Link Road, Barmer","Female","2013-02-10","OBC","Raman",false,false,"",36000,36000,0,0,"Active"
"SR-2024-1701","ADM-5701","PEN-RJ-2024-776661","Savitri Jain","02","7th","7th","A","7th - A","Sawai Singh Jain","Urmila","Sawai Singh Jain","9829167005","9829167005","9829167005","Kalyanpura, Barmer","Female","2013-08-19","ST","Raman",true,true,"Route 5 (Chohtan Circle - Tilak Nagar)",48000,36000,12000,12000,"Active"
"SR-2024-1702","ADM-5702","PEN-RJ-2024-640251","Digvijay Mittal","03","7th","7th","A","7th - A","Narpat Singh Mittal","Nirmala","Narpat Singh Mittal","9828878446","9828878446","9828878446","Kalyanpura, Barmer","Male","2013-06-20","General","Shivaji",true,true,"Route 8 (Rai Colony - Civil Lines)",48000,29000,19000,19000,"Active"
"SR-2024-1703","ADM-5703","PEN-RJ-2024-418382","Digvijay Rajput","04","7th","7th","A","7th - A","Teja Ram Rajput","Durga Devi","Teja Ram Rajput","8769904371","8769904371","8769904371","Plot 42, Civil Lines, Barmer","Male","2013-05-18","ST","Shivaji",false,false,"",36000,0,36000,36000,"Active"
"SR-2024-1704","ADM-5704","PEN-RJ-2024-528814","Laxman Purohit","05","7th","7th","A","7th - A","Jethmal Purohit","Savitri Devi","Jethmal Purohit","9414693433","9414693433","9414693433","Jasol Road, Balotra Highway, Barmer","Male","2013-01-02","ST","Ashoka",false,false,"",36000,36000,0,0,"Active"
"SR-2024-1705","ADM-5705","PEN-RJ-2024-339994","Shweta Jain","06","7th","7th","A","7th - A","Rikhabdas Jain","Geeta Devi","Rikhabdas Jain","9460988358","9460988358","9460988358","Sadar Bazaar, Near Old Fort, Barmer","Female","2013-09-04","General","Raman",false,false,"",36000,14500,21500,21500,"Active"
"SR-2024-1706","ADM-5706","PEN-RJ-2024-759401","Kuldeep Meghwal","07","7th","7th","A","7th - A","Ram Chandra Meghwal","Durga Devi","Ram Chandra Meghwal","9784216483","9784216483","9784216483","Station Road, Near Soni Dharmshala, Barmer","Male","2013-08-20","SC","Ashoka",false,false,"",36000,21500,14500,14500,"Active"
"SR-2024-1707","ADM-5707","PEN-RJ-2024-220693","Bhawani Mittal","08","7th","7th","A","7th - A","Sohan Lal Mittal","Sayar Kanwar","Sohan Lal Mittal","9414889872","9414889872","9414889872","Station Road, Near Soni Dharmshala, Barmer","Male","2013-10-13","ST","Raman",false,false,"",36000,21500,14500,14500,"Active"
"SR-2024-1708","ADM-5708","PEN-RJ-2024-304338","Mangi Jain","09","7th","7th","A","7th - A","Bhawani Singh Jain","Shanti Devi","Bhawani Singh Jain","9414366750","9414366750","9414366750","Jasol Road, Balotra Highway, Barmer","Male","2013-07-11","SC","Shivaji",true,true,"Route 3 (Station Road - Sadar Bazaar)",48000,29000,19000,19000,"Active"
"SR-2024-1709","ADM-5709","PEN-RJ-2024-185500","Bharti Jangid","10","7th","7th","A","7th - A","Prem Singh Jangid","Sugan Kanwar","Prem Singh Jangid","9414395837","9414395837","9414395837","Jasol Road, Balotra Highway, Barmer","Female","2013-06-08","ST","Raman",true,true,"Route 1 (Baldev Nagar - Ratan Singh Circle)",48000,36000,12000,12000,"Active"
"SR-2024-1710","ADM-5710","PEN-RJ-2024-242166","Sonam Soni","11","7th","7th","A","7th - A","Sohan Lal Soni","Meenakshi","Sohan Lal Soni","9784469350","9784469350","9784469350","Ramsar Road, Barmer","Female","2013-09-03","ST","Tagore",false,false,"",36000,14500,21500,21500,"Active"
"SR-2024-1711","ADM-5711","PEN-RJ-2024-393430","Hanuman Parihar","12","7th","7th","A","7th - A","Mahendra Parihar","Manju","Mahendra Parihar","8769627673","8769627673","8769627673","Plot 42, Civil Lines, Barmer","Male","2013-11-18","OBC","Ashoka",true,true,"Route 2 (Indira Colony - Shastri Nagar)",48000,0,48000,48000,"Active"
"SR-2024-1712","ADM-5712","PEN-RJ-2024-794139","Seema Charan","13","7th","7th","A","7th - A","Jagdish Prasad Charan","Anita","Jagdish Prasad Charan","9829424342","9829424342","9829424342","Baldev Nagar, Near Ratan Singh Circle, Barmer","Female","2013-11-21","ST","Ashoka",false,false,"",36000,36000,0,0,"Active"
"SR-2024-1713","ADM-5713","PEN-RJ-2024-421798","Pooja Mathur","14","7th","7th","A","7th - A","Ramesh Chand Mathur","Nirmala","Ramesh Chand Mathur","9460105221","9460105221","9460105221","Shastri Nagar, Sector 2, Barmer","Female","2013-01-15","OBC","Tagore",false,false,"",36000,0,36000,36000,"Active"
"SR-2024-1714","ADM-5714","PEN-RJ-2024-577226","Swati Dadhich","15","7th","7th","A","7th - A","Rikhabdas Dadhich","Sugan Kanwar","Rikhabdas Dadhich","9829555540","9829555540","9829555540","Sadar Bazaar, Near Old Fort, Barmer","Female","2013-12-13","SC","Raman",true,true,"Route 1 (Baldev Nagar - Ratan Singh Circle)",48000,19000,29000,29000,"Active"
"SR-2024-1715","ADM-5715","PEN-RJ-2024-563136","Rekha Shekhawat","16","7th","7th","A","7th - A","Sohan Lal Shekhawat","Meenakshi","Sohan Lal Shekhawat","9828587696","9828587696","9828587696","Chohtan Circle, Highway Link, Barmer","Female","2013-05-07","SC","Raman",false,false,"",36000,18000,18000,18000,"Active"
"SR-2024-1716","ADM-5716","PEN-RJ-2024-350686","Kailash Meena","17","7th","7th","A","7th - A","Jethmal Meena","Santosh","Jethmal Meena","8769772652","8769772652","8769772652","Sindhari Road, Near Bus Stand, Barmer","Male","2013-03-05","ST","Ashoka",false,false,"",36000,27000,9000,9000,"Active"
"SR-2024-1717","ADM-5717","PEN-RJ-2024-562825","Jyotsna Gupta","18","7th","7th","A","7th - A","Rajesh Gupta","Pooja","Rajesh Gupta","9784469039","9784469039","9784469039","Indira Colony, Lane 4, Barmer","Female","2013-08-03","SC","Raman",false,false,"",36000,18000,18000,18000,"Active"
"SR-2024-1718","ADM-5718","PEN-RJ-2024-974655","Navya Rathore","19","7th","7th","A","7th - A","Shaitan Singh Rathore","Meenakshi","Shaitan Singh Rathore","9460629100","9460629100","9460629100","Baldev Nagar, Near Ratan Singh Circle, Barmer","Female","2013-01-09","OBC","Tagore",false,false,"",36000,18000,18000,18000,"Active"
"SR-2024-1719","ADM-5719","PEN-RJ-2024-651600","Omprakash Purohit","20","7th","7th","A","7th - A","Shaitan Singh Purohit","Santosh","Shaitan Singh Purohit","9414224031","9414224031","9414224031","Chohtan Circle, Highway Link, Barmer","Male","2013-05-03","ST","Tagore",false,false,"",36000,18000,18000,18000,"Active"
"SR-2024-1720","ADM-5720","PEN-RJ-2024-231808","Preeti Vyas","21","7th","7th","A","7th - A","Roopa Ram Vyas","Sita Devi","Roopa Ram Vyas","9829791986","9829791986","9829791986","Kalyanpura, Barmer","Female","2013-07-09","General","Tagore",false,false,"",36000,36000,0,0,"Active"
"SR-2024-1721","ADM-5721","PEN-RJ-2024-391110","Rakesh Meena","22","7th","7th","A","7th - A","Sumer Singh Meena","Prem Kanwar","Sumer Singh Meena","9784608102","9784608102","9784608102","Nehru Nagar, Main Road, Barmer","Male","2013-09-08","ST","Shivaji",true,true,"Route 5 (Chohtan Circle - Tilak Nagar)",48000,48000,0,0,"Active"
"SR-2024-1722","ADM-5722","PEN-RJ-2024-852734","Ram Bhati","23","7th","7th","A","7th - A","Rajesh Bhati","Chandra Kanwar","Rajesh Bhati","9414553957","9414553957","9414553957","Sadar Bazaar, Near Old Fort, Barmer","Male","2013-06-02","SC","Shivaji",false,false,"",36000,36000,0,0,"Active"
"SR-2024-1723","ADM-5723","PEN-RJ-2024-589629","Bhanwar Rajput","24","7th","7th","A","7th - A","Bhawani Singh Rajput","Laxmi Devi","Bhawani Singh Rajput","9414928881","9414928881","9414928881","Tilak Nagar, Barmer","Male","2013-11-04","ST","Shivaji",false,false,"",36000,21500,14500,14500,"Active"
"SR-2024-1724","ADM-5724","PEN-RJ-2024-405923","Shaitan Charan","25","7th","7th","A","7th - A","Ram Chandra Charan","Sita Devi","Ram Chandra Charan","9828643605","9828643605","9828643605","Sindhari Road, Near Bus Stand, Barmer","Male","2013-07-22","SC","Tagore",true,true,"Route 7 (Sindhari Road - Kalyanpura)",48000,19000,29000,29000,"Active"
"SR-2024-1725","ADM-5725","PEN-RJ-2024-241499","Sai Bhati","26","7th","7th","A","7th - A","Mohan Lal Bhati","Anita","Mohan Lal Bhati","9414494715","9414494715","9414494715","Nehru Nagar, Main Road, Barmer","Male","2013-12-15","SC","Ashoka",false,false,"",36000,36000,0,0,"Active"
"SR-2024-1726","ADM-5726","PEN-RJ-2024-123993","Rampal Shekhawat","27","7th","7th","A","7th - A","Sumer Singh Shekhawat","Kanta Devi","Sumer Singh Shekhawat","8769628736","8769628736","8769628736","Plot 42, Civil Lines, Barmer","Male","2013-06-11","ST","Tagore",false,false,"",36000,18000,18000,18000,"Active"
"SR-2024-1727","ADM-5727","PEN-RJ-2024-625276","Rachna Panwar","28","7th","7th","A","7th - A","Dungar Ram Panwar","Sunita","Dungar Ram Panwar","9460890112","9460890112","9460890112","Sadar Bazaar, Near Old Fort, Barmer","Female","2013-10-20","OBC","Ashoka",false,false,"",36000,36000,0,0,"Active"
"SR-2024-1728","ADM-5728","PEN-RJ-2024-360296","Ram Goyal","29","7th","7th","A","7th - A","Surendra Goyal","Kamla Devi","Surendra Goyal","9829618056","9829618056","9829618056","Sindhari Road, Near Bus Stand, Barmer","Male","2013-02-22","ST","Shivaji",false,false,"",36000,36000,0,0,"Active"
"SR-2024-1729","ADM-5729","PEN-RJ-2024-358310","Laxman Goyal","30","7th","7th","A","7th - A","Bhagwan Das Goyal","Rekha","Bhagwan Das Goyal","9460814954","9460814954","9460814954","Plot 42, Civil Lines, Barmer","Male","2013-06-03","ST","Raman",true,true,"Route 6 (Uttarlai Road - Airforce Area)",48000,48000,0,0,"Active"
"SR-2024-1730","ADM-5730","PEN-RJ-2024-630399","Pari Verma","31","7th","7th","A","7th - A","Nemichand Verma","Laxmi Devi","Nemichand Verma","9784891213","9784891213","9784891213","Kalyanpura, Barmer","Female","2013-11-23","General","Tagore",false,false,"",36000,0,36000,36000,"Active"
"SR-2024-1731","ADM-5731","PEN-RJ-2024-843280","Aadhya Suthar","32","7th","7th","A","7th - A","Surendra Suthar","Parvati Devi","Surendra Suthar","9829430437","9829430437","9829430437","Uttarlai Road, Near KV School, Barmer","Female","2013-04-04","ST","Ashoka",false,false,"",36000,21500,14500,14500,"Active"
"SR-2024-1732","ADM-5732","PEN-RJ-2024-258735","Sai Lohar","33","7th","7th","A","7th - A","Gopal Lohar","Durga Devi","Gopal Lohar","9829236907","9829236907","9829236907","Jasol Road, Balotra Highway, Barmer","Male","2013-09-28","ST","Tagore",false,false,"",36000,36000,0,0,"Active"
"SR-2024-1733","ADM-5733","PEN-RJ-2024-827264","Sunil Vyas","34","7th","7th","A","7th - A","Pabu Ram Vyas","Santosh","Pabu Ram Vyas","9784470470","9784470470","9784470470","Indira Colony, Lane 4, Barmer","Male","2013-10-02","General","Tagore",false,false,"",36000,21500,14500,14500,"Active"
"SR-2024-1734","ADM-5734","PEN-RJ-2024-958358","Angel Agarwal","35","7th","7th","A","7th - A","Jagdish Prasad Agarwal","Kanta Devi","Jagdish Prasad Agarwal","9829362727","9829362727","9829362727","Khatan Kocha, Inside City, Barmer","Female","2013-01-02","OBC","Ashoka",true,true,"Route 5 (Chohtan Circle - Tilak Nagar)",48000,29000,19000,19000,"Active"
"SR-2024-1735","ADM-5735","PEN-RJ-2024-676230","Savitri Shekhawat","36","7th","7th","A","7th - A","Dinesh Shekhawat","Mohan Kanwar","Dinesh Shekhawat","9829104929","9829104929","9829104929","Nehru Nagar, Main Road, Barmer","Female","2013-12-07","ST","Ashoka",false,false,"",36000,27000,9000,9000,"Active"
"SR-2024-1736","ADM-5736","PEN-RJ-2024-493307","Vikram Joshi","37","7th","7th","A","7th - A","Ramesh Chand Joshi","Gulab Kanwar","Ramesh Chand Joshi","9828345830","9828345830","9828345830","Baytu Link Road, Barmer","Male","2013-06-04","ST","Tagore",false,false,"",36000,0,36000,36000,"Active"
"SR-2024-1737","ADM-5737","PEN-RJ-2024-373897","Arnav Trivedi","38","7th","7th","A","7th - A","Gopal Trivedi","Kamla Devi","Gopal Trivedi","9784447396","9784447396","9784447396","Rai Colony, Near Water Tank, Barmer","Male","2013-04-26","ST","Ashoka",false,false,"",36000,18000,18000,18000,"Active"
"SR-2024-1738","ADM-5738","PEN-RJ-2024-348117","Rakesh Bishnoi","39","7th","7th","A","7th - A","Teja Ram Bishnoi","Nirmala","Teja Ram Bishnoi","9829656136","9829656136","9829656136","Baytu Link Road, Barmer","Male","2013-10-05","OBC","Tagore",false,false,"",36000,0,36000,36000,"Active"
"SR-2024-1739","ADM-5739","PEN-RJ-2024-537913","Manju Bansal","40","7th","7th","A","7th - A","Manak Chand Bansal","Meenakshi","Manak Chand Bansal","9828198198","9828198198","9828198198","Indira Colony, Lane 4, Barmer","Female","2013-06-02","General","Shivaji",false,false,"",36000,14500,21500,21500,"Active"
"SR-2024-1740","ADM-5740","PEN-RJ-2024-191551","Pushpa Sharma","01","7th","7th","B","7th - B","Shaitan Singh Sharma","Gulab Kanwar","Shaitan Singh Sharma","9460655828","9460655828","9460655828","Chohtan Circle, Highway Link, Barmer","Female","2013-09-13","OBC","Raman",false,false,"",36000,36000,0,0,"Active"
"SR-2024-1741","ADM-5741","PEN-RJ-2024-684939","Divya Jangid","02","7th","7th","B","7th - B","Dungar Ram Jangid","Durga Devi","Dungar Ram Jangid","9460204790","9460204790","9460204790","Chohtan Circle, Highway Link, Barmer","Female","2013-04-17","General","Shivaji",true,true,"Route 7 (Sindhari Road - Kalyanpura)",48000,0,48000,48000,"Active"
"SR-2024-1742","ADM-5742","PEN-RJ-2024-514825","Aditya Vyas","03","7th","7th","B","7th - B","Vimalchand Vyas","Meenakshi","Vimalchand Vyas","9414415311","9414415311","9414415311","Uttarlai Road, Near KV School, Barmer","Male","2013-06-13","ST","Ashoka",false,false,"",36000,27000,9000,9000,"Active"
"SR-2024-1743","ADM-5743","PEN-RJ-2024-315406","Vimla Charan","04","7th","7th","B","7th - B","Bhawani Singh Charan","Sugan Kanwar","Bhawani Singh Charan","9828223884","9828223884","9828223884","Sadar Bazaar, Near Old Fort, Barmer","Female","2013-03-08","OBC","Tagore",true,true,"Route 7 (Sindhari Road - Kalyanpura)",48000,48000,0,0,"Active"
"SR-2024-1744","ADM-5744","PEN-RJ-2024-533215","Nirmala Mathur","05","7th","7th","B","7th - B","Ram Chandra Mathur","Bhanwar Kanwar","Ram Chandra Mathur","9829885766","9829885766","9829885766","Opp. Collectorate, Mahaveer Nagar, Barmer","Female","2013-02-22","General","Raman",true,true,"Route 3 (Station Road - Sadar Bazaar)",48000,0,48000,48000,"Active"
"SR-2024-1745","ADM-5745","PEN-RJ-2024-398761","Sharda Garg","06","7th","7th","B","7th - B","Prem Singh Garg","Manju","Prem Singh Garg","9829503824","9829503824","9829503824","Nehru Nagar, Main Road, Barmer","Female","2013-07-08","General","Raman",true,true,"Route 4 (Mahaveer Nagar - Collectorate)",48000,48000,0,0,"Active"
"SR-2024-1746","ADM-5746","PEN-RJ-2024-541655","Bharat Panwar","07","7th","7th","B","7th - B","Mangi Lal Panwar","Sita Devi","Mangi Lal Panwar","8769871367","8769871367","8769871367","Ramsar Road, Barmer","Male","2013-04-13","OBC","Tagore",false,false,"",36000,21500,14500,14500,"Active"
"SR-2024-1747","ADM-5747","PEN-RJ-2024-728172","Chhavi Charan","08","7th","7th","B","7th - B","Parasmal Charan","Pushpa Devi","Parasmal Charan","9828873075","9828873075","9828873075","Nehru Nagar, Main Road, Barmer","Female","2013-09-10","SC","Shivaji",true,true,"Route 1 (Baldev Nagar - Ratan Singh Circle)",48000,36000,12000,12000,"Active"
"SR-2024-1748","ADM-5748","PEN-RJ-2024-956721","Tarun Choudhary","09","7th","7th","B","7th - B","Roopa Ram Choudhary","Mohan Kanwar","Roopa Ram Choudhary","9784968384","9784968384","9784968384","Nehru Nagar, Main Road, Barmer","Male","2013-06-01","General","Tagore",false,false,"",36000,36000,0,0,"Active"
"SR-2024-1749","ADM-5749","PEN-RJ-2024-441747","Virendra Maheshwari","10","7th","7th","B","7th - B","Ashok Maheshwari","Sunita","Ashok Maheshwari","9460619310","9460619310","9460619310","Nehru Nagar, Main Road, Barmer","Male","2013-07-21","General","Tagore",true,true,"Route 5 (Chohtan Circle - Tilak Nagar)",48000,0,48000,48000,"Active"
"SR-2024-1750","ADM-5750","PEN-RJ-2024-638492","Jaideep Jain","11","7th","7th","B","7th - B","Ashok Jain","Anita","Ashok Jain","9414413063","9414413063","9414413063","Jasol Road, Balotra Highway, Barmer","Male","2013-04-14","SC","Tagore",false,false,"",36000,36000,0,0,"Active"
"SR-2024-1751","ADM-5751","PEN-RJ-2024-252305","Kamlesh Purohit","12","7th","7th","B","7th - B","Narpat Singh Purohit","Urmila","Narpat Singh Purohit","9829840119","9829840119","9829840119","Shastri Nagar, Sector 2, Barmer","Male","2013-10-19","ST","Shivaji",false,false,"",36000,14500,21500,21500,"Active"
"SR-2024-1752","ADM-5752","PEN-RJ-2024-939651","Manju Rajput","13","7th","7th","B","7th - B","Rajesh Rajput","Anita","Rajesh Rajput","9829998833","9829998833","9829998833","Opp. Collectorate, Mahaveer Nagar, Barmer","Female","2013-12-06","OBC","Ashoka",true,true,"Route 5 (Chohtan Circle - Tilak Nagar)",48000,24000,24000,24000,"Active"
"SR-2024-1753","ADM-5753","PEN-RJ-2024-767572","Jaswant Bansal","14","7th","7th","B","7th - B","Mohan Lal Bansal","Durga Devi","Mohan Lal Bansal","9414533617","9414533617","9414533617","Shastri Nagar, Sector 2, Barmer","Male","2013-10-12","SC","Shivaji",false,false,"",36000,27000,9000,9000,"Active"
"SR-2024-1754","ADM-5754","PEN-RJ-2024-938413","Shyam Mathur","15","7th","7th","B","7th - B","Bhanwar Singh Mathur","Santosh","Bhanwar Singh Mathur","9828444942","9828444942","9828444942","Tilak Nagar, Barmer","Male","2013-06-28","ST","Raman",false,false,"",36000,14500,21500,21500,"Active"
"SR-2024-1755","ADM-5755","PEN-RJ-2024-799745","Mohan Sharma","16","7th","7th","B","7th - B","Tarachand Sharma","Parvati Devi","Tarachand Sharma","9828569304","9828569304","9828569304","Rai Colony, Near Water Tank, Barmer","Male","2013-06-22","OBC","Raman",false,false,"",36000,36000,0,0,"Active"
"SR-2024-1756","ADM-5756","PEN-RJ-2024-823793","Sonam Singhal","17","7th","7th","B","7th - B","Prem Singh Singhal","Chandra Kanwar","Prem Singh Singhal","9460651113","9460651113","9460651113","Indira Colony, Lane 4, Barmer","Female","2013-07-12","OBC","Shivaji",true,true,"Route 1 (Baldev Nagar - Ratan Singh Circle)",48000,48000,0,0,"Active"
"SR-2024-1757","ADM-5757","PEN-RJ-2024-809277","Ansh Suthar","18","7th","7th","B","7th - B","Teja Ram Suthar","Rukmani Devi","Teja Ram Suthar","9460654940","9460654940","9460654940","Opp. Collectorate, Mahaveer Nagar, Barmer","Male","2013-03-25","SC","Shivaji",true,true,"Route 7 (Sindhari Road - Kalyanpura)",48000,24000,24000,24000,"Active"
"SR-2024-1758","ADM-5758","PEN-RJ-2024-248453","Varsha Bansal","19","7th","7th","B","7th - B","Hanuman Ram Bansal","Sayar Kanwar","Hanuman Ram Bansal","9784119812","9784119812","9784119812","Rai Colony, Near Water Tank, Barmer","Female","2013-11-21","OBC","Raman",false,false,"",36000,14500,21500,21500,"Active"
"SR-2024-1759","ADM-5759","PEN-RJ-2024-724002","Swati Dewasi","20","7th","7th","B","7th - B","Jabbar Singh Dewasi","Rukmani Devi","Jabbar Singh Dewasi","9460732780","9460732780","9460732780","Sindhari Road, Near Bus Stand, Barmer","Female","2013-12-03","SC","Ashoka",false,false,"",36000,36000,0,0,"Active"
"SR-2024-1760","ADM-5760","PEN-RJ-2024-744750","Bhawani Dadhich","21","7th","7th","B","7th - B","Ramesh Chand Dadhich","Sugan Kanwar","Ramesh Chand Dadhich","9460614253","9460614253","9460614253","Sindhari Road, Near Bus Stand, Barmer","Male","2013-06-21","ST","Tagore",false,false,"",36000,0,36000,36000,"Active"
"SR-2024-1761","ADM-5761","PEN-RJ-2024-872359","Devendra Mathur","22","7th","7th","B","7th - B","Narpat Singh Mathur","Gulab Kanwar","Narpat Singh Mathur","9828356498","9828356498","9828356498","Khatan Kocha, Inside City, Barmer","Male","2013-05-05","General","Ashoka",false,false,"",36000,0,36000,36000,"Active"
"SR-2024-1762","ADM-5762","PEN-RJ-2024-629050","Diya Dave","23","7th","7th","B","7th - B","Uttamchand Dave","Pushpa Devi","Uttamchand Dave","9414648872","9414648872","9414648872","Sindhari Road, Near Bus Stand, Barmer","Female","2013-03-27","OBC","Raman",false,false,"",36000,0,36000,36000,"Active"
"SR-2024-1763","ADM-5763","PEN-RJ-2024-795850","Divya Goyal","24","7th","7th","B","7th - B","Jagdish Prasad Goyal","Chandra Kanwar","Jagdish Prasad Goyal","9828885432","9828885432","9828885432","Sindhari Road, Near Bus Stand, Barmer","Female","2013-04-01","ST","Raman",false,false,"",36000,36000,0,0,"Active"
"SR-2024-1764","ADM-5764","PEN-RJ-2024-971776","Shaurya Gaur","25","7th","7th","B","7th - B","Parasmal Gaur","Sayar Kanwar","Parasmal Gaur","9828401725","9828401725","9828401725","Uttarlai Road, Near KV School, Barmer","Male","2013-01-11","OBC","Raman",true,true,"Route 6 (Uttarlai Road - Airforce Area)",48000,29000,19000,19000,"Active"
"SR-2024-1765","ADM-5765","PEN-RJ-2024-667037","Madhav Trivedi","26","7th","7th","B","7th - B","Surendra Trivedi","Rekha","Surendra Trivedi","9414970647","9414970647","9414970647","Sindhari Road, Near Bus Stand, Barmer","Male","2013-02-14","ST","Shivaji",true,true,"Route 7 (Sindhari Road - Kalyanpura)",48000,29000,19000,19000,"Active"
"SR-2024-1766","ADM-5766","PEN-RJ-2024-113510","Jabbar Parihar","27","7th","7th","B","7th - B","Shaitan Singh Parihar","Prem Kanwar","Shaitan Singh Parihar","9829707496","9829707496","9829707496","Opp. Collectorate, Mahaveer Nagar, Barmer","Male","2013-06-07","General","Ashoka",false,false,"",36000,18000,18000,18000,"Active"
"SR-2024-1767","ADM-5767","PEN-RJ-2024-947793","Komal Rajput","28","7th","7th","B","7th - B","Rajesh Rajput","Chandra Kanwar","Rajesh Rajput","9784668794","9784668794","9784668794","Laxmi Nagar, Street 3, Barmer","Female","2013-06-05","SC","Tagore",false,false,"",36000,18000,18000,18000,"Active"
"SR-2024-1768","ADM-5768","PEN-RJ-2024-197086","Aarti Kumhar","29","7th","7th","B","7th - B","Uttamchand Kumhar","Savitri Devi","Uttamchand Kumhar","9784519471","9784519471","9784519471","Rai Colony, Near Water Tank, Barmer","Female","2013-10-04","OBC","Shivaji",true,true,"Route 1 (Baldev Nagar - Ratan Singh Circle)",48000,36000,12000,12000,"Active"
"SR-2024-1769","ADM-5769","PEN-RJ-2024-560221","Pushpa Purohit","30","7th","7th","B","7th - B","Vimalchand Purohit","Urmila","Vimalchand Purohit","9784466916","9784466916","9784466916","Shastri Nagar, Sector 2, Barmer","Female","2013-09-26","ST","Raman",true,true,"Route 6 (Uttarlai Road - Airforce Area)",48000,19000,29000,29000,"Active"
"SR-2024-1770","ADM-5770","PEN-RJ-2024-226013","Vivaan Bansal","31","7th","7th","B","7th - B","Bhagwan Das Bansal","Parvati Devi","Bhagwan Das Bansal","8769539774","8769539774","8769539774","Ramsar Road, Barmer","Male","2013-02-19","SC","Ashoka",true,true,"Route 6 (Uttarlai Road - Airforce Area)",48000,36000,12000,12000,"Active"
"SR-2024-1771","ADM-5771","PEN-RJ-2024-758704","Sharda Maheshwari","32","7th","7th","B","7th - B","Parasmal Maheshwari","Rekha","Parasmal Maheshwari","9414443521","9414443521","9414443521","Station Road, Near Soni Dharmshala, Barmer","Female","2013-03-05","General","Shivaji",false,false,"",36000,0,36000,36000,"Active"
"SR-2024-1772","ADM-5772","PEN-RJ-2024-511158","Advik Dave","33","7th","7th","B","7th - B","Pabu Ram Dave","Santosh","Pabu Ram Dave","9829187677","9829187677","9829187677","Ramsar Road, Barmer","Male","2013-02-28","SC","Raman",false,false,"",36000,36000,0,0,"Active"
"SR-2024-1773","ADM-5773","PEN-RJ-2024-375229","Nikhil Jain","34","7th","7th","B","7th - B","Ramesh Chand Jain","Sayar Kanwar","Ramesh Chand Jain","9414891271","9414891271","9414891271","Panch Batti Circle, Barmer","Male","2013-09-04","ST","Tagore",false,false,"",36000,27000,9000,9000,"Active"
"SR-2024-1774","ADM-5774","PEN-RJ-2024-847737","Aman Gaur","35","7th","7th","B","7th - B","Mangi Lal Gaur","Prem Kanwar","Mangi Lal Gaur","9414585628","9414585628","9414585628","Khatan Kocha, Inside City, Barmer","Male","2013-01-15","ST","Raman",false,false,"",36000,0,36000,36000,"Active"
"SR-2024-1775","ADM-5775","PEN-RJ-2024-226365","Naresh Choudhary","36","7th","7th","B","7th - B","Narpat Singh Choudhary","Sharda","Narpat Singh Choudhary","9460619790","9460619790","9460619790","Indira Colony, Lane 4, Barmer","Male","2013-02-26","General","Tagore",false,false,"",36000,0,36000,36000,"Active"
"SR-2024-1776","ADM-5776","PEN-RJ-2024-572823","Laxmi Jain","37","7th","7th","B","7th - B","Parasmal Jain","Manju","Parasmal Jain","9828650525","9828650525","9828650525","Laxmi Nagar, Street 3, Barmer","Female","2013-03-09","ST","Ashoka",false,false,"",36000,36000,0,0,"Active"
"SR-2024-1777","ADM-5777","PEN-RJ-2024-525652","Dimple Joshi","38","7th","7th","B","7th - B","Teja Ram Joshi","Mohan Kanwar","Teja Ram Joshi","9414731254","9414731254","9414731254","Shastri Nagar, Sector 2, Barmer","Female","2013-01-21","General","Raman",false,false,"",36000,14500,21500,21500,"Active"
"SR-2024-1778","ADM-5778","PEN-RJ-2024-634648","Ram Suthar","39","7th","7th","B","7th - B","Rajesh Suthar","Anita","Rajesh Suthar","9828994967","9828994967","9828994967","Panch Batti Circle, Barmer","Male","2013-09-14","ST","Tagore",false,false,"",36000,0,36000,36000,"Active"
"SR-2024-1779","ADM-5779","PEN-RJ-2024-473570","Sushila Gehlot","40","7th","7th","B","7th - B","Surendra Gehlot","Mohan Kanwar","Surendra Gehlot","9460386085","9460386085","9460386085","Uttarlai Road, Near KV School, Barmer","Female","2013-08-08","ST","Ashoka",false,false,"",36000,36000,0,0,"Active"
"SR-2024-1780","ADM-5780","PEN-RJ-2024-646848","Ram Verma","01","7th","7th","C","7th - C","Bhawani Singh Verma","Anita","Bhawani Singh Verma","9829681859","9829681859","9829681859","Shastri Nagar, Sector 2, Barmer","Male","2013-11-06","OBC","Tagore",true,true,"Route 5 (Chohtan Circle - Tilak Nagar)",48000,48000,0,0,"Active"
"SR-2024-1781","ADM-5781","PEN-RJ-2024-264537","Sonal Lohar","02","7th","7th","C","7th - C","Chhagan Lal Lohar","Prem Kanwar","Chhagan Lal Lohar","9460941658","9460941658","9460941658","Jasol Road, Balotra Highway, Barmer","Female","2013-04-10","OBC","Shivaji",true,true,"Route 3 (Station Road - Sadar Bazaar)",48000,19000,29000,29000,"Active"
"SR-2024-1782","ADM-5782","PEN-RJ-2024-718335","Ansh Raika","03","7th","7th","C","7th - C","Sohan Lal Raika","Sita Devi","Sohan Lal Raika","9414124860","9414124860","9414124860","Station Road, Near Soni Dharmshala, Barmer","Male","2013-06-01","ST","Ashoka",true,true,"Route 4 (Mahaveer Nagar - Collectorate)",48000,48000,0,0,"Active"
"SR-2024-1783","ADM-5783","PEN-RJ-2024-505631","Asha Verma","04","7th","7th","C","7th - C","Bhagwan Das Verma","Urmila","Bhagwan Das Verma","9460159530","9460159530","9460159530","Sindhari Road, Near Bus Stand, Barmer","Female","2013-05-10","General","Ashoka",false,false,"",36000,0,36000,36000,"Active"
"SR-2024-1784","ADM-5784","PEN-RJ-2024-299424","Rakesh Sharma","05","7th","7th","C","7th - C","Khimraj Sharma","Mohan Kanwar","Khimraj Sharma","9784872368","9784872368","9784872368","Plot 42, Civil Lines, Barmer","Male","2013-07-03","General","Raman",true,true,"Route 3 (Station Road - Sadar Bazaar)",48000,48000,0,0,"Active"
"SR-2024-1785","ADM-5785","PEN-RJ-2024-975061","Prisha Chauhan","06","7th","7th","C","7th - C","Vimalchand Chauhan","Nirmala","Vimalchand Chauhan","9784625724","9784625724","9784625724","Jasol Road, Balotra Highway, Barmer","Female","2013-05-03","General","Shivaji",false,false,"",36000,0,36000,36000,"Active"
"SR-2024-1786","ADM-5786","PEN-RJ-2024-339292","Paras Bishnoi","07","7th","7th","C","7th - C","Suresh Bishnoi","Urmila","Suresh Bishnoi","9784553800","9784553800","9784553800","Laxmi Nagar, Street 3, Barmer","Male","2013-01-24","ST","Ashoka",false,false,"",36000,18000,18000,18000,"Active"
"SR-2024-1787","ADM-5787","PEN-RJ-2024-760091","Atharv Lohar","08","7th","7th","C","7th - C","Mahendra Lohar","Meenakshi","Mahendra Lohar","9460319678","9460319678","9460319678","Laxmi Nagar, Street 3, Barmer","Male","2013-05-16","ST","Ashoka",false,false,"",36000,14500,21500,21500,"Active"
"SR-2024-1788","ADM-5788","PEN-RJ-2024-960882","Deepak Purohit","09","7th","7th","C","7th - C","Narpat Singh Purohit","Laxmi Devi","Narpat Singh Purohit","9828103244","9828103244","9828103244","Shastri Nagar, Sector 2, Barmer","Male","2013-06-22","SC","Raman",false,false,"",36000,36000,0,0,"Active"
"SR-2024-1789","ADM-5789","PEN-RJ-2024-498674","Chhagan Maheshwari","10","7th","7th","C","7th - C","Nemichand Maheshwari","Meenakshi","Nemichand Maheshwari","9414660236","9414660236","9414660236","Tilak Nagar, Barmer","Male","2013-04-13","General","Tagore",false,false,"",36000,36000,0,0,"Active"
"SR-2024-1790","ADM-5790","PEN-RJ-2024-769279","Neha Agarwal","11","7th","7th","C","7th - C","Mahendra Agarwal","Anita","Mahendra Agarwal","9828944767","9828944767","9828944767","Sindhari Road, Near Bus Stand, Barmer","Female","2013-03-07","ST","Tagore",false,false,"",36000,21500,14500,14500,"Active"
"SR-2024-1791","ADM-5791","PEN-RJ-2024-413539","Saanvi Soni","12","7th","7th","C","7th - C","Kailash Soni","Laxmi Devi","Kailash Soni","9460932535","9460932535","9460932535","Indira Colony, Lane 4, Barmer","Female","2013-03-10","SC","Shivaji",false,false,"",36000,36000,0,0,"Active"
"SR-2024-1792","ADM-5792","PEN-RJ-2024-777252","Surendra Trivedi","13","7th","7th","C","7th - C","Ram Chandra Trivedi","Rekha","Ram Chandra Trivedi","9414418607","9414418607","9414418607","Uttarlai Road, Near KV School, Barmer","Male","2013-09-08","SC","Raman",false,false,"",36000,27000,9000,9000,"Active"
"SR-2024-1793","ADM-5793","PEN-RJ-2024-599775","Omprakash Lohar","14","7th","7th","C","7th - C","Kailash Lohar","Laxmi Devi","Kailash Lohar","9829597380","9829597380","9829597380","Plot 42, Civil Lines, Barmer","Male","2013-10-23","General","Ashoka",false,false,"",36000,18000,18000,18000,"Active"
"SR-2024-1794","ADM-5794","PEN-RJ-2024-310929","Chhagan Goyal","15","7th","7th","C","7th - C","Uttamchand Goyal","Sunita","Uttamchand Goyal","9829598708","9829598708","9829598708","Rai Colony, Near Water Tank, Barmer","Male","2013-01-13","General","Shivaji",true,true,"Route 3 (Station Road - Sadar Bazaar)",48000,0,48000,48000,"Active"
"SR-2024-1795","ADM-5795","PEN-RJ-2024-619834","Shravan Maheshwari","16","7th","7th","C","7th - C","Bhawani Singh Maheshwari","Kanta Devi","Bhawani Singh Maheshwari","9414310888","9414310888","9414310888","Baldev Nagar, Near Ratan Singh Circle, Barmer","Male","2013-01-14","General","Raman",true,true,"Route 3 (Station Road - Sadar Bazaar)",48000,29000,19000,19000,"Active"
"SR-2024-1796","ADM-5796","PEN-RJ-2024-923735","Pradeep Chauhan","17","7th","7th","C","7th - C","Suresh Chauhan","Bhanwar Kanwar","Suresh Chauhan","8769263159","8769263159","8769263159","Sindhari Road, Near Bus Stand, Barmer","Male","2013-08-20","ST","Tagore",false,false,"",36000,14500,21500,21500,"Active"
"SR-2024-1797","ADM-5797","PEN-RJ-2024-689385","Hardeep Agarwal","18","7th","7th","C","7th - C","Manak Chand Agarwal","Geeta Devi","Manak Chand Agarwal","9414797673","9414797673","9414797673","Chohtan Circle, Highway Link, Barmer","Male","2013-02-04","SC","Tagore",false,false,"",36000,36000,0,0,"Active"
"SR-2024-1798","ADM-5798","PEN-RJ-2024-567028","Kabir Agarwal","19","7th","7th","C","7th - C","Ramesh Chand Agarwal","Pooja","Ramesh Chand Agarwal","9829213130","9829213130","9829213130","Ramsar Road, Barmer","Male","2013-10-06","General","Tagore",true,true,"Route 8 (Rai Colony - Civil Lines)",48000,24000,24000,24000,"Active"
"SR-2024-1799","ADM-5799","PEN-RJ-2024-513944","Anita Agarwal","20","7th","7th","C","7th - C","Manak Chand Agarwal","Anita","Manak Chand Agarwal","9829261842","9829261842","9829261842","Station Road, Near Soni Dharmshala, Barmer","Female","2013-06-23","OBC","Shivaji",true,true,"Route 6 (Uttarlai Road - Airforce Area)",48000,19000,29000,29000,"Active"
"SR-2024-1800","ADM-5800","PEN-RJ-2024-618979","Rahul Bhati","21","7th","7th","C","7th - C","Suresh Bhati","Pooja","Suresh Bhati","9414361270","9414361270","9414361270","Uttarlai Road, Near KV School, Barmer","Male","2013-12-12","General","Tagore",false,false,"",36000,18000,18000,18000,"Active"
"SR-2024-1801","ADM-5801","PEN-RJ-2024-757454","Narendra Panwar","22","7th","7th","C","7th - C","Gopal Panwar","Prem Kanwar","Gopal Panwar","9784222177","9784222177","9784222177","Sadar Bazaar, Near Old Fort, Barmer","Male","2013-11-12","General","Shivaji",true,true,"Route 2 (Indira Colony - Shastri Nagar)",48000,29000,19000,19000,"Active"
"SR-2024-1802","ADM-5802","PEN-RJ-2024-620760","Aayush Raika","23","7th","7th","C","7th - C","Mangi Lal Raika","Anand Kanwar","Mangi Lal Raika","9414464710","9414464710","9414464710","Laxmi Nagar, Street 3, Barmer","Male","2013-06-13","OBC","Shivaji",true,true,"Route 8 (Rai Colony - Civil Lines)",48000,0,48000,48000,"Active"
"SR-2024-1803","ADM-5803","PEN-RJ-2024-836815","Kuldeep Bishnoi","24","7th","7th","C","7th - C","Prem Singh Bishnoi","Rukmani Devi","Prem Singh Bishnoi","9828196686","9828196686","9828196686","Baytu Link Road, Barmer","Male","2013-09-23","General","Tagore",false,false,"",36000,36000,0,0,"Active"
"SR-2024-1804","ADM-5804","PEN-RJ-2024-601787","Narendra Bishnoi","25","7th","7th","C","7th - C","Nemichand Bishnoi","Shanti Devi","Nemichand Bishnoi","9828226668","9828226668","9828226668","Kalyanpura, Barmer","Male","2013-02-05","General","Shivaji",true,true,"Route 4 (Mahaveer Nagar - Collectorate)",48000,19000,29000,29000,"Active"
"SR-2024-1805","ADM-5805","PEN-RJ-2024-524747","Laxmi Parihar","26","7th","7th","C","7th - C","Prem Singh Parihar","Santosh","Prem Singh Parihar","9784637000","9784637000","9784637000","Baldev Nagar, Near Ratan Singh Circle, Barmer","Female","2013-09-22","ST","Ashoka",false,false,"",36000,0,36000,36000,"Active"
"SR-2024-1806","ADM-5806","PEN-RJ-2024-147553","Govind Gehlot","27","7th","7th","C","7th - C","Prem Singh Gehlot","Rekha","Prem Singh Gehlot","9460638585","9460638585","9460638585","Sindhari Road, Near Bus Stand, Barmer","Male","2013-05-10","ST","Shivaji",true,true,"Route 6 (Uttarlai Road - Airforce Area)",48000,0,48000,48000,"Active"
"SR-2024-1807","ADM-5807","PEN-RJ-2024-678343","Tarun Rajput","28","7th","7th","C","7th - C","Sumer Singh Rajput","Nirmala","Sumer Singh Rajput","9829151336","9829151336","9829151336","Plot 42, Civil Lines, Barmer","Male","2013-01-07","OBC","Raman",false,false,"",36000,18000,18000,18000,"Active"
"SR-2024-1808","ADM-5808","PEN-RJ-2024-805883","Vijay Garg","29","7th","7th","C","7th - C","Vimalchand Garg","Pushpa Devi","Vimalchand Garg","9460148099","9460148099","9460148099","Laxmi Nagar, Street 3, Barmer","Male","2013-04-02","SC","Shivaji",true,true,"Route 5 (Chohtan Circle - Tilak Nagar)",48000,36000,12000,12000,"Active"
"SR-2024-1809","ADM-5809","PEN-RJ-2024-986499","Sneha Bishnoi","30","7th","7th","C","7th - C","Suresh Bishnoi","Kamla Devi","Suresh Bishnoi","9784551902","9784551902","9784551902","Ramsar Road, Barmer","Female","2013-09-16","OBC","Raman",false,false,"",36000,18000,18000,18000,"Active"
"SR-2024-1810","ADM-5810","PEN-RJ-2024-323448","Jitendra Soni","31","7th","7th","C","7th - C","Ashok Soni","Meenakshi","Ashok Soni","9414688224","9414688224","9414688224","Plot 42, Civil Lines, Barmer","Male","2013-01-01","SC","Ashoka",false,false,"",36000,0,36000,36000,"Active"
"SR-2024-1811","ADM-5811","PEN-RJ-2024-314385","Sahil Verma","32","7th","7th","C","7th - C","Mahendra Verma","Shanti Devi","Mahendra Verma","9828612633","9828612633","9828612633","Uttarlai Road, Near KV School, Barmer","Male","2013-02-10","ST","Tagore",true,true,"Route 7 (Sindhari Road - Kalyanpura)",48000,48000,0,0,"Active"
"SR-2024-1812","ADM-5812","PEN-RJ-2024-569275","Barkha Chauhan","33","7th","7th","C","7th - C","Dungar Ram Chauhan","Nirmala","Dungar Ram Chauhan","9784822641","9784822641","9784822641","Baldev Nagar, Near Ratan Singh Circle, Barmer","Female","2013-04-18","SC","Shivaji",false,false,"",36000,36000,0,0,"Active"
"SR-2024-1813","ADM-5813","PEN-RJ-2024-239881","Jaideep Trivedi","34","7th","7th","C","7th - C","Rikhabdas Trivedi","Savitri Devi","Rikhabdas Trivedi","9414206775","9414206775","9414206775","Khatan Kocha, Inside City, Barmer","Male","2013-01-04","ST","Raman",false,false,"",36000,18000,18000,18000,"Active"
"SR-2024-1814","ADM-5814","PEN-RJ-2024-343383","Aarohi Sharma","35","7th","7th","C","7th - C","Kalyan Singh Sharma","Meenakshi","Kalyan Singh Sharma","9460303702","9460303702","9460303702","Panch Batti Circle, Barmer","Female","2013-06-27","ST","Raman",false,false,"",36000,18000,18000,18000,"Active"
"SR-2024-1815","ADM-5815","PEN-RJ-2024-847225","Sai Gehlot","36","7th","7th","C","7th - C","Mahendra Gehlot","Anand Kanwar","Mahendra Gehlot","9414357160","9414357160","9414357160","Baldev Nagar, Near Ratan Singh Circle, Barmer","Male","2013-03-01","General","Ashoka",false,false,"",36000,0,36000,36000,"Active"
"SR-2024-1816","ADM-5816","PEN-RJ-2024-278645","Bhanwar Gaur","37","7th","7th","C","7th - C","Loonkaran Gaur","Kanta Devi","Loonkaran Gaur","9414266029","9414266029","9414266029","Jasol Road, Balotra Highway, Barmer","Male","2013-09-25","SC","Raman",true,true,"Route 5 (Chohtan Circle - Tilak Nagar)",48000,0,48000,48000,"Active"
"SR-2024-1817","ADM-5817","PEN-RJ-2024-790619","Saanvi Mittal","38","7th","7th","C","7th - C","Tarachand Mittal","Kanta Devi","Tarachand Mittal","9460160374","9460160374","9460160374","Shastri Nagar, Sector 2, Barmer","Female","2013-03-07","SC","Raman",true,true,"Route 4 (Mahaveer Nagar - Collectorate)",48000,0,48000,48000,"Active"
"SR-2024-1818","ADM-5818","PEN-RJ-2024-503000","Chhavi Maheshwari","39","7th","7th","C","7th - C","Parasmal Maheshwari","Kanta Devi","Parasmal Maheshwari","9829267678","9829267678","9829267678","Indira Colony, Lane 4, Barmer","Female","2013-05-26","OBC","Tagore",false,false,"",36000,0,36000,36000,"Active"
"SR-2024-1819","ADM-5819","PEN-RJ-2024-587236","Dev Panwar","40","7th","7th","C","7th - C","Prem Singh Panwar","Sayar Kanwar","Prem Singh Panwar","9828176790","9828176790","9828176790","Sindhari Road, Near Bus Stand, Barmer","Male","2013-09-12","OBC","Ashoka",true,true,"Route 7 (Sindhari Road - Kalyanpura)",48000,48000,0,0,"Active"
"SR-2024-1820","ADM-5820","PEN-RJ-2024-464289","Mandeep Agarwal","01","8th","8th","A","8th - A","Parasmal Agarwal","Sayar Kanwar","Parasmal Agarwal","9828695912","9828695912","9828695912","Plot 42, Civil Lines, Barmer","Male","2012-07-12","General","Shivaji",false,false,"",36000,21500,14500,14500,"Active"
"SR-2024-1821","ADM-5821","PEN-RJ-2024-356456","Dimple Kumhar","02","8th","8th","A","8th - A","Nemichand Kumhar","Gulab Kanwar","Nemichand Kumhar","8769553564","8769553564","8769553564","Indira Colony, Lane 4, Barmer","Female","2012-08-01","General","Tagore",false,false,"",36000,14500,21500,21500,"Active"
"SR-2024-1822","ADM-5822","PEN-RJ-2024-211321","Sonam Joshi","03","8th","8th","A","8th - A","Surendra Joshi","Anita","Surendra Joshi","9460863669","9460863669","9460863669","Kalyanpura, Barmer","Female","2012-06-09","General","Tagore",false,false,"",36000,36000,0,0,"Active"
"SR-2024-1823","ADM-5823","PEN-RJ-2024-773113","Renu Bhati","04","8th","8th","A","8th - A","Ram Chandra Bhati","Anita","Ram Chandra Bhati","9784986674","9784986674","9784986674","Station Road, Near Soni Dharmshala, Barmer","Female","2012-01-19","OBC","Raman",false,false,"",36000,27000,9000,9000,"Active"
"SR-2024-1824","ADM-5824","PEN-RJ-2024-977213","Mangi Maheshwari","05","8th","8th","A","8th - A","Shaitan Singh Maheshwari","Rukmani Devi","Shaitan Singh Maheshwari","8769775376","8769775376","8769775376","Nehru Nagar, Main Road, Barmer","Male","2012-06-06","General","Tagore",true,true,"Route 7 (Sindhari Road - Kalyanpura)",48000,36000,12000,12000,"Active"
"SR-2024-1825","ADM-5825","PEN-RJ-2024-333716","Pratap Mathur","06","8th","8th","A","8th - A","Rikhabdas Mathur","Nirmala","Rikhabdas Mathur","9828657977","9828657977","9828657977","Opp. Collectorate, Mahaveer Nagar, Barmer","Male","2012-11-16","OBC","Tagore",false,false,"",36000,18000,18000,18000,"Active"
"SR-2024-1826","ADM-5826","PEN-RJ-2024-697565","Kajal Suthar","07","8th","8th","A","8th - A","Dinesh Suthar","Rukmani Devi","Dinesh Suthar","9414411800","9414411800","9414411800","Baytu Link Road, Barmer","Female","2012-09-23","OBC","Raman",false,false,"",36000,18000,18000,18000,"Active"
"SR-2024-1827","ADM-5827","PEN-RJ-2024-388443","Saanvi Garg","08","8th","8th","A","8th - A","Loonkaran Garg","Santosh","Loonkaran Garg","8769860617","8769860617","8769860617","Sindhari Road, Near Bus Stand, Barmer","Female","2012-11-28","ST","Shivaji",false,false,"",36000,0,36000,36000,"Active"
"SR-2024-1828","ADM-5828","PEN-RJ-2024-966789","Bharti Dewasi","09","8th","8th","A","8th - A","Prem Singh Dewasi","Santosh","Prem Singh Dewasi","9460750722","9460750722","9460750722","Ramsar Road, Barmer","Female","2012-01-16","ST","Tagore",true,true,"Route 6 (Uttarlai Road - Airforce Area)",48000,19000,29000,29000,"Active"
"SR-2024-1829","ADM-5829","PEN-RJ-2024-224189","Rakesh Singhal","10","8th","8th","A","8th - A","Bhagwan Das Singhal","Prem Kanwar","Bhagwan Das Singhal","9414466751","9414466751","9414466751","Indira Colony, Lane 4, Barmer","Male","2012-05-26","ST","Tagore",false,false,"",36000,14500,21500,21500,"Active"
"SR-2024-1830","ADM-5830","PEN-RJ-2024-336210","Gayatri Bansal","11","8th","8th","A","8th - A","Dungar Ram Bansal","Pushpa Devi","Dungar Ram Bansal","9460502078","9460502078","9460502078","Shastri Nagar, Sector 2, Barmer","Female","2012-09-07","OBC","Shivaji",false,false,"",36000,36000,0,0,"Active"
"SR-2024-1831","ADM-5831","PEN-RJ-2024-598797","Alka Gehlot","12","8th","8th","A","8th - A","Manak Chand Gehlot","Sushila","Manak Chand Gehlot","9828178369","9828178369","9828178369","Kalyanpura, Barmer","Female","2012-12-11","General","Ashoka",true,true,"Route 7 (Sindhari Road - Kalyanpura)",48000,0,48000,48000,"Active"
"SR-2024-1832","ADM-5832","PEN-RJ-2024-266322","Urmila Jain","13","8th","8th","A","8th - A","Prem Singh Jain","Pooja","Prem Singh Jain","8769175554","8769175554","8769175554","Indira Colony, Lane 4, Barmer","Female","2012-10-16","General","Shivaji",false,false,"",36000,36000,0,0,"Active"
"SR-2024-1833","ADM-5833","PEN-RJ-2024-498681","Advik Meghwal","14","8th","8th","A","8th - A","Jethmal Meghwal","Chandra Kanwar","Jethmal Meghwal","9829960970","9829960970","9829960970","Jasol Road, Balotra Highway, Barmer","Male","2012-11-21","OBC","Tagore",false,false,"",36000,0,36000,36000,"Active"
"SR-2024-1834","ADM-5834","PEN-RJ-2024-677718","Gayatri Jain","15","8th","8th","A","8th - A","Surendra Jain","Shanti Devi","Surendra Jain","9414946323","9414946323","9414946323","Ramsar Road, Barmer","Female","2012-01-14","SC","Raman",false,false,"",36000,27000,9000,9000,"Active"
"SR-2024-1835","ADM-5835","PEN-RJ-2024-567823","Sumer Dave","16","8th","8th","A","8th - A","Prem Singh Dave","Sharda","Prem Singh Dave","8769271279","8769271279","8769271279","Khatan Kocha, Inside City, Barmer","Male","2012-01-05","OBC","Shivaji",false,false,"",36000,18000,18000,18000,"Active"
"SR-2024-1836","ADM-5836","PEN-RJ-2024-584132","Paras Choudhary","17","8th","8th","A","8th - A","Suresh Choudhary","Sunita","Suresh Choudhary","9784474235","9784474235","9784474235","Ramsar Road, Barmer","Male","2012-03-05","OBC","Shivaji",false,false,"",36000,21500,14500,14500,"Active"
"SR-2024-1837","ADM-5837","PEN-RJ-2024-558842","Parvati Gupta","18","8th","8th","A","8th - A","Nemichand Gupta","Meenakshi","Nemichand Gupta","9828571195","9828571195","9828571195","Laxmi Nagar, Street 3, Barmer","Female","2012-08-23","OBC","Tagore",false,false,"",36000,0,36000,36000,"Active"
"SR-2024-1838","ADM-5838","PEN-RJ-2024-295655","Jaswant Choudhary","19","8th","8th","A","8th - A","Jabbar Singh Choudhary","Pushpa Devi","Jabbar Singh Choudhary","9828432653","9828432653","9828432653","Chohtan Circle, Highway Link, Barmer","Male","2012-08-24","SC","Shivaji",false,false,"",36000,36000,0,0,"Active"
"SR-2024-1839","ADM-5839","PEN-RJ-2024-824245","Mandeep Dadhich","20","8th","8th","A","8th - A","Kalyan Singh Dadhich","Rukmani Devi","Kalyan Singh Dadhich","9828244723","9828244723","9828244723","Nehru Nagar, Main Road, Barmer","Male","2012-02-07","OBC","Raman",false,false,"",36000,36000,0,0,"Active"
"SR-2024-1840","ADM-5840","PEN-RJ-2024-297815","Manak Joshi","21","8th","8th","A","8th - A","Chhagan Lal Joshi","Bhanwar Kanwar","Chhagan Lal Joshi","9829642715","9829642715","9829642715","Khatan Kocha, Inside City, Barmer","Male","2012-12-03","SC","Tagore",false,false,"",36000,27000,9000,9000,"Active"
"SR-2024-1841","ADM-5841","PEN-RJ-2024-575041","Mukesh Jangid","22","8th","8th","A","8th - A","Nemichand Jangid","Manju","Nemichand Jangid","9784365600","9784365600","9784365600","Tilak Nagar, Barmer","Male","2012-06-09","OBC","Ashoka",false,false,"",36000,27000,9000,9000,"Active"
"SR-2024-1842","ADM-5842","PEN-RJ-2024-879423","Priya Soni","23","8th","8th","A","8th - A","Parasmal Soni","Kanta Devi","Parasmal Soni","8769934136","8769934136","8769934136","Panch Batti Circle, Barmer","Female","2012-12-11","ST","Ashoka",true,true,"Route 8 (Rai Colony - Civil Lines)",48000,48000,0,0,"Active"
"SR-2024-1843","ADM-5843","PEN-RJ-2024-437186","Shyam Singhal","24","8th","8th","A","8th - A","Sawai Singh Singhal","Meenakshi","Sawai Singh Singhal","9828506959","9828506959","9828506959","Tilak Nagar, Barmer","Male","2012-04-19","OBC","Ashoka",false,false,"",36000,0,36000,36000,"Active"
"SR-2024-1844","ADM-5844","PEN-RJ-2024-470584","Ananya Soni","25","8th","8th","A","8th - A","Bhanwar Singh Soni","Pooja","Bhanwar Singh Soni","9460594205","9460594205","9460594205","Jasol Road, Balotra Highway, Barmer","Female","2012-12-06","General","Raman",false,false,"",36000,36000,0,0,"Active"
"SR-2024-1845","ADM-5845","PEN-RJ-2024-406018","Sita Maheshwari","26","8th","8th","A","8th - A","Manak Chand Maheshwari","Sushila","Manak Chand Maheshwari","9784971610","9784971610","9784971610","Opp. Collectorate, Mahaveer Nagar, Barmer","Female","2012-07-19","General","Tagore",false,false,"",36000,21500,14500,14500,"Active"
"SR-2024-1846","ADM-5846","PEN-RJ-2024-947740","Swati Meena","27","8th","8th","A","8th - A","Nemichand Meena","Parvati Devi","Nemichand Meena","8769763134","8769763134","8769763134","Tilak Nagar, Barmer","Female","2012-02-06","OBC","Raman",true,true,"Route 7 (Sindhari Road - Kalyanpura)",48000,48000,0,0,"Active"
"SR-2024-1847","ADM-5847","PEN-RJ-2024-445451","Deepak Agarwal","28","8th","8th","A","8th - A","Manak Chand Agarwal","Parvati Devi","Manak Chand Agarwal","8769736813","8769736813","8769736813","Panch Batti Circle, Barmer","Male","2012-12-21","OBC","Tagore",true,true,"Route 6 (Uttarlai Road - Airforce Area)",48000,48000,0,0,"Active"
"SR-2024-1848","ADM-5848","PEN-RJ-2024-459154","Sonal Meghwal","29","8th","8th","A","8th - A","Roopa Ram Meghwal","Sayar Kanwar","Roopa Ram Meghwal","9460256035","9460256035","9460256035","Uttarlai Road, Near KV School, Barmer","Female","2012-07-02","ST","Shivaji",false,false,"",36000,0,36000,36000,"Active"
"SR-2024-1849","ADM-5849","PEN-RJ-2024-884014","Pooja Meghwal","30","8th","8th","A","8th - A","Sohan Lal Meghwal","Nirmala","Sohan Lal Meghwal","9784477558","9784477558","9784477558","Ramsar Road, Barmer","Female","2012-05-09","ST","Raman",true,true,"Route 1 (Baldev Nagar - Ratan Singh Circle)",48000,0,48000,48000,"Active"
"SR-2024-1850","ADM-5850","PEN-RJ-2024-178877","Barkha Panwar","31","8th","8th","A","8th - A","Roopa Ram Panwar","Sita Devi","Roopa Ram Panwar","9460319314","9460319314","9460319314","Shastri Nagar, Sector 2, Barmer","Female","2012-03-12","OBC","Ashoka",true,true,"Route 3 (Station Road - Sadar Bazaar)",48000,36000,12000,12000,"Active"
"SR-2024-1851","ADM-5851","PEN-RJ-2024-785903","Jabbar Dadhich","32","8th","8th","A","8th - A","Sumer Singh Dadhich","Gulab Kanwar","Sumer Singh Dadhich","9460657501","9460657501","9460657501","Chohtan Circle, Highway Link, Barmer","Male","2012-04-16","SC","Shivaji",false,false,"",36000,36000,0,0,"Active"
"SR-2024-1852","ADM-5852","PEN-RJ-2024-889259","Mahendra Dewasi","33","8th","8th","A","8th - A","Sumer Singh Dewasi","Prem Kanwar","Sumer Singh Dewasi","8769918312","8769918312","8769918312","Indira Colony, Lane 4, Barmer","Male","2012-05-19","OBC","Ashoka",false,false,"",36000,36000,0,0,"Active"
"SR-2024-1853","ADM-5853","PEN-RJ-2024-799983","Mohan Solanki","34","8th","8th","A","8th - A","Kailash Solanki","Urmila","Kailash Solanki","8769487844","8769487844","8769487844","Indira Colony, Lane 4, Barmer","Male","2012-12-08","ST","Raman",false,false,"",36000,27000,9000,9000,"Active"
"SR-2024-1854","ADM-5854","PEN-RJ-2024-234132","Khimraj Garg","35","8th","8th","A","8th - A","Ram Chandra Garg","Anita","Ram Chandra Garg","9828225383","9828225383","9828225383","Tilak Nagar, Barmer","Male","2012-11-26","SC","Raman",false,false,"",36000,0,36000,36000,"Active"
"SR-2024-1855","ADM-5855","PEN-RJ-2024-313013","Pawan Jangid","36","8th","8th","A","8th - A","Pabu Ram Jangid","Sushila","Pabu Ram Jangid","9460888381","9460888381","9460888381","Nehru Nagar, Main Road, Barmer","Male","2012-05-07","ST","Ashoka",true,true,"Route 5 (Chohtan Circle - Tilak Nagar)",48000,48000,0,0,"Active"
"SR-2024-1856","ADM-5856","PEN-RJ-2024-556366","Swati Verma","37","8th","8th","A","8th - A","Sumer Singh Verma","Nirmala","Sumer Singh Verma","9414235913","9414235913","9414235913","Kalyanpura, Barmer","Female","2012-04-14","ST","Raman",true,true,"Route 1 (Baldev Nagar - Ratan Singh Circle)",48000,36000,12000,12000,"Active"
"SR-2024-1857","ADM-5857","PEN-RJ-2024-241815","Sohan Dadhich","38","8th","8th","A","8th - A","Jagdish Prasad Dadhich","Rekha","Jagdish Prasad Dadhich","8769182526","8769182526","8769182526","Baldev Nagar, Near Ratan Singh Circle, Barmer","Male","2012-01-14","ST","Ashoka",false,false,"",36000,36000,0,0,"Active"
"SR-2024-1858","ADM-5858","PEN-RJ-2024-887945","Shanaya Rajput","39","8th","8th","A","8th - A","Shaitan Singh Rajput","Pushpa Devi","Shaitan Singh Rajput","9460957096","9460957096","9460957096","Kalyanpura, Barmer","Female","2012-09-25","ST","Tagore",false,false,"",36000,0,36000,36000,"Active"
"SR-2024-1859","ADM-5859","PEN-RJ-2024-812578","Shravan Mittal","40","8th","8th","A","8th - A","Rajesh Mittal","Laxmi Devi","Rajesh Mittal","9828431705","9828431705","9828431705","Kalyanpura, Barmer","Male","2012-10-14","SC","Raman",false,false,"",36000,14500,21500,21500,"Active"
"SR-2024-1860","ADM-5860","PEN-RJ-2024-457015","Ronit Goyal","41","8th","8th","A","8th - A","Loonkaran Goyal","Pooja","Loonkaran Goyal","9460431198","9460431198","9460431198","Jasol Road, Balotra Highway, Barmer","Male","2012-08-15","OBC","Tagore",false,false,"",36000,0,36000,36000,"Active"
"SR-2024-1861","ADM-5861","PEN-RJ-2024-479162","Shaitan Raika","42","8th","8th","A","8th - A","Suresh Raika","Durga Devi","Suresh Raika","8769797396","8769797396","8769797396","Nehru Nagar, Main Road, Barmer","Male","2012-12-13","SC","Ashoka",false,false,"",36000,36000,0,0,"Active"
"SR-2024-1862","ADM-5862","PEN-RJ-2024-594791","Parvati Shekhawat","01","8th","8th","B","8th - B","Kailash Shekhawat","Sharda","Kailash Shekhawat","9829188053","9829188053","9829188053","Sadar Bazaar, Near Old Fort, Barmer","Female","2012-04-18","OBC","Raman",false,false,"",36000,36000,0,0,"Active"
"SR-2024-1863","ADM-5863","PEN-RJ-2024-876328","Shreya Verma","02","8th","8th","B","8th - B","Jethmal Verma","Rekha","Jethmal Verma","9784410778","9784410778","9784410778","Sadar Bazaar, Near Old Fort, Barmer","Female","2012-05-14","SC","Ashoka",false,false,"",36000,18000,18000,18000,"Active"
"SR-2024-1864","ADM-5864","PEN-RJ-2024-533101","Sawai Raika","03","8th","8th","B","8th - B","Kalyan Singh Raika","Manju","Kalyan Singh Raika","9829203662","9829203662","9829203662","Jasol Road, Balotra Highway, Barmer","Male","2012-09-14","ST","Ashoka",false,false,"",36000,18000,18000,18000,"Active"
"SR-2024-1865","ADM-5865","PEN-RJ-2024-669222","Pushpendra Dadhich","04","8th","8th","B","8th - B","Surendra Dadhich","Anita","Surendra Dadhich","9414702653","9414702653","9414702653","Rai Colony, Near Water Tank, Barmer","Male","2012-05-23","ST","Shivaji",false,false,"",36000,18000,18000,18000,"Active"
"SR-2024-1866","ADM-5866","PEN-RJ-2024-163556","Anvi Dadhich","05","8th","8th","B","8th - B","Manak Chand Dadhich","Meenakshi","Manak Chand Dadhich","9460273933","9460273933","9460273933","Kalyanpura, Barmer","Female","2012-08-08","General","Shivaji",true,true,"Route 7 (Sindhari Road - Kalyanpura)",48000,0,48000,48000,"Active"
"SR-2024-1867","ADM-5867","PEN-RJ-2024-176219","Barkha Bishnoi","06","8th","8th","B","8th - B","Mahendra Bishnoi","Rukmani Devi","Mahendra Bishnoi","9829286056","9829286056","9829286056","Indira Colony, Lane 4, Barmer","Female","2012-05-01","General","Raman",false,false,"",36000,36000,0,0,"Active"
"SR-2024-1868","ADM-5868","PEN-RJ-2024-966217","Rakesh Jain","07","8th","8th","B","8th - B","Rikhabdas Jain","Sayar Kanwar","Rikhabdas Jain","9829831622","9829831622","9829831622","Sindhari Road, Near Bus Stand, Barmer","Male","2012-11-14","General","Tagore",false,false,"",36000,21500,14500,14500,"Active"
"SR-2024-1869","ADM-5869","PEN-RJ-2024-300544","Seema Agarwal","08","8th","8th","B","8th - B","Pabu Ram Agarwal","Pooja","Pabu Ram Agarwal","9784803060","9784803060","9784803060","Jasol Road, Balotra Highway, Barmer","Female","2012-09-26","ST","Ashoka",true,true,"Route 6 (Uttarlai Road - Airforce Area)",48000,48000,0,0,"Active"
"SR-2024-1870","ADM-5870","PEN-RJ-2024-429055","Khushi Joshi","09","8th","8th","B","8th - B","Ram Chandra Joshi","Chandra Kanwar","Ram Chandra Joshi","9414903761","9414903761","9414903761","Khatan Kocha, Inside City, Barmer","Female","2012-09-17","SC","Raman",false,false,"",36000,36000,0,0,"Active"
"SR-2024-1871","ADM-5871","PEN-RJ-2024-236365","Atharv Shekhawat","10","8th","8th","B","8th - B","Bhagwan Das Shekhawat","Sita Devi","Bhagwan Das Shekhawat","9414470697","9414470697","9414470697","Nehru Nagar, Main Road, Barmer","Male","2012-08-06","General","Ashoka",true,true,"Route 6 (Uttarlai Road - Airforce Area)",48000,19000,29000,29000,"Active"
"SR-2024-1872","ADM-5872","PEN-RJ-2024-746204","Kavita Panwar","11","8th","8th","B","8th - B","Uttamchand Panwar","Sayar Kanwar","Uttamchand Panwar","9784407136","9784407136","9784407136","Indira Colony, Lane 4, Barmer","Female","2012-11-08","ST","Ashoka",false,false,"",36000,27000,9000,9000,"Active"
"SR-2024-1873","ADM-5873","PEN-RJ-2024-398691","Hardeep Gaur","12","8th","8th","B","8th - B","Bhawani Singh Gaur","Sayar Kanwar","Bhawani Singh Gaur","8769971778","8769971778","8769971778","Indira Colony, Lane 4, Barmer","Male","2012-03-03","General","Shivaji",false,false,"",36000,0,36000,36000,"Active"
"SR-2024-1874","ADM-5874","PEN-RJ-2024-658676","Aditya Suthar","13","8th","8th","B","8th - B","Mahendra Suthar","Sunita","Mahendra Suthar","9828716358","9828716358","9828716358","Tilak Nagar, Barmer","Male","2012-08-04","ST","Tagore",false,false,"",36000,36000,0,0,"Active"
"SR-2024-1875","ADM-5875","PEN-RJ-2024-473692","Gopal Trivedi","14","8th","8th","B","8th - B","Bhawani Singh Trivedi","Kamla Devi","Bhawani Singh Trivedi","9784756156","9784756156","9784756156","Baldev Nagar, Near Ratan Singh Circle, Barmer","Male","2012-12-19","General","Ashoka",true,true,"Route 2 (Indira Colony - Shastri Nagar)",48000,24000,24000,24000,"Active"
"SR-2024-1876","ADM-5876","PEN-RJ-2024-758967","Manvendra Meena","15","8th","8th","B","8th - B","Loonkaran Meena","Manju","Loonkaran Meena","9828174493","9828174493","9828174493","Kalyanpura, Barmer","Male","2012-01-01","ST","Ashoka",false,false,"",36000,27000,9000,9000,"Active"
"SR-2024-1877","ADM-5877","PEN-RJ-2024-816950","Sohan Charan","16","8th","8th","B","8th - B","Khimraj Charan","Sushila","Khimraj Charan","9460528112","9460528112","9460528112","Uttarlai Road, Near KV School, Barmer","Male","2012-02-02","General","Ashoka",false,false,"",36000,18000,18000,18000,"Active"
"SR-2024-1878","ADM-5878","PEN-RJ-2024-114919","Renu Dadhich","17","8th","8th","B","8th - B","Chhagan Lal Dadhich","Manju","Chhagan Lal Dadhich","9828788494","9828788494","9828788494","Station Road, Near Soni Dharmshala, Barmer","Female","2012-05-13","SC","Ashoka",false,false,"",36000,0,36000,36000,"Active"
"SR-2024-1879","ADM-5879","PEN-RJ-2024-909781","Sonam Mittal","18","8th","8th","B","8th - B","Loonkaran Mittal","Durga Devi","Loonkaran Mittal","9784687283","9784687283","9784687283","Tilak Nagar, Barmer","Female","2012-10-18","OBC","Tagore",false,false,"",36000,36000,0,0,"Active"
"SR-2024-1880","ADM-5880","PEN-RJ-2024-800908","Aarohi Garg","19","8th","8th","B","8th - B","Chhagan Lal Garg","Sharda","Chhagan Lal Garg","9784190604","9784190604","9784190604","Indira Colony, Lane 4, Barmer","Female","2012-10-02","SC","Raman",false,false,"",36000,36000,0,0,"Active"
"SR-2024-1881","ADM-5881","PEN-RJ-2024-826504","Durga Bishnoi","20","8th","8th","B","8th - B","Chhagan Lal Bishnoi","Kanta Devi","Chhagan Lal Bishnoi","9829903005","9829903005","9829903005","Tilak Nagar, Barmer","Female","2012-09-28","SC","Ashoka",false,false,"",36000,36000,0,0,"Active"
"SR-2024-1882","ADM-5882","PEN-RJ-2024-786292","Kamla Gupta","21","8th","8th","B","8th - B","Prem Singh Gupta","Durga Devi","Prem Singh Gupta","9784630448","9784630448","9784630448","Opp. Collectorate, Mahaveer Nagar, Barmer","Female","2012-04-11","SC","Ashoka",false,false,"",36000,36000,0,0,"Active"
"SR-2024-1883","ADM-5883","PEN-RJ-2024-898835","Shreya Suthar","22","8th","8th","B","8th - B","Chhagan Lal Suthar","Manju","Chhagan Lal Suthar","8769669913","8769669913","8769669913","Panch Batti Circle, Barmer","Female","2012-06-03","OBC","Raman",false,false,"",36000,27000,9000,9000,"Active"
"SR-2024-1884","ADM-5884","PEN-RJ-2024-492857","Deepak Mathur","23","8th","8th","B","8th - B","Pabu Ram Mathur","Sharda","Pabu Ram Mathur","9828482146","9828482146","9828482146","Sindhari Road, Near Bus Stand, Barmer","Male","2012-10-08","ST","Raman",true,true,"Route 8 (Rai Colony - Civil Lines)",48000,19000,29000,29000,"Active"
"SR-2024-1885","ADM-5885","PEN-RJ-2024-537808","Arnav Purohit","24","8th","8th","B","8th - B","Mangi Lal Purohit","Shanti Devi","Mangi Lal Purohit","9784985477","9784985477","9784985477","Laxmi Nagar, Street 3, Barmer","Male","2012-02-28","OBC","Shivaji",false,false,"",36000,0,36000,36000,"Active"
"SR-2024-1886","ADM-5886","PEN-RJ-2024-633761","Manish Meghwal","25","8th","8th","B","8th - B","Kailash Meghwal","Geeta Devi","Kailash Meghwal","8769227573","8769227573","8769227573","Tilak Nagar, Barmer","Male","2012-01-27","SC","Tagore",true,true,"Route 8 (Rai Colony - Civil Lines)",48000,36000,12000,12000,"Active"
"SR-2024-1887","ADM-5887","PEN-RJ-2024-614551","Pari Dewasi","26","8th","8th","B","8th - B","Kailash Dewasi","Durga Devi","Kailash Dewasi","8769783195","8769783195","8769783195","Tilak Nagar, Barmer","Female","2012-03-18","General","Shivaji",false,false,"",36000,14500,21500,21500,"Active"
"SR-2024-1888","ADM-5888","PEN-RJ-2024-839001","Sahil Parihar","27","8th","8th","B","8th - B","Chhagan Lal Parihar","Pooja","Chhagan Lal Parihar","9784434888","9784434888","9784434888","Sadar Bazaar, Near Old Fort, Barmer","Male","2012-11-19","OBC","Shivaji",true,true,"Route 2 (Indira Colony - Shastri Nagar)",48000,48000,0,0,"Active"
"SR-2024-1889","ADM-5889","PEN-RJ-2024-901109","Dimple Panwar","28","8th","8th","B","8th - B","Rajesh Panwar","Mohan Kanwar","Rajesh Panwar","9829855559","9829855559","9829855559","Tilak Nagar, Barmer","Female","2012-04-10","SC","Shivaji",false,false,"",36000,36000,0,0,"Active"
"SR-2024-1890","ADM-5890","PEN-RJ-2024-703011","Santosh Maheshwari","29","8th","8th","B","8th - B","Teja Ram Maheshwari","Kanta Devi","Teja Ram Maheshwari","8769817328","8769817328","8769817328","Baldev Nagar, Near Ratan Singh Circle, Barmer","Female","2012-03-08","General","Tagore",true,true,"Route 7 (Sindhari Road - Kalyanpura)",48000,48000,0,0,"Active"
"SR-2024-1891","ADM-5891","PEN-RJ-2024-506075","Prem Parihar","30","8th","8th","B","8th - B","Sawai Singh Parihar","Pushpa Devi","Sawai Singh Parihar","8769704479","8769704479","8769704479","Indira Colony, Lane 4, Barmer","Male","2012-03-15","General","Raman",true,true,"Route 1 (Baldev Nagar - Ratan Singh Circle)",48000,36000,12000,12000,"Active"
"SR-2024-1892","ADM-5892","PEN-RJ-2024-239675","Aarti Bansal","31","8th","8th","B","8th - B","Suresh Bansal","Shanti Devi","Suresh Bansal","9829565875","9829565875","9829565875","Laxmi Nagar, Street 3, Barmer","Female","2012-08-17","SC","Ashoka",false,false,"",36000,36000,0,0,"Active"
"SR-2024-1893","ADM-5893","PEN-RJ-2024-535677","Tejpal Choudhary","32","8th","8th","B","8th - B","Mahendra Choudhary","Mohan Kanwar","Mahendra Choudhary","8769447852","8769447852","8769447852","Kalyanpura, Barmer","Male","2012-01-11","OBC","Ashoka",false,false,"",36000,36000,0,0,"Active"
"SR-2024-1894","ADM-5894","PEN-RJ-2024-262070","Rekha Vyas","33","8th","8th","B","8th - B","Dungar Ram Vyas","Savitri Devi","Dungar Ram Vyas","9414149166","9414149166","9414149166","Sindhari Road, Near Bus Stand, Barmer","Female","2012-10-28","SC","Raman",false,false,"",36000,0,36000,36000,"Active"
"SR-2024-1895","ADM-5895","PEN-RJ-2024-891179","Ronit Choudhary","34","8th","8th","B","8th - B","Rajesh Choudhary","Chandra Kanwar","Rajesh Choudhary","9828495967","9828495967","9828495967","Chohtan Circle, Highway Link, Barmer","Male","2012-11-15","OBC","Ashoka",false,false,"",36000,27000,9000,9000,"Active"
"SR-2024-1896","ADM-5896","PEN-RJ-2024-368772","Sandeep Gehlot","35","8th","8th","B","8th - B","Jethmal Gehlot","Laxmi Devi","Jethmal Gehlot","9829985554","9829985554","9829985554","Laxmi Nagar, Street 3, Barmer","Male","2012-01-01","ST","Ashoka",false,false,"",36000,0,36000,36000,"Active"
"SR-2024-1897","ADM-5897","PEN-RJ-2024-849968","Mohan Dave","36","8th","8th","B","8th - B","Ram Chandra Dave","Prem Kanwar","Ram Chandra Dave","9829265772","9829265772","9829265772","Chohtan Circle, Highway Link, Barmer","Male","2012-03-23","OBC","Tagore",true,true,"Route 6 (Uttarlai Road - Airforce Area)",48000,48000,0,0,"Active"
"SR-2024-1898","ADM-5898","PEN-RJ-2024-506505","Atharv Singhal","37","8th","8th","B","8th - B","Narpat Singh Singhal","Chandra Kanwar","Narpat Singh Singhal","9828624761","9828624761","9828624761","Ramsar Road, Barmer","Male","2012-01-19","SC","Shivaji",true,true,"Route 5 (Chohtan Circle - Tilak Nagar)",48000,48000,0,0,"Active"
"SR-2024-1899","ADM-5899","PEN-RJ-2024-180177","Madhav Panwar","38","8th","8th","B","8th - B","Mangi Lal Panwar","Sayar Kanwar","Mangi Lal Panwar","9828639053","9828639053","9828639053","Sindhari Road, Near Bus Stand, Barmer","Male","2012-01-16","ST","Raman",false,false,"",36000,21500,14500,14500,"Active"
"SR-2024-1900","ADM-5900","PEN-RJ-2024-876366","Dinesh Parihar","39","8th","8th","B","8th - B","Loonkaran Parihar","Gulab Kanwar","Loonkaran Parihar","9460134865","9460134865","9460134865","Khatan Kocha, Inside City, Barmer","Male","2012-01-20","SC","Shivaji",false,false,"",36000,0,36000,36000,"Active"
"SR-2024-1901","ADM-5901","PEN-RJ-2024-254574","Kunal Charan","40","8th","8th","B","8th - B","Roopa Ram Charan","Sunita","Roopa Ram Charan","8769619337","8769619337","8769619337","Sindhari Road, Near Bus Stand, Barmer","Male","2012-08-14","General","Tagore",false,false,"",36000,21500,14500,14500,"Active"
"SR-2024-1902","ADM-5902","PEN-RJ-2024-570983","Anaya Joshi","41","8th","8th","B","8th - B","Bhanwar Singh Joshi","Manju","Bhanwar Singh Joshi","9784983518","9784983518","9784983518","Plot 42, Civil Lines, Barmer","Female","2012-06-17","ST","Tagore",false,false,"",36000,21500,14500,14500,"Active"
"SR-2024-1903","ADM-5903","PEN-RJ-2024-559641","Arjun Charan","42","8th","8th","B","8th - B","Manak Chand Charan","Mohan Kanwar","Manak Chand Charan","9414598504","9414598504","9414598504","Indira Colony, Lane 4, Barmer","Male","2012-02-20","SC","Shivaji",false,false,"",36000,18000,18000,18000,"Active"
"SR-2024-1904","ADM-5904","PEN-RJ-2024-861405","Advik Maheshwari","01","8th","8th","C","8th - C","Kalyan Singh Maheshwari","Mohan Kanwar","Kalyan Singh Maheshwari","9414818614","9414818614","9414818614","Station Road, Near Soni Dharmshala, Barmer","Male","2012-09-24","General","Shivaji",true,true,"Route 8 (Rai Colony - Civil Lines)",48000,24000,24000,24000,"Active"
"SR-2024-1905","ADM-5905","PEN-RJ-2024-806189","Atharv Jangid","02","8th","8th","C","8th - C","Mahendra Jangid","Manju","Mahendra Jangid","9784531602","9784531602","9784531602","Rai Colony, Near Water Tank, Barmer","Male","2012-10-03","SC","Raman",false,false,"",36000,18000,18000,18000,"Active"
"SR-2024-1906","ADM-5906","PEN-RJ-2024-996991","Urmila Dewasi","03","8th","8th","C","8th - C","Hanuman Ram Dewasi","Durga Devi","Hanuman Ram Dewasi","9829502348","9829502348","9829502348","Opp. Collectorate, Mahaveer Nagar, Barmer","Female","2012-06-06","ST","Raman",false,false,"",36000,0,36000,36000,"Active"
"SR-2024-1907","ADM-5907","PEN-RJ-2024-841527","Rahul Soni","04","8th","8th","C","8th - C","Vimalchand Soni","Laxmi Devi","Vimalchand Soni","9784750391","9784750391","9784750391","Chohtan Circle, Highway Link, Barmer","Male","2012-10-01","OBC","Raman",false,false,"",36000,36000,0,0,"Active"
"SR-2024-1908","ADM-5908","PEN-RJ-2024-641619","Santosh Vyas","05","8th","8th","C","8th - C","Sawai Singh Vyas","Rukmani Devi","Sawai Singh Vyas","9414628492","9414628492","9414628492","Khatan Kocha, Inside City, Barmer","Female","2012-10-13","General","Raman",false,false,"",36000,18000,18000,18000,"Active"
"SR-2024-1909","ADM-5909","PEN-RJ-2024-344406","Kajal Kumhar","06","8th","8th","C","8th - C","Kalyan Singh Kumhar","Nirmala","Kalyan Singh Kumhar","9829659127","9829659127","9829659127","Ramsar Road, Barmer","Female","2012-04-27","ST","Ashoka",false,false,"",36000,18000,18000,18000,"Active"
"SR-2024-1910","ADM-5910","PEN-RJ-2024-922190","Sonam Goyal","07","8th","8th","C","8th - C","Kalyan Singh Goyal","Manju","Kalyan Singh Goyal","8769379694","8769379694","8769379694","Baytu Link Road, Barmer","Female","2012-02-19","General","Shivaji",true,true,"Route 8 (Rai Colony - Civil Lines)",48000,48000,0,0,"Active"
"SR-2024-1911","ADM-5911","PEN-RJ-2024-804907","Sonal Trivedi","08","8th","8th","C","8th - C","Bhagwan Das Trivedi","Santosh","Bhagwan Das Trivedi","9414481593","9414481593","9414481593","Tilak Nagar, Barmer","Female","2012-02-13","General","Raman",false,false,"",36000,14500,21500,21500,"Active"
"SR-2024-1912","ADM-5912","PEN-RJ-2024-185273","Advaith Bhati","09","8th","8th","C","8th - C","Gopal Bhati","Shanti Devi","Gopal Bhati","9414594746","9414594746","9414594746","Shastri Nagar, Sector 2, Barmer","Male","2012-04-23","General","Shivaji",false,false,"",36000,21500,14500,14500,"Active"
"SR-2024-1913","ADM-5913","PEN-RJ-2024-302862","Rachna Maheshwari","10","8th","8th","C","8th - C","Jabbar Singh Maheshwari","Mohan Kanwar","Jabbar Singh Maheshwari","9829205424","9829205424","9829205424","Tilak Nagar, Barmer","Female","2012-06-04","ST","Tagore",false,false,"",36000,27000,9000,9000,"Active"
"SR-2024-1914","ADM-5914","PEN-RJ-2024-495387","Rakesh Mathur","11","8th","8th","C","8th - C","Jethmal Mathur","Rekha","Jethmal Mathur","8769599262","8769599262","8769599262","Baytu Link Road, Barmer","Male","2012-03-28","ST","Ashoka",false,false,"",36000,36000,0,0,"Active"
"SR-2024-1915","ADM-5915","PEN-RJ-2024-277914","Bharti Lohar","12","8th","8th","C","8th - C","Rikhabdas Lohar","Sushila","Rikhabdas Lohar","9784435396","9784435396","9784435396","Baytu Link Road, Barmer","Female","2012-10-16","SC","Raman",false,false,"",36000,27000,9000,9000,"Active"
"SR-2024-1916","ADM-5916","PEN-RJ-2024-535579","Preeti Goyal","13","8th","8th","C","8th - C","Manak Chand Goyal","Anita","Manak Chand Goyal","9829605627","9829605627","9829605627","Jasol Road, Balotra Highway, Barmer","Female","2012-12-08","General","Raman",false,false,"",36000,21500,14500,14500,"Active"
"SR-2024-1917","ADM-5917","PEN-RJ-2024-262444","Aarti Bishnoi","14","8th","8th","C","8th - C","Nemichand Bishnoi","Mohan Kanwar","Nemichand Bishnoi","9414801564","9414801564","9414801564","Rai Colony, Near Water Tank, Barmer","Female","2012-11-28","OBC","Tagore",false,false,"",36000,36000,0,0,"Active"
"SR-2024-1918","ADM-5918","PEN-RJ-2024-833590","Sonal Kumhar","15","8th","8th","C","8th - C","Jethmal Kumhar","Sita Devi","Jethmal Kumhar","8769136594","8769136594","8769136594","Jasol Road, Balotra Highway, Barmer","Female","2012-05-09","General","Shivaji",false,false,"",36000,36000,0,0,"Active"
"SR-2024-1919","ADM-5919","PEN-RJ-2024-739496","Vikram Trivedi","16","8th","8th","C","8th - C","Tarachand Trivedi","Sushila","Tarachand Trivedi","8769681936","8769681936","8769681936","Baldev Nagar, Near Ratan Singh Circle, Barmer","Male","2012-05-28","OBC","Shivaji",false,false,"",36000,36000,0,0,"Active"
"SR-2024-1920","ADM-5920","PEN-RJ-2024-289794","Priya Bishnoi","17","8th","8th","C","8th - C","Kailash Bishnoi","Sushila","Kailash Bishnoi","9784174961","9784174961","9784174961","Baldev Nagar, Near Ratan Singh Circle, Barmer","Female","2012-03-17","OBC","Ashoka",true,true,"Route 1 (Baldev Nagar - Ratan Singh Circle)",48000,0,48000,48000,"Active"
"SR-2024-1921","ADM-5921","PEN-RJ-2024-101845","Sandeep Chauhan","18","8th","8th","C","8th - C","Roopa Ram Chauhan","Savitri Devi","Roopa Ram Chauhan","8769790198","8769790198","8769790198","Baldev Nagar, Near Ratan Singh Circle, Barmer","Male","2012-03-01","ST","Tagore",true,true,"Route 5 (Chohtan Circle - Tilak Nagar)",48000,0,48000,48000,"Active"
"SR-2024-1922","ADM-5922","PEN-RJ-2024-227143","Dimple Parihar","19","8th","8th","C","8th - C","Kailash Parihar","Nirmala","Kailash Parihar","9784491437","9784491437","9784491437","Opp. Collectorate, Mahaveer Nagar, Barmer","Female","2012-04-03","SC","Shivaji",false,false,"",36000,21500,14500,14500,"Active"
"SR-2024-1923","ADM-5923","PEN-RJ-2024-657242","Mandeep Verma","20","8th","8th","C","8th - C","Shaitan Singh Verma","Laxmi Devi","Shaitan Singh Verma","9829674339","9829674339","9829674339","Khatan Kocha, Inside City, Barmer","Male","2012-01-04","ST","Ashoka",true,true,"Route 4 (Mahaveer Nagar - Collectorate)",48000,48000,0,0,"Active"
"SR-2024-1924","ADM-5924","PEN-RJ-2024-746370","Pushpendra Bansal","21","8th","8th","C","8th - C","Pabu Ram Bansal","Mohan Kanwar","Pabu Ram Bansal","9414643200","9414643200","9414643200","Sadar Bazaar, Near Old Fort, Barmer","Male","2012-08-17","OBC","Raman",false,false,"",36000,27000,9000,9000,"Active"
"SR-2024-1925","ADM-5925","PEN-RJ-2024-471925","Paras Bhati","22","8th","8th","C","8th - C","Narpat Singh Bhati","Nirmala","Narpat Singh Bhati","8769763052","8769763052","8769763052","Rai Colony, Near Water Tank, Barmer","Male","2012-11-07","ST","Raman",false,false,"",36000,21500,14500,14500,"Active"
"SR-2024-1926","ADM-5926","PEN-RJ-2024-472735","Pooja Dave","23","8th","8th","C","8th - C","Dungar Ram Dave","Manju","Dungar Ram Dave","9829375734","9829375734","9829375734","Sindhari Road, Near Bus Stand, Barmer","Female","2012-10-18","OBC","Shivaji",false,false,"",36000,0,36000,36000,"Active"
"SR-2024-1927","ADM-5927","PEN-RJ-2024-611701","Pihu Dewasi","24","8th","8th","C","8th - C","Kalyan Singh Dewasi","Shanti Devi","Kalyan Singh Dewasi","9828723622","9828723622","9828723622","Sindhari Road, Near Bus Stand, Barmer","Female","2012-11-19","OBC","Raman",true,true,"Route 2 (Indira Colony - Shastri Nagar)",48000,0,48000,48000,"Active"
"SR-2024-1928","ADM-5928","PEN-RJ-2024-715034","Ashok Agarwal","25","8th","8th","C","8th - C","Ramesh Chand Agarwal","Kanta Devi","Ramesh Chand Agarwal","9829316673","9829316673","9829316673","Kalyanpura, Barmer","Male","2012-12-25","OBC","Raman",false,false,"",36000,36000,0,0,"Active"
"SR-2024-1929","ADM-5929","PEN-RJ-2024-194682","Jyoti Bansal","26","8th","8th","C","8th - C","Mohan Lal Bansal","Sunita","Mohan Lal Bansal","9460398412","9460398412","9460398412","Opp. Collectorate, Mahaveer Nagar, Barmer","Female","2012-11-04","General","Shivaji",true,true,"Route 6 (Uttarlai Road - Airforce Area)",48000,36000,12000,12000,"Active"
"SR-2024-1930","ADM-5930","PEN-RJ-2024-983866","Paras Joshi","27","8th","8th","C","8th - C","Rikhabdas Joshi","Meenakshi","Rikhabdas Joshi","9829482792","9829482792","9829482792","Indira Colony, Lane 4, Barmer","Male","2012-11-11","General","Shivaji",false,false,"",36000,18000,18000,18000,"Active"
"SR-2024-1931","ADM-5931","PEN-RJ-2024-590317","Krishna Goyal","28","8th","8th","C","8th - C","Mohan Lal Goyal","Mohan Kanwar","Mohan Lal Goyal","9829919807","9829919807","9829919807","Plot 42, Civil Lines, Barmer","Male","2012-10-12","SC","Shivaji",false,false,"",36000,21500,14500,14500,"Active"
"SR-2024-1932","ADM-5932","PEN-RJ-2024-528253","Neha Dadhich","29","8th","8th","C","8th - C","Ramesh Chand Dadhich","Rukmani Devi","Ramesh Chand Dadhich","9784539901","9784539901","9784539901","Sindhari Road, Near Bus Stand, Barmer","Female","2012-05-10","SC","Raman",false,false,"",36000,18000,18000,18000,"Active"
"SR-2024-1933","ADM-5933","PEN-RJ-2024-649993","Jabbar Verma","30","8th","8th","C","8th - C","Kalyan Singh Verma","Laxmi Devi","Kalyan Singh Verma","9829183552","9829183552","9829183552","Uttarlai Road, Near KV School, Barmer","Male","2012-01-17","SC","Ashoka",false,false,"",36000,0,36000,36000,"Active"
"SR-2024-1934","ADM-5934","PEN-RJ-2024-968338","Ramesh Mathur","31","8th","8th","C","8th - C","Jabbar Singh Mathur","Parvati Devi","Jabbar Singh Mathur","8769546084","8769546084","8769546084","Laxmi Nagar, Street 3, Barmer","Male","2012-06-22","SC","Raman",false,false,"",36000,18000,18000,18000,"Active"
"SR-2024-1935","ADM-5935","PEN-RJ-2024-430079","Manak Bishnoi","32","8th","8th","C","8th - C","Ashok Bishnoi","Kanta Devi","Ashok Bishnoi","8769902338","8769902338","8769902338","Kalyanpura, Barmer","Male","2012-02-11","OBC","Tagore",false,false,"",36000,36000,0,0,"Active"
"SR-2024-1936","ADM-5936","PEN-RJ-2024-524623","Santosh Charan","33","8th","8th","C","8th - C","Mohan Lal Charan","Sayar Kanwar","Mohan Lal Charan","9829103107","9829103107","9829103107","Uttarlai Road, Near KV School, Barmer","Female","2012-11-08","SC","Tagore",true,true,"Route 4 (Mahaveer Nagar - Collectorate)",48000,48000,0,0,"Active"
"SR-2024-1937","ADM-5937","PEN-RJ-2024-379727","Sanjay Singhal","34","8th","8th","C","8th - C","Manak Chand Singhal","Parvati Devi","Manak Chand Singhal","9829560436","9829560436","9829560436","Laxmi Nagar, Street 3, Barmer","Male","2012-07-11","General","Raman",false,false,"",36000,36000,0,0,"Active"
"SR-2024-1938","ADM-5938","PEN-RJ-2024-383372","Dharampal Singhal","35","8th","8th","C","8th - C","Uttamchand Singhal","Prem Kanwar","Uttamchand Singhal","9784729940","9784729940","9784729940","Jasol Road, Balotra Highway, Barmer","Male","2012-12-16","OBC","Shivaji",false,false,"",36000,14500,21500,21500,"Active"
"SR-2024-1939","ADM-5939","PEN-RJ-2024-198975","Suman Trivedi","36","8th","8th","C","8th - C","Bhawani Singh Trivedi","Mohan Kanwar","Bhawani Singh Trivedi","9828965246","9828965246","9828965246","Sindhari Road, Near Bus Stand, Barmer","Female","2012-09-11","OBC","Tagore",true,true,"Route 2 (Indira Colony - Shastri Nagar)",48000,24000,24000,24000,"Active"
"SR-2024-1940","ADM-5940","PEN-RJ-2024-812309","Sahil Raika","37","8th","8th","C","8th - C","Jagdish Prasad Raika","Meenakshi","Jagdish Prasad Raika","9828405154","9828405154","9828405154","Sindhari Road, Near Bus Stand, Barmer","Male","2012-08-05","OBC","Ashoka",false,false,"",36000,36000,0,0,"Active"
"SR-2024-1941","ADM-5941","PEN-RJ-2024-893531","Sumer Purohit","38","8th","8th","C","8th - C","Mohan Lal Purohit","Anita","Mohan Lal Purohit","9784265078","9784265078","9784265078","Jasol Road, Balotra Highway, Barmer","Male","2012-07-11","ST","Tagore",false,false,"",36000,18000,18000,18000,"Active"
"SR-2024-1942","ADM-5942","PEN-RJ-2024-266426","Saroj Bishnoi","39","8th","8th","C","8th - C","Rikhabdas Bishnoi","Anita","Rikhabdas Bishnoi","9414710714","9414710714","9414710714","Jasol Road, Balotra Highway, Barmer","Female","2012-10-02","General","Ashoka",false,false,"",36000,36000,0,0,"Active"
"SR-2024-1943","ADM-5943","PEN-RJ-2024-602006","Swati Purohit","40","8th","8th","C","8th - C","Sumer Singh Purohit","Sugan Kanwar","Sumer Singh Purohit","9414277037","9414277037","9414277037","Sadar Bazaar, Near Old Fort, Barmer","Female","2012-06-19","ST","Raman",false,false,"",36000,0,36000,36000,"Active"
"SR-2024-1944","ADM-5944","PEN-RJ-2024-317897","Shravan Dadhich","41","8th","8th","C","8th - C","Suresh Dadhich","Sushila","Suresh Dadhich","9460227204","9460227204","9460227204","Nehru Nagar, Main Road, Barmer","Male","2012-04-12","General","Tagore",true,true,"Route 3 (Station Road - Sadar Bazaar)",48000,48000,0,0,"Active"
"SR-2024-1945","ADM-5945","PEN-RJ-2024-260367","Kunal Rajput","42","8th","8th","C","8th - C","Ramesh Chand Rajput","Chandra Kanwar","Ramesh Chand Rajput","9460302643","9460302643","9460302643","Station Road, Near Soni Dharmshala, Barmer","Male","2012-12-16","SC","Raman",false,false,"",36000,36000,0,0,"Active"
"SR-2024-1946","ADM-5946","PEN-RJ-2024-383040","Advik Bishnoi","01","9th","9th","A","9th - A","Surendra Bishnoi","Sayar Kanwar","Surendra Bishnoi","8769143951","8769143951","8769143951","Rai Colony, Near Water Tank, Barmer","Male","2011-01-26","OBC","Tagore",true,true,"Route 6 (Uttarlai Road - Airforce Area)",54000,0,54000,54000,"Active"
"SR-2024-1947","ADM-5947","PEN-RJ-2024-837401","Rampal Jangid","02","9th","9th","A","9th - A","Dungar Ram Jangid","Sunita","Dungar Ram Jangid","9828265249","9828265249","9828265249","Khatan Kocha, Inside City, Barmer","Male","2011-08-27","OBC","Ashoka",false,false,"",42000,31500,10500,10500,"Active"
"SR-2024-1948","ADM-5948","PEN-RJ-2024-910995","Aarav Solanki","03","9th","9th","A","9th - A","Rikhabdas Solanki","Manju","Rikhabdas Solanki","9829836673","9829836673","9829836673","Khatan Kocha, Inside City, Barmer","Male","2011-09-18","General","Shivaji",true,true,"Route 3 (Station Road - Sadar Bazaar)",54000,27000,27000,27000,"Active"
"SR-2024-1949","ADM-5949","PEN-RJ-2024-669672","Gayatri Gehlot","04","9th","9th","A","9th - A","Nemichand Gehlot","Nirmala","Nemichand Gehlot","9829797252","9829797252","9829797252","Jasol Road, Balotra Highway, Barmer","Female","2011-09-09","ST","Ashoka",false,false,"",42000,42000,0,0,"Active"
"SR-2024-1950","ADM-5950","PEN-RJ-2024-327601","Priya Meghwal","05","9th","9th","A","9th - A","Nemichand Meghwal","Chandra Kanwar","Nemichand Meghwal","9829205756","9829205756","9829205756","Tilak Nagar, Barmer","Female","2011-08-15","OBC","Shivaji",false,false,"",42000,21000,21000,21000,"Active"
"SR-2024-1951","ADM-5951","PEN-RJ-2024-388397","Mamta Sharma","06","9th","9th","A","9th - A","Gopal Sharma","Kanta Devi","Gopal Sharma","8769458779","8769458779","8769458779","Tilak Nagar, Barmer","Female","2011-09-13","General","Raman",false,false,"",42000,42000,0,0,"Active"
"SR-2024-1952","ADM-5952","PEN-RJ-2024-259001","Tanu Sharma","07","9th","9th","A","9th - A","Manak Chand Sharma","Anita","Manak Chand Sharma","9414859717","9414859717","9414859717","Sindhari Road, Near Bus Stand, Barmer","Female","2011-06-04","ST","Ashoka",true,true,"Route 5 (Chohtan Circle - Tilak Nagar)",54000,54000,0,0,"Active"
"SR-2024-1953","ADM-5953","PEN-RJ-2024-661152","Jitendra Goyal","08","9th","9th","A","9th - A","Teja Ram Goyal","Gulab Kanwar","Teja Ram Goyal","9828338025","9828338025","9828338025","Plot 42, Civil Lines, Barmer","Male","2011-12-01","General","Tagore",false,false,"",42000,0,42000,42000,"Active"
"SR-2024-1954","ADM-5954","PEN-RJ-2024-892795","Ananya Purohit","09","9th","9th","A","9th - A","Loonkaran Purohit","Sushila","Loonkaran Purohit","8769939493","8769939493","8769939493","Laxmi Nagar, Street 3, Barmer","Female","2011-07-13","SC","Tagore",false,false,"",42000,25000,17000,17000,"Active"
"SR-2024-1955","ADM-5955","PEN-RJ-2024-717046","Khimraj Chauhan","10","9th","9th","A","9th - A","Narpat Singh Chauhan","Anita","Narpat Singh Chauhan","9784332627","9784332627","9784332627","Indira Colony, Lane 4, Barmer","Male","2011-11-02","SC","Ashoka",false,false,"",42000,31500,10500,10500,"Active"
"SR-2024-1956","ADM-5956","PEN-RJ-2024-434822","Arnav Maheshwari","11","9th","9th","A","9th - A","Ramesh Chand Maheshwari","Sushila","Ramesh Chand Maheshwari","9784746060","9784746060","9784746060","Baldev Nagar, Near Ratan Singh Circle, Barmer","Male","2011-09-24","ST","Shivaji",true,true,"Route 4 (Mahaveer Nagar - Collectorate)",54000,40500,13500,13500,"Active"
"SR-2024-1957","ADM-5957","PEN-RJ-2024-455776","Navya Rajput","12","9th","9th","A","9th - A","Pabu Ram Rajput","Manju","Pabu Ram Rajput","9460260186","9460260186","9460260186","Sadar Bazaar, Near Old Fort, Barmer","Female","2011-08-05","OBC","Shivaji",false,false,"",42000,0,42000,42000,"Active"
"SR-2024-1958","ADM-5958","PEN-RJ-2024-136092","Jaideep Shekhawat","13","9th","9th","A","9th - A","Teja Ram Shekhawat","Shanti Devi","Teja Ram Shekhawat","8769723728","8769723728","8769723728","Laxmi Nagar, Street 3, Barmer","Male","2011-11-18","ST","Ashoka",false,false,"",42000,31500,10500,10500,"Active"
"SR-2024-1959","ADM-5959","PEN-RJ-2024-983243","Angel Meghwal","14","9th","9th","A","9th - A","Teja Ram Meghwal","Bhanwar Kanwar","Teja Ram Meghwal","9784177031","9784177031","9784177031","Laxmi Nagar, Street 3, Barmer","Female","2011-08-08","SC","Shivaji",true,true,"Route 7 (Sindhari Road - Kalyanpura)",54000,21500,32500,32500,"Active"
"SR-2024-1960","ADM-5960","PEN-RJ-2024-313496","Sunil Vyas","15","9th","9th","A","9th - A","Dungar Ram Vyas","Meenakshi","Dungar Ram Vyas","9460732289","9460732289","9460732289","Laxmi Nagar, Street 3, Barmer","Male","2011-02-24","General","Ashoka",false,false,"",42000,21000,21000,21000,"Active"
"SR-2024-1961","ADM-5961","PEN-RJ-2024-582204","Saroj Trivedi","16","9th","9th","A","9th - A","Vimalchand Trivedi","Laxmi Devi","Vimalchand Trivedi","9784347299","9784347299","9784347299","Panch Batti Circle, Barmer","Female","2011-09-15","General","Tagore",false,false,"",42000,42000,0,0,"Active"
"SR-2024-1962","ADM-5962","PEN-RJ-2024-736501","Surendra Meghwal","17","9th","9th","A","9th - A","Kailash Meghwal","Sharda","Kailash Meghwal","9829951617","9829951617","9829951617","Rai Colony, Near Water Tank, Barmer","Male","2011-04-08","ST","Shivaji",true,true,"Route 7 (Sindhari Road - Kalyanpura)",54000,54000,0,0,"Active"
"SR-2024-1963","ADM-5963","PEN-RJ-2024-732424","Muhammad Verma","18","9th","9th","A","9th - A","Ram Chandra Verma","Sugan Kanwar","Ram Chandra Verma","9460513898","9460513898","9460513898","Nehru Nagar, Main Road, Barmer","Male","2011-05-15","ST","Raman",false,false,"",42000,42000,0,0,"Active"
"SR-2024-1964","ADM-5964","PEN-RJ-2024-844065","Nirmala Purohit","19","9th","9th","A","9th - A","Shaitan Singh Purohit","Meenakshi","Shaitan Singh Purohit","9828412218","9828412218","9828412218","Sindhari Road, Near Bus Stand, Barmer","Female","2011-11-09","SC","Shivaji",true,true,"Route 2 (Indira Colony - Shastri Nagar)",54000,54000,0,0,"Active"
"SR-2024-1965","ADM-5965","PEN-RJ-2024-260203","Ronit Bishnoi","20","9th","9th","A","9th - A","Suresh Bishnoi","Prem Kanwar","Suresh Bishnoi","9784240678","9784240678","9784240678","Baldev Nagar, Near Ratan Singh Circle, Barmer","Male","2011-12-22","OBC","Ashoka",false,false,"",42000,42000,0,0,"Active"
"SR-2024-1966","ADM-5966","PEN-RJ-2024-288598","Sunil Bhati","21","9th","9th","A","9th - A","Surendra Bhati","Durga Devi","Surendra Bhati","8769325124","8769325124","8769325124","Khatan Kocha, Inside City, Barmer","Male","2011-12-21","General","Ashoka",false,false,"",42000,42000,0,0,"Active"
"SR-2024-1967","ADM-5967","PEN-RJ-2024-754355","Barkha Jangid","22","9th","9th","A","9th - A","Rajesh Jangid","Meenakshi","Rajesh Jangid","9784763597","9784763597","9784763597","Sadar Bazaar, Near Old Fort, Barmer","Female","2011-08-27","ST","Raman",false,false,"",42000,42000,0,0,"Active"
"SR-2024-1968","ADM-5968","PEN-RJ-2024-722453","Neha Singhal","23","9th","9th","A","9th - A","Jethmal Singhal","Sugan Kanwar","Jethmal Singhal","9829402154","9829402154","9829402154","Baldev Nagar, Near Ratan Singh Circle, Barmer","Female","2011-08-02","General","Shivaji",false,false,"",42000,0,42000,42000,"Active"
"SR-2024-1969","ADM-5969","PEN-RJ-2024-343215","Aditya Mittal","24","9th","9th","A","9th - A","Mangi Lal Mittal","Savitri Devi","Mangi Lal Mittal","9784770019","9784770019","9784770019","Rai Colony, Near Water Tank, Barmer","Male","2011-02-25","ST","Ashoka",false,false,"",42000,21000,21000,21000,"Active"
"SR-2024-1970","ADM-5970","PEN-RJ-2024-360606","Harsh Bansal","25","9th","9th","A","9th - A","Jagdish Prasad Bansal","Meenakshi","Jagdish Prasad Bansal","8769662311","8769662311","8769662311","Indira Colony, Lane 4, Barmer","Male","2011-02-07","ST","Raman",true,true,"Route 4 (Mahaveer Nagar - Collectorate)",54000,32500,21500,21500,"Active"
"SR-2024-1971","ADM-5971","PEN-RJ-2024-940925","Anvi Shekhawat","26","9th","9th","A","9th - A","Suresh Shekhawat","Rekha","Suresh Shekhawat","9829554098","9829554098","9829554098","Opp. Collectorate, Mahaveer Nagar, Barmer","Female","2011-08-18","SC","Tagore",false,false,"",42000,0,42000,42000,"Active"
"SR-2024-1972","ADM-5972","PEN-RJ-2024-700698","Pabu Shekhawat","27","9th","9th","A","9th - A","Surendra Shekhawat","Anand Kanwar","Surendra Shekhawat","9414670784","9414670784","9414670784","Panch Batti Circle, Barmer","Male","2011-02-18","OBC","Ashoka",true,true,"Route 6 (Uttarlai Road - Airforce Area)",54000,40500,13500,13500,"Active"
"SR-2024-1973","ADM-5973","PEN-RJ-2024-485247","Sharda Trivedi","28","9th","9th","A","9th - A","Ashok Trivedi","Rukmani Devi","Ashok Trivedi","9784604330","9784604330","9784604330","Ramsar Road, Barmer","Female","2011-06-04","ST","Ashoka",false,false,"",42000,17000,25000,25000,"Active"
"SR-2024-1974","ADM-5974","PEN-RJ-2024-188617","Durga Mittal","29","9th","9th","A","9th - A","Surendra Mittal","Anita","Surendra Mittal","9414679876","9414679876","9414679876","Plot 42, Civil Lines, Barmer","Female","2011-05-17","SC","Shivaji",false,false,"",42000,0,42000,42000,"Active"
"SR-2024-1975","ADM-5975","PEN-RJ-2024-925340","Rahul Gehlot","30","9th","9th","A","9th - A","Rikhabdas Gehlot","Meenakshi","Rikhabdas Gehlot","9414340261","9414340261","9414340261","Uttarlai Road, Near KV School, Barmer","Male","2011-03-01","OBC","Raman",true,true,"Route 2 (Indira Colony - Shastri Nagar)",54000,21500,32500,32500,"Active"
"SR-2024-1976","ADM-5976","PEN-RJ-2024-807401","Amar Soni","31","9th","9th","A","9th - A","Vimalchand Soni","Prem Kanwar","Vimalchand Soni","9829413098","9829413098","9829413098","Baldev Nagar, Near Ratan Singh Circle, Barmer","Male","2011-01-08","OBC","Raman",false,false,"",42000,25000,17000,17000,"Active"
"SR-2024-1977","ADM-5977","PEN-RJ-2024-583545","Karan Bhati","32","9th","9th","A","9th - A","Surendra Bhati","Prem Kanwar","Surendra Bhati","9414666789","9414666789","9414666789","Plot 42, Civil Lines, Barmer","Male","2011-11-21","OBC","Tagore",true,true,"Route 5 (Chohtan Circle - Tilak Nagar)",54000,21500,32500,32500,"Active"
"SR-2024-1978","ADM-5978","PEN-RJ-2024-641527","Manak Vyas","33","9th","9th","A","9th - A","Shaitan Singh Vyas","Sharda","Shaitan Singh Vyas","9829750160","9829750160","9829750160","Ramsar Road, Barmer","Male","2011-01-02","SC","Shivaji",false,false,"",42000,25000,17000,17000,"Active"
"SR-2024-1979","ADM-5979","PEN-RJ-2024-250425","Gajendra Lohar","34","9th","9th","A","9th - A","Ram Chandra Lohar","Gulab Kanwar","Ram Chandra Lohar","9784954555","9784954555","9784954555","Chohtan Circle, Highway Link, Barmer","Male","2011-03-28","ST","Tagore",false,false,"",42000,25000,17000,17000,"Active"
"SR-2024-1980","ADM-5980","PEN-RJ-2024-450441","Kuldeep Dadhich","35","9th","9th","A","9th - A","Ramesh Chand Dadhich","Pushpa Devi","Ramesh Chand Dadhich","9460200408","9460200408","9460200408","Jasol Road, Balotra Highway, Barmer","Male","2011-02-25","General","Tagore",false,false,"",42000,0,42000,42000,"Active"
"SR-2024-1981","ADM-5981","PEN-RJ-2024-548591","Jitendra Gupta","36","9th","9th","A","9th - A","Mahendra Gupta","Meenakshi","Mahendra Gupta","9460463955","9460463955","9460463955","Nehru Nagar, Main Road, Barmer","Male","2011-10-22","SC","Raman",true,true,"Route 1 (Baldev Nagar - Ratan Singh Circle)",54000,54000,0,0,"Active"
"SR-2024-1982","ADM-5982","PEN-RJ-2024-210053","Jagdish Solanki","37","9th","9th","A","9th - A","Chhagan Lal Solanki","Bhanwar Kanwar","Chhagan Lal Solanki","8769160277","8769160277","8769160277","Laxmi Nagar, Street 3, Barmer","Male","2011-10-02","ST","Raman",false,false,"",42000,42000,0,0,"Active"
"SR-2024-1983","ADM-5983","PEN-RJ-2024-613950","Sara Singhal","38","9th","9th","A","9th - A","Sawai Singh Singhal","Parvati Devi","Sawai Singh Singhal","9828925977","9828925977","9828925977","Station Road, Near Soni Dharmshala, Barmer","Female","2011-03-04","OBC","Tagore",true,true,"Route 5 (Chohtan Circle - Tilak Nagar)",54000,27000,27000,27000,"Active"
"SR-2024-1984","ADM-5984","PEN-RJ-2024-218931","Kailash Parihar","01","9th","9th","B","9th - B","Mangi Lal Parihar","Anand Kanwar","Mangi Lal Parihar","8769156599","8769156599","8769156599","Khatan Kocha, Inside City, Barmer","Male","2011-05-24","General","Raman",false,false,"",42000,42000,0,0,"Active"
"SR-2024-1985","ADM-5985","PEN-RJ-2024-555800","Bharat Bhati","02","9th","9th","B","9th - B","Ramesh Chand Bhati","Shanti Devi","Ramesh Chand Bhati","9828477167","9828477167","9828477167","Ramsar Road, Barmer","Male","2011-05-09","General","Shivaji",false,false,"",42000,42000,0,0,"Active"
"SR-2024-1986","ADM-5986","PEN-RJ-2024-408516","Jaswant Raika","03","9th","9th","B","9th - B","Hanuman Ram Raika","Savitri Devi","Hanuman Ram Raika","9460882616","9460882616","9460882616","Ramsar Road, Barmer","Male","2011-07-26","General","Shivaji",false,false,"",42000,0,42000,42000,"Active"
"SR-2024-1987","ADM-5987","PEN-RJ-2024-807197","Narendra Jain","04","9th","9th","B","9th - B","Mohan Lal Jain","Nirmala","Mohan Lal Jain","9829525331","9829525331","9829525331","Khatan Kocha, Inside City, Barmer","Male","2011-11-21","OBC","Ashoka",false,false,"",42000,17000,25000,25000,"Active"
"SR-2024-1988","ADM-5988","PEN-RJ-2024-628901","Priyanka Bhati","05","9th","9th","B","9th - B","Ramesh Chand Bhati","Sayar Kanwar","Ramesh Chand Bhati","9829137868","9829137868","9829137868","Plot 42, Civil Lines, Barmer","Female","2011-04-04","SC","Tagore",true,true,"Route 3 (Station Road - Sadar Bazaar)",54000,40500,13500,13500,"Active"
"SR-2024-1989","ADM-5989","PEN-RJ-2024-599394","Diya Gaur","06","9th","9th","B","9th - B","Ram Chandra Gaur","Sayar Kanwar","Ram Chandra Gaur","8769209746","8769209746","8769209746","Uttarlai Road, Near KV School, Barmer","Female","2011-05-19","OBC","Raman",false,false,"",42000,0,42000,42000,"Active"
"SR-2024-1990","ADM-5990","PEN-RJ-2024-409702","Surendra Gupta","07","9th","9th","B","9th - B","Gopal Gupta","Chandra Kanwar","Gopal Gupta","9414627218","9414627218","9414627218","Uttarlai Road, Near KV School, Barmer","Male","2011-07-27","SC","Raman",false,false,"",42000,25000,17000,17000,"Active"
"SR-2024-1991","ADM-5991","PEN-RJ-2024-955458","Vikram Bishnoi","08","9th","9th","B","9th - B","Manak Chand Bishnoi","Geeta Devi","Manak Chand Bishnoi","9784608558","9784608558","9784608558","Opp. Collectorate, Mahaveer Nagar, Barmer","Male","2011-10-03","General","Tagore",true,true,"Route 5 (Chohtan Circle - Tilak Nagar)",54000,21500,32500,32500,"Active"
"SR-2024-1992","ADM-5992","PEN-RJ-2024-450822","Kamla Rathore","09","9th","9th","B","9th - B","Bhagwan Das Rathore","Bhanwar Kanwar","Bhagwan Das Rathore","8769650119","8769650119","8769650119","Jasol Road, Balotra Highway, Barmer","Female","2011-08-22","ST","Shivaji",false,false,"",42000,42000,0,0,"Active"
"SR-2024-1993","ADM-5993","PEN-RJ-2024-228273","Mamta Jangid","10","9th","9th","B","9th - B","Roopa Ram Jangid","Laxmi Devi","Roopa Ram Jangid","9414765462","9414765462","9414765462","Shastri Nagar, Sector 2, Barmer","Female","2011-12-05","OBC","Shivaji",false,false,"",42000,25000,17000,17000,"Active"
"SR-2024-1994","ADM-5994","PEN-RJ-2024-651274","Bhawani Dewasi","11","9th","9th","B","9th - B","Ramesh Chand Dewasi","Sunita","Ramesh Chand Dewasi","9828166666","9828166666","9828166666","Baytu Link Road, Barmer","Male","2011-02-22","General","Tagore",false,false,"",42000,42000,0,0,"Active"
"SR-2024-1995","ADM-5995","PEN-RJ-2024-673223","Tejpal Dadhich","12","9th","9th","B","9th - B","Bhawani Singh Dadhich","Chandra Kanwar","Bhawani Singh Dadhich","9829355070","9829355070","9829355070","Nehru Nagar, Main Road, Barmer","Male","2011-07-09","OBC","Tagore",true,true,"Route 7 (Sindhari Road - Kalyanpura)",54000,32500,21500,21500,"Active"
"SR-2024-1996","ADM-5996","PEN-RJ-2024-793836","Amar Dadhich","13","9th","9th","B","9th - B","Kalyan Singh Dadhich","Manju","Kalyan Singh Dadhich","9460579604","9460579604","9460579604","Panch Batti Circle, Barmer","Male","2011-05-26","OBC","Raman",false,false,"",42000,17000,25000,25000,"Active"
"SR-2024-1997","ADM-5997","PEN-RJ-2024-415895","Ira Kumhar","14","9th","9th","B","9th - B","Uttamchand Kumhar","Sugan Kanwar","Uttamchand Kumhar","8769946490","8769946490","8769946490","Rai Colony, Near Water Tank, Barmer","Female","2011-02-20","SC","Tagore",false,false,"",42000,25000,17000,17000,"Active"
"SR-2024-1998","ADM-5998","PEN-RJ-2024-137062","Ratan Kumhar","15","9th","9th","B","9th - B","Dinesh Kumhar","Nirmala","Dinesh Kumhar","9460171880","9460171880","9460171880","Kalyanpura, Barmer","Male","2011-12-16","OBC","Tagore",false,false,"",42000,42000,0,0,"Active"
"SR-2024-1999","ADM-5999","PEN-RJ-2024-597583","Aarti Jain","16","9th","9th","B","9th - B","Nemichand Jain","Pushpa Devi","Nemichand Jain","9828485601","9828485601","9828485601","Ramsar Road, Barmer","Female","2011-10-06","SC","Ashoka",true,true,"Route 3 (Station Road - Sadar Bazaar)",54000,40500,13500,13500,"Active"
"SR-2024-2000","ADM-6000","PEN-RJ-2024-580959","Radha Meghwal","17","9th","9th","B","9th - B","Jethmal Meghwal","Laxmi Devi","Jethmal Meghwal","9460773993","9460773993","9460773993","Shastri Nagar, Sector 2, Barmer","Female","2011-11-08","General","Raman",false,false,"",42000,42000,0,0,"Active"
"SR-2024-2001","ADM-6001","PEN-RJ-2024-117212","Dharampal Parihar","18","9th","9th","B","9th - B","Rajesh Parihar","Rukmani Devi","Rajesh Parihar","9414646086","9414646086","9414646086","Nehru Nagar, Main Road, Barmer","Male","2011-05-26","General","Shivaji",true,true,"Route 5 (Chohtan Circle - Tilak Nagar)",54000,54000,0,0,"Active"
"SR-2024-2002","ADM-6002","PEN-RJ-2024-368131","Ansh Maheshwari","19","9th","9th","B","9th - B","Khimraj Maheshwari","Sayar Kanwar","Khimraj Maheshwari","9829702452","9829702452","9829702452","Kalyanpura, Barmer","Male","2011-12-17","ST","Ashoka",false,false,"",42000,21000,21000,21000,"Active"
"SR-2024-2003","ADM-6003","PEN-RJ-2024-382558","Kiran Suthar","20","9th","9th","B","9th - B","Sawai Singh Suthar","Sharda","Sawai Singh Suthar","9829623008","9829623008","9829623008","Kalyanpura, Barmer","Female","2011-05-28","ST","Ashoka",true,true,"Route 8 (Rai Colony - Civil Lines)",54000,54000,0,0,"Active"
"SR-2024-2004","ADM-6004","PEN-RJ-2024-363266","Reyansh Shekhawat","21","9th","9th","B","9th - B","Dungar Ram Shekhawat","Geeta Devi","Dungar Ram Shekhawat","9829793063","9829793063","9829793063","Khatan Kocha, Inside City, Barmer","Male","2011-04-02","OBC","Tagore",false,false,"",42000,17000,25000,25000,"Active"
"SR-2024-2005","ADM-6005","PEN-RJ-2024-266316","Ritu Shekhawat","22","9th","9th","B","9th - B","Pabu Ram Shekhawat","Prem Kanwar","Pabu Ram Shekhawat","9784435640","9784435640","9784435640","Plot 42, Civil Lines, Barmer","Female","2011-01-05","ST","Raman",false,false,"",42000,31500,10500,10500,"Active"
"SR-2024-2006","ADM-6006","PEN-RJ-2024-772998","Laxman Charan","23","9th","9th","B","9th - B","Uttamchand Charan","Urmila","Uttamchand Charan","9784512069","9784512069","9784512069","Kalyanpura, Barmer","Male","2011-11-17","ST","Ashoka",true,true,"Route 7 (Sindhari Road - Kalyanpura)",54000,21500,32500,32500,"Active"
"SR-2024-2007","ADM-6007","PEN-RJ-2024-926096","Aarti Raika","24","9th","9th","B","9th - B","Mangi Lal Raika","Urmila","Mangi Lal Raika","9460981958","9460981958","9460981958","Ramsar Road, Barmer","Female","2011-04-13","ST","Shivaji",false,false,"",42000,42000,0,0,"Active"
"SR-2024-2008","ADM-6008","PEN-RJ-2024-942192","Pratap Charan","25","9th","9th","B","9th - B","Sohan Lal Charan","Nirmala","Sohan Lal Charan","9828298235","9828298235","9828298235","Ramsar Road, Barmer","Male","2011-06-25","General","Ashoka",false,false,"",42000,42000,0,0,"Active"
"SR-2024-2009","ADM-6009","PEN-RJ-2024-960678","Aarti Joshi","26","9th","9th","B","9th - B","Rikhabdas Joshi","Meenakshi","Rikhabdas Joshi","9414621757","9414621757","9414621757","Jasol Road, Balotra Highway, Barmer","Female","2011-03-26","ST","Ashoka",false,false,"",42000,42000,0,0,"Active"
"SR-2024-2010","ADM-6010","PEN-RJ-2024-298299","Harsh Bishnoi","27","9th","9th","B","9th - B","Jabbar Singh Bishnoi","Urmila","Jabbar Singh Bishnoi","9784133118","9784133118","9784133118","Sindhari Road, Near Bus Stand, Barmer","Male","2011-12-27","ST","Ashoka",true,true,"Route 2 (Indira Colony - Shastri Nagar)",54000,40500,13500,13500,"Active"
"SR-2024-2011","ADM-6011","PEN-RJ-2024-711541","Madhav Maheshwari","28","9th","9th","B","9th - B","Sawai Singh Maheshwari","Sharda","Sawai Singh Maheshwari","9829158701","9829158701","9829158701","Laxmi Nagar, Street 3, Barmer","Male","2011-12-10","ST","Ashoka",false,false,"",42000,42000,0,0,"Active"
"SR-2024-2012","ADM-6012","PEN-RJ-2024-919462","Sanjay Agarwal","29","9th","9th","B","9th - B","Manak Chand Agarwal","Prem Kanwar","Manak Chand Agarwal","8769379313","8769379313","8769379313","Indira Colony, Lane 4, Barmer","Male","2011-04-10","ST","Tagore",false,false,"",42000,42000,0,0,"Active"
"SR-2024-2013","ADM-6013","PEN-RJ-2024-616549","Virendra Mittal","30","9th","9th","B","9th - B","Kailash Mittal","Durga Devi","Kailash Mittal","9828555248","9828555248","9828555248","Nehru Nagar, Main Road, Barmer","Male","2011-05-12","General","Shivaji",false,false,"",42000,42000,0,0,"Active"
"SR-2024-2014","ADM-6014","PEN-RJ-2024-684260","Sawai Jain","31","9th","9th","B","9th - B","Parasmal Jain","Pushpa Devi","Parasmal Jain","9784718948","9784718948","9784718948","Rai Colony, Near Water Tank, Barmer","Male","2011-04-01","OBC","Tagore",false,false,"",42000,21000,21000,21000,"Active"
"SR-2024-2015","ADM-6015","PEN-RJ-2024-106397","Arnav Singhal","32","9th","9th","B","9th - B","Bhagwan Das Singhal","Pushpa Devi","Bhagwan Das Singhal","8769783332","8769783332","8769783332","Rai Colony, Near Water Tank, Barmer","Male","2011-06-05","SC","Ashoka",false,false,"",42000,0,42000,42000,"Active"
"SR-2024-2016","ADM-6016","PEN-RJ-2024-546987","Gopal Vyas","33","9th","9th","B","9th - B","Rajesh Vyas","Rekha","Rajesh Vyas","9784612371","9784612371","9784612371","Jasol Road, Balotra Highway, Barmer","Male","2011-08-28","General","Raman",false,false,"",42000,21000,21000,21000,"Active"
"SR-2024-2017","ADM-6017","PEN-RJ-2024-415968","Vivaan Sharma","34","9th","9th","B","9th - B","Sohan Lal Sharma","Santosh","Sohan Lal Sharma","9414203297","9414203297","9414203297","Nehru Nagar, Main Road, Barmer","Male","2011-07-09","SC","Shivaji",false,false,"",42000,31500,10500,10500,"Active"
"SR-2024-2018","ADM-6018","PEN-RJ-2024-790020","Kajal Shekhawat","35","9th","9th","B","9th - B","Surendra Shekhawat","Rekha","Surendra Shekhawat","9460919780","9460919780","9460919780","Jasol Road, Balotra Highway, Barmer","Female","2011-11-17","OBC","Raman",false,false,"",42000,21000,21000,21000,"Active"
"SR-2024-2019","ADM-6019","PEN-RJ-2024-387568","Anita Goyal","36","9th","9th","B","9th - B","Tarachand Goyal","Durga Devi","Tarachand Goyal","9784476316","9784476316","9784476316","Shastri Nagar, Sector 2, Barmer","Female","2011-07-24","SC","Raman",false,false,"",42000,0,42000,42000,"Active"
"SR-2024-2020","ADM-6020","PEN-RJ-2024-307977","Sanjay Solanki","37","9th","9th","B","9th - B","Chhagan Lal Solanki","Chandra Kanwar","Chhagan Lal Solanki","9828219771","9828219771","9828219771","Tilak Nagar, Barmer","Male","2011-07-14","SC","Shivaji",false,false,"",42000,25000,17000,17000,"Active"
"SR-2024-2021","ADM-6021","PEN-RJ-2024-879436","Pihu Mittal","38","9th","9th","B","9th - B","Teja Ram Mittal","Sugan Kanwar","Teja Ram Mittal","8769994552","8769994552","8769994552","Kalyanpura, Barmer","Female","2011-11-26","SC","Raman",false,false,"",42000,25000,17000,17000,"Active"
"SR-2024-2022","ADM-6022","PEN-RJ-2024-395476","Radha Dave","01","9th","9th","C","9th - C","Roopa Ram Dave","Anita","Roopa Ram Dave","9460214420","9460214420","9460214420","Rai Colony, Near Water Tank, Barmer","Female","2011-08-22","OBC","Raman",true,true,"Route 6 (Uttarlai Road - Airforce Area)",54000,40500,13500,13500,"Active"
"SR-2024-2023","ADM-6023","PEN-RJ-2024-219938","Deepak Mittal","02","9th","9th","C","9th - C","Rikhabdas Mittal","Bhanwar Kanwar","Rikhabdas Mittal","9460571439","9460571439","9460571439","Opp. Collectorate, Mahaveer Nagar, Barmer","Male","2011-08-04","SC","Tagore",false,false,"",42000,25000,17000,17000,"Active"
"SR-2024-2024","ADM-6024","PEN-RJ-2024-611943","Teja Rathore","03","9th","9th","C","9th - C","Vimalchand Rathore","Durga Devi","Vimalchand Rathore","9414696239","9414696239","9414696239","Khatan Kocha, Inside City, Barmer","Male","2011-12-08","General","Tagore",true,true,"Route 3 (Station Road - Sadar Bazaar)",54000,0,54000,54000,"Active"
"SR-2024-2025","ADM-6025","PEN-RJ-2024-679375","Arnav Verma","04","9th","9th","C","9th - C","Bhagwan Das Verma","Shanti Devi","Bhagwan Das Verma","9460906747","9460906747","9460906747","Jasol Road, Balotra Highway, Barmer","Male","2011-01-15","ST","Tagore",true,true,"Route 8 (Rai Colony - Civil Lines)",54000,21500,32500,32500,"Active"
"SR-2024-2026","ADM-6026","PEN-RJ-2024-637308","Aarohi Maheshwari","05","9th","9th","C","9th - C","Khimraj Maheshwari","Nirmala","Khimraj Maheshwari","9460876406","9460876406","9460876406","Sadar Bazaar, Near Old Fort, Barmer","Female","2011-01-24","ST","Ashoka",true,true,"Route 5 (Chohtan Circle - Tilak Nagar)",54000,27000,27000,27000,"Active"
"SR-2024-2027","ADM-6027","PEN-RJ-2024-781969","Lokendra Meghwal","06","9th","9th","C","9th - C","Dungar Ram Meghwal","Sita Devi","Dungar Ram Meghwal","9414510973","9414510973","9414510973","Shastri Nagar, Sector 2, Barmer","Male","2011-02-22","OBC","Shivaji",true,true,"Route 4 (Mahaveer Nagar - Collectorate)",54000,54000,0,0,"Active"
"SR-2024-2028","ADM-6028","PEN-RJ-2024-977703","Usha Mathur","07","9th","9th","C","9th - C","Uttamchand Mathur","Rukmani Devi","Uttamchand Mathur","9784369945","9784369945","9784369945","Shastri Nagar, Sector 2, Barmer","Female","2011-12-06","OBC","Ashoka",false,false,"",42000,42000,0,0,"Active"
"SR-2024-2029","ADM-6029","PEN-RJ-2024-294926","Ram Jangid","08","9th","9th","C","9th - C","Ashok Jangid","Urmila","Ashok Jangid","9829963214","9829963214","9829963214","Nehru Nagar, Main Road, Barmer","Male","2011-11-03","SC","Shivaji",true,true,"Route 1 (Baldev Nagar - Ratan Singh Circle)",54000,21500,32500,32500,"Active"
"SR-2024-2030","ADM-6030","PEN-RJ-2024-725254","Ritu Rathore","09","9th","9th","C","9th - C","Mangi Lal Rathore","Shanti Devi","Mangi Lal Rathore","9460687130","9460687130","9460687130","Station Road, Near Soni Dharmshala, Barmer","Female","2011-07-21","OBC","Tagore",true,true,"Route 4 (Mahaveer Nagar - Collectorate)",54000,40500,13500,13500,"Active"
"SR-2024-2031","ADM-6031","PEN-RJ-2024-698620","Teja Soni","10","9th","9th","C","9th - C","Jethmal Soni","Sunita","Jethmal Soni","9784113710","9784113710","9784113710","Ramsar Road, Barmer","Male","2011-04-07","SC","Ashoka",false,false,"",42000,42000,0,0,"Active"
"SR-2024-2032","ADM-6032","PEN-RJ-2024-931488","Rahul Solanki","11","9th","9th","C","9th - C","Sawai Singh Solanki","Sunita","Sawai Singh Solanki","9414492017","9414492017","9414492017","Nehru Nagar, Main Road, Barmer","Male","2011-07-14","SC","Raman",false,false,"",42000,31500,10500,10500,"Active"
"SR-2024-2033","ADM-6033","PEN-RJ-2024-260640","Kamla Gupta","12","9th","9th","C","9th - C","Bhagwan Das Gupta","Anita","Bhagwan Das Gupta","9460826508","9460826508","9460826508","Sindhari Road, Near Bus Stand, Barmer","Female","2011-03-26","General","Raman",true,true,"Route 1 (Baldev Nagar - Ratan Singh Circle)",54000,27000,27000,27000,"Active"
"SR-2024-2034","ADM-6034","PEN-RJ-2024-564955","Priya Raika","13","9th","9th","C","9th - C","Jagdish Prasad Raika","Parvati Devi","Jagdish Prasad Raika","9784225494","9784225494","9784225494","Sindhari Road, Near Bus Stand, Barmer","Female","2011-01-25","ST","Shivaji",false,false,"",42000,17000,25000,25000,"Active"
"SR-2024-2035","ADM-6035","PEN-RJ-2024-688392","Barkha Rathore","14","9th","9th","C","9th - C","Bhanwar Singh Rathore","Geeta Devi","Bhanwar Singh Rathore","9828747402","9828747402","9828747402","Plot 42, Civil Lines, Barmer","Female","2011-01-01","OBC","Raman",true,true,"Route 2 (Indira Colony - Shastri Nagar)",54000,27000,27000,27000,"Active"
"SR-2024-2036","ADM-6036","PEN-RJ-2024-455053","Pihu Choudhary","15","9th","9th","C","9th - C","Ram Chandra Choudhary","Urmila","Ram Chandra Choudhary","9414791556","9414791556","9414791556","Opp. Collectorate, Mahaveer Nagar, Barmer","Female","2011-06-10","SC","Shivaji",true,true,"Route 6 (Uttarlai Road - Airforce Area)",54000,54000,0,0,"Active"
"SR-2024-2037","ADM-6037","PEN-RJ-2024-122659","Mukesh Solanki","16","9th","9th","C","9th - C","Tarachand Solanki","Pooja","Tarachand Solanki","9784141066","9784141066","9784141066","Laxmi Nagar, Street 3, Barmer","Male","2011-10-10","OBC","Raman",true,true,"Route 6 (Uttarlai Road - Airforce Area)",54000,54000,0,0,"Active"
"SR-2024-2038","ADM-6038","PEN-RJ-2024-419961","Aadhya Chauhan","17","9th","9th","C","9th - C","Mohan Lal Chauhan","Shanti Devi","Mohan Lal Chauhan","9828928235","9828928235","9828928235","Kalyanpura, Barmer","Female","2011-08-21","General","Tagore",true,true,"Route 3 (Station Road - Sadar Bazaar)",54000,0,54000,54000,"Active"
"SR-2024-2039","ADM-6039","PEN-RJ-2024-790284","Kavita Gehlot","18","9th","9th","C","9th - C","Mahendra Gehlot","Anand Kanwar","Mahendra Gehlot","9828656263","9828656263","9828656263","Rai Colony, Near Water Tank, Barmer","Female","2011-06-08","General","Ashoka",false,false,"",42000,42000,0,0,"Active"
"SR-2024-2040","ADM-6040","PEN-RJ-2024-406151","Sandeep Lohar","19","9th","9th","C","9th - C","Surendra Lohar","Gulab Kanwar","Surendra Lohar","9828421811","9828421811","9828421811","Nehru Nagar, Main Road, Barmer","Male","2011-01-05","ST","Raman",false,false,"",42000,31500,10500,10500,"Active"
"SR-2024-2041","ADM-6041","PEN-RJ-2024-647870","Jaideep Mittal","20","9th","9th","C","9th - C","Tarachand Mittal","Kamla Devi","Tarachand Mittal","9828790792","9828790792","9828790792","Panch Batti Circle, Barmer","Male","2011-03-24","SC","Tagore",false,false,"",42000,21000,21000,21000,"Active"
"SR-2024-2042","ADM-6042","PEN-RJ-2024-447940","Barkha Vyas","21","9th","9th","C","9th - C","Dinesh Vyas","Santosh","Dinesh Vyas","8769494816","8769494816","8769494816","Chohtan Circle, Highway Link, Barmer","Female","2011-03-08","ST","Raman",false,false,"",42000,17000,25000,25000,"Active"
"SR-2024-2043","ADM-6043","PEN-RJ-2024-214643","Dimple Purohit","22","9th","9th","C","9th - C","Prem Singh Purohit","Sayar Kanwar","Prem Singh Purohit","9784212856","9784212856","9784212856","Kalyanpura, Barmer","Female","2011-11-12","General","Tagore",false,false,"",42000,21000,21000,21000,"Active"
"SR-2024-2044","ADM-6044","PEN-RJ-2024-536312","Manju Panwar","23","9th","9th","C","9th - C","Mahendra Panwar","Sugan Kanwar","Mahendra Panwar","9828746656","9828746656","9828746656","Ramsar Road, Barmer","Female","2011-02-28","General","Raman",false,false,"",42000,42000,0,0,"Active"
"SR-2024-2045","ADM-6045","PEN-RJ-2024-559431","Diya Kumhar","24","9th","9th","C","9th - C","Dinesh Kumhar","Pushpa Devi","Dinesh Kumhar","9829149989","9829149989","9829149989","Baytu Link Road, Barmer","Female","2011-01-25","SC","Ashoka",false,false,"",42000,42000,0,0,"Active"
"SR-2024-2046","ADM-6046","PEN-RJ-2024-118414","Sara Trivedi","25","9th","9th","C","9th - C","Bhagwan Das Trivedi","Sayar Kanwar","Bhagwan Das Trivedi","8769964772","8769964772","8769964772","Nehru Nagar, Main Road, Barmer","Female","2011-10-02","ST","Raman",false,false,"",42000,31500,10500,10500,"Active"
"SR-2024-2047","ADM-6047","PEN-RJ-2024-661585","Sita Agarwal","26","9th","9th","C","9th - C","Nemichand Agarwal","Durga Devi","Nemichand Agarwal","9784679263","9784679263","9784679263","Ramsar Road, Barmer","Female","2011-04-21","SC","Tagore",false,false,"",42000,42000,0,0,"Active"
"SR-2024-2048","ADM-6048","PEN-RJ-2024-378853","Barkha Gehlot","27","9th","9th","C","9th - C","Bhanwar Singh Gehlot","Geeta Devi","Bhanwar Singh Gehlot","9460714147","9460714147","9460714147","Kalyanpura, Barmer","Female","2011-10-27","ST","Raman",false,false,"",42000,21000,21000,21000,"Active"
"SR-2024-2049","ADM-6049","PEN-RJ-2024-896601","Rampal Suthar","28","9th","9th","C","9th - C","Loonkaran Suthar","Mohan Kanwar","Loonkaran Suthar","8769441415","8769441415","8769441415","Laxmi Nagar, Street 3, Barmer","Male","2011-08-11","OBC","Ashoka",false,false,"",42000,31500,10500,10500,"Active"
"SR-2024-2050","ADM-6050","PEN-RJ-2024-468743","Diya Gaur","29","9th","9th","C","9th - C","Surendra Gaur","Geeta Devi","Surendra Gaur","8769874929","8769874929","8769874929","Plot 42, Civil Lines, Barmer","Female","2011-04-20","General","Shivaji",false,false,"",42000,42000,0,0,"Active"
"SR-2024-2051","ADM-6051","PEN-RJ-2024-514701","Teja Mittal","30","9th","9th","C","9th - C","Gopal Mittal","Rekha","Gopal Mittal","9414501614","9414501614","9414501614","Ramsar Road, Barmer","Male","2011-12-26","SC","Shivaji",true,true,"Route 7 (Sindhari Road - Kalyanpura)",54000,21500,32500,32500,"Active"
"SR-2024-2052","ADM-6052","PEN-RJ-2024-678904","Madhav Jangid","31","9th","9th","C","9th - C","Pabu Ram Jangid","Sita Devi","Pabu Ram Jangid","8769789762","8769789762","8769789762","Baytu Link Road, Barmer","Male","2011-11-06","ST","Ashoka",false,false,"",42000,42000,0,0,"Active"
"SR-2024-2053","ADM-6053","PEN-RJ-2024-619569","Sneha Jain","32","9th","9th","C","9th - C","Suresh Jain","Sita Devi","Suresh Jain","9828689110","9828689110","9828689110","Rai Colony, Near Water Tank, Barmer","Female","2011-03-03","SC","Tagore",false,false,"",42000,42000,0,0,"Active"
"SR-2024-2054","ADM-6054","PEN-RJ-2024-766803","Priya Jangid","33","9th","9th","C","9th - C","Bhanwar Singh Jangid","Meenakshi","Bhanwar Singh Jangid","9829924290","9829924290","9829924290","Sindhari Road, Near Bus Stand, Barmer","Female","2011-10-16","SC","Shivaji",true,true,"Route 7 (Sindhari Road - Kalyanpura)",54000,0,54000,54000,"Active"
"SR-2024-2055","ADM-6055","PEN-RJ-2024-828563","Harsh Rajput","34","9th","9th","C","9th - C","Kalyan Singh Rajput","Prem Kanwar","Kalyan Singh Rajput","9784945514","9784945514","9784945514","Jasol Road, Balotra Highway, Barmer","Male","2011-12-25","General","Raman",false,false,"",42000,31500,10500,10500,"Active"
"SR-2024-2056","ADM-6056","PEN-RJ-2024-920456","Sneha Soni","35","9th","9th","C","9th - C","Prem Singh Soni","Pooja","Prem Singh Soni","9414465631","9414465631","9414465631","Sadar Bazaar, Near Old Fort, Barmer","Female","2011-08-10","General","Ashoka",true,true,"Route 5 (Chohtan Circle - Tilak Nagar)",54000,0,54000,54000,"Active"
"SR-2024-2057","ADM-6057","PEN-RJ-2024-785460","Madhav Purohit","36","9th","9th","C","9th - C","Sumer Singh Purohit","Geeta Devi","Sumer Singh Purohit","9784463320","9784463320","9784463320","Laxmi Nagar, Street 3, Barmer","Male","2011-09-28","General","Tagore",false,false,"",42000,25000,17000,17000,"Active"
"SR-2024-2058","ADM-6058","PEN-RJ-2024-416100","Omprakash Mittal","37","9th","9th","C","9th - C","Surendra Mittal","Meenakshi","Surendra Mittal","9784617516","9784617516","9784617516","Indira Colony, Lane 4, Barmer","Male","2011-09-23","General","Ashoka",false,false,"",42000,25000,17000,17000,"Active"
"SR-2024-2059","ADM-6059","PEN-RJ-2024-857547","Urmila Verma","38","9th","9th","C","9th - C","Uttamchand Verma","Anand Kanwar","Uttamchand Verma","9460949226","9460949226","9460949226","Uttarlai Road, Near KV School, Barmer","Female","2011-11-21","OBC","Shivaji",false,false,"",42000,25000,17000,17000,"Active"
"SR-2024-2060","ADM-6060","PEN-RJ-2024-813218","Megha Singhal","01","9th","9th","D","9th - D","Mangi Lal Singhal","Anita","Mangi Lal Singhal","8769982340","8769982340","8769982340","Baytu Link Road, Barmer","Female","2011-02-06","ST","Raman",false,false,"",42000,42000,0,0,"Active"
"SR-2024-2061","ADM-6061","PEN-RJ-2024-667269","Urmila Maheshwari","02","9th","9th","D","9th - D","Chhagan Lal Maheshwari","Chandra Kanwar","Chhagan Lal Maheshwari","9414624034","9414624034","9414624034","Station Road, Near Soni Dharmshala, Barmer","Female","2011-12-26","SC","Shivaji",false,false,"",42000,21000,21000,21000,"Active"
"SR-2024-2062","ADM-6062","PEN-RJ-2024-490091","Jitendra Bishnoi","03","9th","9th","D","9th - D","Jethmal Bishnoi","Santosh","Jethmal Bishnoi","8769609978","8769609978","8769609978","Laxmi Nagar, Street 3, Barmer","Male","2011-02-24","OBC","Ashoka",false,false,"",42000,42000,0,0,"Active"
"SR-2024-2063","ADM-6063","PEN-RJ-2024-472958","Sanjay Suthar","04","9th","9th","D","9th - D","Prem Singh Suthar","Mohan Kanwar","Prem Singh Suthar","8769881674","8769881674","8769881674","Baytu Link Road, Barmer","Male","2011-05-06","SC","Raman",false,false,"",42000,0,42000,42000,"Active"
"SR-2024-2064","ADM-6064","PEN-RJ-2024-121173","Dungar Rajput","05","9th","9th","D","9th - D","Jagdish Prasad Rajput","Meenakshi","Jagdish Prasad Rajput","8769620182","8769620182","8769620182","Laxmi Nagar, Street 3, Barmer","Male","2011-11-28","SC","Shivaji",true,true,"Route 4 (Mahaveer Nagar - Collectorate)",54000,21500,32500,32500,"Active"
"SR-2024-2065","ADM-6065","PEN-RJ-2024-630097","Ira Solanki","06","9th","9th","D","9th - D","Roopa Ram Solanki","Sharda","Roopa Ram Solanki","9828154825","9828154825","9828154825","Station Road, Near Soni Dharmshala, Barmer","Female","2011-02-02","ST","Ashoka",false,false,"",42000,25000,17000,17000,"Active"
"SR-2024-2066","ADM-6066","PEN-RJ-2024-890322","Prem Suthar","07","9th","9th","D","9th - D","Tarachand Suthar","Prem Kanwar","Tarachand Suthar","8769580550","8769580550","8769580550","Kalyanpura, Barmer","Male","2011-02-19","ST","Shivaji",true,true,"Route 6 (Uttarlai Road - Airforce Area)",54000,27000,27000,27000,"Active"
"SR-2024-2067","ADM-6067","PEN-RJ-2024-411505","Saanvi Chauhan","08","9th","9th","D","9th - D","Mahendra Chauhan","Santosh","Mahendra Chauhan","8769823930","8769823930","8769823930","Rai Colony, Near Water Tank, Barmer","Female","2011-06-17","General","Raman",false,false,"",42000,17000,25000,25000,"Active"
"SR-2024-2068","ADM-6068","PEN-RJ-2024-787461","Dhruv Chauhan","09","9th","9th","D","9th - D","Kailash Chauhan","Sunita","Kailash Chauhan","9414303458","9414303458","9414303458","Baldev Nagar, Near Ratan Singh Circle, Barmer","Male","2011-08-05","SC","Raman",true,true,"Route 2 (Indira Colony - Shastri Nagar)",54000,21500,32500,32500,"Active"
"SR-2024-2069","ADM-6069","PEN-RJ-2024-645632","Ritu Lohar","10","9th","9th","D","9th - D","Ashok Lohar","Sugan Kanwar","Ashok Lohar","9829627860","9829627860","9829627860","Panch Batti Circle, Barmer","Female","2011-10-28","General","Shivaji",false,false,"",42000,25000,17000,17000,"Active"
"SR-2024-2070","ADM-6070","PEN-RJ-2024-606344","Lokendra Dave","11","9th","9th","D","9th - D","Manak Chand Dave","Mohan Kanwar","Manak Chand Dave","9414125328","9414125328","9414125328","Khatan Kocha, Inside City, Barmer","Male","2011-01-12","OBC","Raman",true,true,"Route 1 (Baldev Nagar - Ratan Singh Circle)",54000,54000,0,0,"Active"
"SR-2024-2071","ADM-6071","PEN-RJ-2024-113893","Mahesh Sharma","12","9th","9th","D","9th - D","Kailash Sharma","Geeta Devi","Kailash Sharma","9460285104","9460285104","9460285104","Station Road, Near Soni Dharmshala, Barmer","Male","2011-05-16","SC","Tagore",false,false,"",42000,17000,25000,25000,"Active"
"SR-2024-2072","ADM-6072","PEN-RJ-2024-180525","Kajal Raika","13","9th","9th","D","9th - D","Tarachand Raika","Sugan Kanwar","Tarachand Raika","8769452542","8769452542","8769452542","Sadar Bazaar, Near Old Fort, Barmer","Female","2011-10-07","OBC","Ashoka",false,false,"",42000,42000,0,0,"Active"
"SR-2024-2073","ADM-6073","PEN-RJ-2024-918486","Ashok Goyal","14","9th","9th","D","9th - D","Chhagan Lal Goyal","Meenakshi","Chhagan Lal Goyal","9460655519","9460655519","9460655519","Nehru Nagar, Main Road, Barmer","Male","2011-01-21","ST","Raman",false,false,"",42000,17000,25000,25000,"Active"
"SR-2024-2074","ADM-6074","PEN-RJ-2024-582834","Divya Meena","15","9th","9th","D","9th - D","Dinesh Meena","Geeta Devi","Dinesh Meena","9829639848","9829639848","9829639848","Sadar Bazaar, Near Old Fort, Barmer","Female","2011-03-15","General","Shivaji",true,true,"Route 2 (Indira Colony - Shastri Nagar)",54000,54000,0,0,"Active"
"SR-2024-2075","ADM-6075","PEN-RJ-2024-170322","Harsh Agarwal","16","9th","9th","D","9th - D","Ashok Agarwal","Pooja","Ashok Agarwal","8769403091","8769403091","8769403091","Nehru Nagar, Main Road, Barmer","Male","2011-08-04","General","Raman",false,false,"",42000,31500,10500,10500,"Active"
"SR-2024-2076","ADM-6076","PEN-RJ-2024-545611","Lokendra Gaur","17","9th","9th","D","9th - D","Surendra Gaur","Savitri Devi","Surendra Gaur","9414265904","9414265904","9414265904","Laxmi Nagar, Street 3, Barmer","Male","2011-07-21","General","Ashoka",false,false,"",42000,31500,10500,10500,"Active"
"SR-2024-2077","ADM-6077","PEN-RJ-2024-456401","Vijay Choudhary","18","9th","9th","D","9th - D","Loonkaran Choudhary","Sushila","Loonkaran Choudhary","9414321781","9414321781","9414321781","Baldev Nagar, Near Ratan Singh Circle, Barmer","Male","2011-03-27","SC","Raman",true,true,"Route 4 (Mahaveer Nagar - Collectorate)",54000,21500,32500,32500,"Active"
"SR-2024-2078","ADM-6078","PEN-RJ-2024-304815","Manvendra Garg","19","9th","9th","D","9th - D","Kalyan Singh Garg","Parvati Devi","Kalyan Singh Garg","9829237677","9829237677","9829237677","Sindhari Road, Near Bus Stand, Barmer","Male","2011-04-06","ST","Raman",false,false,"",42000,42000,0,0,"Active"
"SR-2024-2079","ADM-6079","PEN-RJ-2024-328438","Mukesh Meena","20","9th","9th","D","9th - D","Kalyan Singh Meena","Anand Kanwar","Kalyan Singh Meena","9828970431","9828970431","9828970431","Kalyanpura, Barmer","Male","2011-01-08","General","Raman",true,true,"Route 2 (Indira Colony - Shastri Nagar)",54000,54000,0,0,"Active"
"SR-2024-2080","ADM-6080","PEN-RJ-2024-856992","Suresh Jain","21","9th","9th","D","9th - D","Nemichand Jain","Sharda","Nemichand Jain","9828695443","9828695443","9828695443","Sindhari Road, Near Bus Stand, Barmer","Male","2011-04-12","ST","Shivaji",true,true,"Route 3 (Station Road - Sadar Bazaar)",54000,21500,32500,32500,"Active"
"SR-2024-2081","ADM-6081","PEN-RJ-2024-831362","Sapna Lohar","22","9th","9th","D","9th - D","Roopa Ram Lohar","Prem Kanwar","Roopa Ram Lohar","9460820436","9460820436","9460820436","Tilak Nagar, Barmer","Female","2011-10-01","OBC","Raman",false,false,"",42000,0,42000,42000,"Active"
"SR-2024-2082","ADM-6082","PEN-RJ-2024-548417","Dungar Mathur","23","9th","9th","D","9th - D","Chhagan Lal Mathur","Sugan Kanwar","Chhagan Lal Mathur","9414740340","9414740340","9414740340","Sindhari Road, Near Bus Stand, Barmer","Male","2011-10-15","OBC","Ashoka",false,false,"",42000,42000,0,0,"Active"
"SR-2024-2083","ADM-6083","PEN-RJ-2024-399928","Paras Jain","24","9th","9th","D","9th - D","Mangi Lal Jain","Kamla Devi","Mangi Lal Jain","9460637616","9460637616","9460637616","Station Road, Near Soni Dharmshala, Barmer","Male","2011-08-07","ST","Raman",false,false,"",42000,17000,25000,25000,"Active"
"SR-2024-2084","ADM-6084","PEN-RJ-2024-468716","Manak Maheshwari","25","9th","9th","D","9th - D","Ashok Maheshwari","Laxmi Devi","Ashok Maheshwari","9414167830","9414167830","9414167830","Laxmi Nagar, Street 3, Barmer","Male","2011-10-05","SC","Shivaji",true,true,"Route 6 (Uttarlai Road - Airforce Area)",54000,54000,0,0,"Active"
"SR-2024-2085","ADM-6085","PEN-RJ-2024-618110","Sohan Shekhawat","26","9th","9th","D","9th - D","Rajesh Shekhawat","Meenakshi","Rajesh Shekhawat","9414549987","9414549987","9414549987","Baytu Link Road, Barmer","Male","2011-10-02","SC","Raman",true,true,"Route 8 (Rai Colony - Civil Lines)",54000,32500,21500,21500,"Active"
"SR-2024-2086","ADM-6086","PEN-RJ-2024-647080","Diya Parihar","27","9th","9th","D","9th - D","Pabu Ram Parihar","Santosh","Pabu Ram Parihar","9828896715","9828896715","9828896715","Nehru Nagar, Main Road, Barmer","Female","2011-06-15","OBC","Ashoka",true,true,"Route 4 (Mahaveer Nagar - Collectorate)",54000,27000,27000,27000,"Active"
"SR-2024-2087","ADM-6087","PEN-RJ-2024-427425","Tarun Rajput","28","9th","9th","D","9th - D","Jethmal Rajput","Rekha","Jethmal Rajput","9460667745","9460667745","9460667745","Khatan Kocha, Inside City, Barmer","Male","2011-12-06","SC","Ashoka",false,false,"",42000,0,42000,42000,"Active"
"SR-2024-2088","ADM-6088","PEN-RJ-2024-359570","Suman Parihar","29","9th","9th","D","9th - D","Pabu Ram Parihar","Durga Devi","Pabu Ram Parihar","9414192391","9414192391","9414192391","Plot 42, Civil Lines, Barmer","Female","2011-01-28","SC","Ashoka",false,false,"",42000,31500,10500,10500,"Active"
"SR-2024-2089","ADM-6089","PEN-RJ-2024-372245","Pabu Kumhar","30","9th","9th","D","9th - D","Ashok Kumhar","Prem Kanwar","Ashok Kumhar","9414312761","9414312761","9414312761","Khatan Kocha, Inside City, Barmer","Male","2011-10-28","General","Raman",false,false,"",42000,31500,10500,10500,"Active"
"SR-2024-2090","ADM-6090","PEN-RJ-2024-329800","Aman Bansal","31","9th","9th","D","9th - D","Bhagwan Das Bansal","Chandra Kanwar","Bhagwan Das Bansal","9828999088","9828999088","9828999088","Panch Batti Circle, Barmer","Male","2011-03-01","General","Raman",false,false,"",42000,17000,25000,25000,"Active"
"SR-2024-2091","ADM-6091","PEN-RJ-2024-435869","Aman Mittal","32","9th","9th","D","9th - D","Chhagan Lal Mittal","Urmila","Chhagan Lal Mittal","9829123227","9829123227","9829123227","Khatan Kocha, Inside City, Barmer","Male","2011-11-12","ST","Tagore",true,true,"Route 4 (Mahaveer Nagar - Collectorate)",54000,27000,27000,27000,"Active"
"SR-2024-2092","ADM-6092","PEN-RJ-2024-438652","Krishna Mathur","33","9th","9th","D","9th - D","Jagdish Prasad Mathur","Sayar Kanwar","Jagdish Prasad Mathur","9460864033","9460864033","9460864033","Indira Colony, Lane 4, Barmer","Male","2011-12-06","OBC","Ashoka",false,false,"",42000,42000,0,0,"Active"
"SR-2024-2093","ADM-6093","PEN-RJ-2024-272325","Manak Maheshwari","34","9th","9th","D","9th - D","Gopal Maheshwari","Gulab Kanwar","Gopal Maheshwari","9460330722","9460330722","9460330722","Chohtan Circle, Highway Link, Barmer","Male","2011-02-20","ST","Shivaji",true,true,"Route 3 (Station Road - Sadar Bazaar)",54000,0,54000,54000,"Active"
"SR-2024-2094","ADM-6094","PEN-RJ-2024-162729","Atharv Raika","35","9th","9th","D","9th - D","Bhawani Singh Raika","Nirmala","Bhawani Singh Raika","9414561405","9414561405","9414561405","Uttarlai Road, Near KV School, Barmer","Male","2011-09-10","OBC","Ashoka",false,false,"",42000,25000,17000,17000,"Active"
"SR-2024-2095","ADM-6095","PEN-RJ-2024-545323","Shweta Gaur","36","9th","9th","D","9th - D","Vimalchand Gaur","Meenakshi","Vimalchand Gaur","9784583582","9784583582","9784583582","Shastri Nagar, Sector 2, Barmer","Female","2011-01-26","ST","Ashoka",false,false,"",42000,31500,10500,10500,"Active"
"SR-2024-2096","ADM-6096","PEN-RJ-2024-145862","Shanaya Gupta","37","9th","9th","D","9th - D","Sawai Singh Gupta","Sharda","Sawai Singh Gupta","9784619400","9784619400","9784619400","Opp. Collectorate, Mahaveer Nagar, Barmer","Female","2011-03-20","SC","Tagore",false,false,"",42000,31500,10500,10500,"Active"
"SR-2024-2097","ADM-6097","PEN-RJ-2024-937630","Urmila Gaur","38","9th","9th","D","9th - D","Nemichand Gaur","Gulab Kanwar","Nemichand Gaur","8769198883","8769198883","8769198883","Ramsar Road, Barmer","Female","2011-05-20","General","Ashoka",true,true,"Route 7 (Sindhari Road - Kalyanpura)",54000,54000,0,0,"Active"
"SR-2024-2098","ADM-6098","PEN-RJ-2024-487452","Anvi Mittal","01","10th","10th","A","10th - A","Suresh Mittal","Geeta Devi","Suresh Mittal","9414161375","9414161375","9414161375","Rai Colony, Near Water Tank, Barmer","Female","2010-11-19","General","Raman",false,false,"",42000,17000,25000,25000,"Active"
"SR-2024-2099","ADM-6099","PEN-RJ-2024-613643","Harsh Soni","02","10th","10th","A","10th - A","Bhanwar Singh Soni","Rekha","Bhanwar Singh Soni","9414860031","9414860031","9414860031","Chohtan Circle, Highway Link, Barmer","Male","2010-09-09","SC","Ashoka",false,false,"",42000,0,42000,42000,"Active"
"SR-2024-2100","ADM-6100","PEN-RJ-2024-845262","Usha Rajput","03","10th","10th","A","10th - A","Sawai Singh Rajput","Mohan Kanwar","Sawai Singh Rajput","9829493289","9829493289","9829493289","Jasol Road, Balotra Highway, Barmer","Female","2010-01-15","ST","Ashoka",true,true,"Route 8 (Rai Colony - Civil Lines)",54000,54000,0,0,"Active"
"SR-2024-2101","ADM-6101","PEN-RJ-2024-809602","Shaitan Rajput","04","10th","10th","A","10th - A","Narpat Singh Rajput","Kamla Devi","Narpat Singh Rajput","8769978915","8769978915","8769978915","Sindhari Road, Near Bus Stand, Barmer","Male","2010-12-24","SC","Ashoka",false,false,"",42000,42000,0,0,"Active"
"SR-2024-2102","ADM-6102","PEN-RJ-2024-205135","Manvendra Raika","05","10th","10th","A","10th - A","Jethmal Raika","Savitri Devi","Jethmal Raika","8769750327","8769750327","8769750327","Jasol Road, Balotra Highway, Barmer","Male","2010-09-01","General","Shivaji",true,true,"Route 2 (Indira Colony - Shastri Nagar)",54000,21500,32500,32500,"Active"
"SR-2024-2103","ADM-6103","PEN-RJ-2024-850411","Atharv Panwar","06","10th","10th","A","10th - A","Bhawani Singh Panwar","Urmila","Bhawani Singh Panwar","9460970678","9460970678","9460970678","Khatan Kocha, Inside City, Barmer","Male","2010-10-20","ST","Shivaji",false,false,"",42000,42000,0,0,"Active"
"SR-2024-2104","ADM-6104","PEN-RJ-2024-526144","Pushpendra Jain","07","10th","10th","A","10th - A","Shaitan Singh Jain","Sugan Kanwar","Shaitan Singh Jain","9828509409","9828509409","9828509409","Opp. Collectorate, Mahaveer Nagar, Barmer","Male","2010-05-05","General","Shivaji",false,false,"",42000,42000,0,0,"Active"
"SR-2024-2105","ADM-6105","PEN-RJ-2024-421493","Muskan Mathur","08","10th","10th","A","10th - A","Sohan Lal Mathur","Nirmala","Sohan Lal Mathur","8769373766","8769373766","8769373766","Kalyanpura, Barmer","Female","2010-12-16","OBC","Shivaji",false,false,"",42000,21000,21000,21000,"Active"
"SR-2024-2106","ADM-6106","PEN-RJ-2024-838736","Neha Jangid","09","10th","10th","A","10th - A","Chhagan Lal Jangid","Kamla Devi","Chhagan Lal Jangid","9829372001","9829372001","9829372001","Ramsar Road, Barmer","Female","2010-10-19","SC","Ashoka",false,false,"",42000,42000,0,0,"Active"
"SR-2024-2107","ADM-6107","PEN-RJ-2024-471206","Pooja Solanki","10","10th","10th","A","10th - A","Mohan Lal Solanki","Kamla Devi","Mohan Lal Solanki","9829695842","9829695842","9829695842","Uttarlai Road, Near KV School, Barmer","Female","2010-06-16","OBC","Ashoka",false,false,"",42000,17000,25000,25000,"Active"
"SR-2024-2108","ADM-6108","PEN-RJ-2024-174908","Shaitan Shekhawat","11","10th","10th","A","10th - A","Jabbar Singh Shekhawat","Manju","Jabbar Singh Shekhawat","9784848087","9784848087","9784848087","Sindhari Road, Near Bus Stand, Barmer","Male","2010-12-10","SC","Ashoka",false,false,"",42000,21000,21000,21000,"Active"
"SR-2024-2109","ADM-6109","PEN-RJ-2024-839228","Dev Vyas","12","10th","10th","A","10th - A","Roopa Ram Vyas","Manju","Roopa Ram Vyas","9414697395","9414697395","9414697395","Sindhari Road, Near Bus Stand, Barmer","Male","2010-09-09","ST","Raman",false,false,"",42000,21000,21000,21000,"Active"
"SR-2024-2110","ADM-6110","PEN-RJ-2024-504475","Sita Raika","13","10th","10th","A","10th - A","Bhanwar Singh Raika","Laxmi Devi","Bhanwar Singh Raika","8769872835","8769872835","8769872835","Khatan Kocha, Inside City, Barmer","Female","2010-03-17","ST","Ashoka",true,true,"Route 3 (Station Road - Sadar Bazaar)",54000,54000,0,0,"Active"
"SR-2024-2111","ADM-6111","PEN-RJ-2024-308579","Payal Chauhan","14","10th","10th","A","10th - A","Suresh Chauhan","Sayar Kanwar","Suresh Chauhan","9829212372","9829212372","9829212372","Rai Colony, Near Water Tank, Barmer","Female","2010-06-26","OBC","Raman",false,false,"",42000,0,42000,42000,"Active"
"SR-2024-2112","ADM-6112","PEN-RJ-2024-505389","Bharat Verma","15","10th","10th","A","10th - A","Mahendra Verma","Sushila","Mahendra Verma","9784514412","9784514412","9784514412","Ramsar Road, Barmer","Male","2010-01-11","ST","Shivaji",false,false,"",42000,17000,25000,25000,"Active"
"SR-2024-2113","ADM-6113","PEN-RJ-2024-460565","Kajal Maheshwari","16","10th","10th","A","10th - A","Ramesh Chand Maheshwari","Sushila","Ramesh Chand Maheshwari","9784572666","9784572666","9784572666","Tilak Nagar, Barmer","Female","2010-04-04","ST","Raman",true,true,"Route 1 (Baldev Nagar - Ratan Singh Circle)",54000,27000,27000,27000,"Active"
"SR-2024-2114","ADM-6114","PEN-RJ-2024-635269","Payal Chauhan","17","10th","10th","A","10th - A","Pabu Ram Chauhan","Sharda","Pabu Ram Chauhan","9460486536","9460486536","9460486536","Baytu Link Road, Barmer","Female","2010-02-26","General","Tagore",false,false,"",42000,21000,21000,21000,"Active"
"SR-2024-2115","ADM-6115","PEN-RJ-2024-673397","Ananya Trivedi","18","10th","10th","A","10th - A","Narpat Singh Trivedi","Sita Devi","Narpat Singh Trivedi","9414630672","9414630672","9414630672","Opp. Collectorate, Mahaveer Nagar, Barmer","Female","2010-09-09","General","Ashoka",true,true,"Route 3 (Station Road - Sadar Bazaar)",54000,40500,13500,13500,"Active"
"SR-2024-2116","ADM-6116","PEN-RJ-2024-619523","Dev Soni","19","10th","10th","A","10th - A","Jethmal Soni","Sharda","Jethmal Soni","9460813930","9460813930","9460813930","Chohtan Circle, Highway Link, Barmer","Male","2010-10-19","ST","Shivaji",false,false,"",42000,31500,10500,10500,"Active"
"SR-2024-2117","ADM-6117","PEN-RJ-2024-855343","Sushila Rajput","20","10th","10th","A","10th - A","Bhanwar Singh Rajput","Chandra Kanwar","Bhanwar Singh Rajput","9828127773","9828127773","9828127773","Uttarlai Road, Near KV School, Barmer","Female","2010-12-23","SC","Tagore",false,false,"",42000,0,42000,42000,"Active"
"SR-2024-2118","ADM-6118","PEN-RJ-2024-628413","Dev Agarwal","21","10th","10th","A","10th - A","Ram Chandra Agarwal","Prem Kanwar","Ram Chandra Agarwal","9414361027","9414361027","9414361027","Uttarlai Road, Near KV School, Barmer","Male","2010-02-19","OBC","Ashoka",true,true,"Route 4 (Mahaveer Nagar - Collectorate)",54000,27000,27000,27000,"Active"
"SR-2024-2119","ADM-6119","PEN-RJ-2024-891171","Dimple Trivedi","22","10th","10th","A","10th - A","Shaitan Singh Trivedi","Savitri Devi","Shaitan Singh Trivedi","9784947358","9784947358","9784947358","Shastri Nagar, Sector 2, Barmer","Female","2010-12-10","SC","Shivaji",true,true,"Route 1 (Baldev Nagar - Ratan Singh Circle)",54000,0,54000,54000,"Active"
"SR-2024-2120","ADM-6120","PEN-RJ-2024-442816","Kailash Verma","23","10th","10th","A","10th - A","Mohan Lal Verma","Urmila","Mohan Lal Verma","8769502469","8769502469","8769502469","Ramsar Road, Barmer","Male","2010-08-13","General","Raman",false,false,"",42000,21000,21000,21000,"Active"
"SR-2024-2121","ADM-6121","PEN-RJ-2024-585362","Mohan Shekhawat","24","10th","10th","A","10th - A","Surendra Shekhawat","Laxmi Devi","Surendra Shekhawat","9414817093","9414817093","9414817093","Nehru Nagar, Main Road, Barmer","Male","2010-08-28","ST","Raman",false,false,"",42000,42000,0,0,"Active"
"SR-2024-2122","ADM-6122","PEN-RJ-2024-298688","Khimraj Agarwal","25","10th","10th","A","10th - A","Shaitan Singh Agarwal","Anita","Shaitan Singh Agarwal","9460746170","9460746170","9460746170","Sindhari Road, Near Bus Stand, Barmer","Male","2010-04-20","General","Ashoka",false,false,"",42000,0,42000,42000,"Active"
"SR-2024-2123","ADM-6123","PEN-RJ-2024-383079","Amar Purohit","26","10th","10th","A","10th - A","Mahendra Purohit","Savitri Devi","Mahendra Purohit","8769444570","8769444570","8769444570","Indira Colony, Lane 4, Barmer","Male","2010-05-12","ST","Tagore",false,false,"",42000,0,42000,42000,"Active"
"SR-2024-2124","ADM-6124","PEN-RJ-2024-259742","Manvendra Mathur","27","10th","10th","A","10th - A","Roopa Ram Mathur","Pooja","Roopa Ram Mathur","9828969560","9828969560","9828969560","Nehru Nagar, Main Road, Barmer","Male","2010-02-21","General","Tagore",false,false,"",42000,17000,25000,25000,"Active"
"SR-2024-2125","ADM-6125","PEN-RJ-2024-646788","Kunal Charan","28","10th","10th","A","10th - A","Sawai Singh Charan","Sugan Kanwar","Sawai Singh Charan","9829955307","9829955307","9829955307","Laxmi Nagar, Street 3, Barmer","Male","2010-08-23","General","Ashoka",true,true,"Route 2 (Indira Colony - Shastri Nagar)",54000,54000,0,0,"Active"
"SR-2024-2126","ADM-6126","PEN-RJ-2024-866413","Muskan Verma","29","10th","10th","A","10th - A","Sumer Singh Verma","Kamla Devi","Sumer Singh Verma","9414105616","9414105616","9414105616","Jasol Road, Balotra Highway, Barmer","Female","2010-01-09","OBC","Ashoka",false,false,"",42000,42000,0,0,"Active"
"SR-2024-2127","ADM-6127","PEN-RJ-2024-626299","Urmila Bansal","30","10th","10th","A","10th - A","Shaitan Singh Bansal","Chandra Kanwar","Shaitan Singh Bansal","9460160799","9460160799","9460160799","Baldev Nagar, Near Ratan Singh Circle, Barmer","Female","2010-11-19","SC","Ashoka",true,true,"Route 1 (Baldev Nagar - Ratan Singh Circle)",54000,54000,0,0,"Active"
"SR-2024-2128","ADM-6128","PEN-RJ-2024-718356","Ishan Trivedi","31","10th","10th","A","10th - A","Khimraj Trivedi","Savitri Devi","Khimraj Trivedi","9829457244","9829457244","9829457244","Shastri Nagar, Sector 2, Barmer","Male","2010-04-05","OBC","Ashoka",true,true,"Route 3 (Station Road - Sadar Bazaar)",54000,54000,0,0,"Active"
"SR-2024-2129","ADM-6129","PEN-RJ-2024-501120","Priyanka Solanki","32","10th","10th","A","10th - A","Dinesh Solanki","Rekha","Dinesh Solanki","9829569058","9829569058","9829569058","Khatan Kocha, Inside City, Barmer","Female","2010-04-03","OBC","Shivaji",true,true,"Route 7 (Sindhari Road - Kalyanpura)",54000,0,54000,54000,"Active"
"SR-2024-2130","ADM-6130","PEN-RJ-2024-198654","Shreya Raika","33","10th","10th","A","10th - A","Jabbar Singh Raika","Kamla Devi","Jabbar Singh Raika","8769878217","8769878217","8769878217","Chohtan Circle, Highway Link, Barmer","Female","2010-07-10","SC","Ashoka",false,false,"",42000,42000,0,0,"Active"
"SR-2024-2131","ADM-6131","PEN-RJ-2024-849356","Suresh Shekhawat","34","10th","10th","A","10th - A","Hanuman Ram Shekhawat","Sharda","Hanuman Ram Shekhawat","9784332102","9784332102","9784332102","Sadar Bazaar, Near Old Fort, Barmer","Male","2010-05-05","General","Tagore",false,false,"",42000,25000,17000,17000,"Active"
"SR-2024-2132","ADM-6132","PEN-RJ-2024-120322","Jabbar Chauhan","35","10th","10th","A","10th - A","Surendra Chauhan","Shanti Devi","Surendra Chauhan","9460953324","9460953324","9460953324","Plot 42, Civil Lines, Barmer","Male","2010-07-06","ST","Raman",false,false,"",42000,0,42000,42000,"Active"
"SR-2024-2133","ADM-6133","PEN-RJ-2024-884487","Ahana Goyal","36","10th","10th","A","10th - A","Jethmal Goyal","Parvati Devi","Jethmal Goyal","9828218663","9828218663","9828218663","Rai Colony, Near Water Tank, Barmer","Female","2010-07-22","OBC","Shivaji",false,false,"",42000,21000,21000,21000,"Active"
"SR-2024-2134","ADM-6134","PEN-RJ-2024-299982","Jabbar Charan","37","10th","10th","A","10th - A","Sawai Singh Charan","Sushila","Sawai Singh Charan","9460489501","9460489501","9460489501","Laxmi Nagar, Street 3, Barmer","Male","2010-10-12","ST","Tagore",false,false,"",42000,42000,0,0,"Active"
"SR-2024-2135","ADM-6135","PEN-RJ-2024-336481","Angel Trivedi","38","10th","10th","A","10th - A","Teja Ram Trivedi","Sita Devi","Teja Ram Trivedi","9460527473","9460527473","9460527473","Sindhari Road, Near Bus Stand, Barmer","Female","2010-03-18","OBC","Shivaji",true,true,"Route 4 (Mahaveer Nagar - Collectorate)",54000,40500,13500,13500,"Active"
"SR-2024-2136","ADM-6136","PEN-RJ-2024-204361","Advik Kumhar","39","10th","10th","A","10th - A","Teja Ram Kumhar","Sushila","Teja Ram Kumhar","9784204051","9784204051","9784204051","Kalyanpura, Barmer","Male","2010-12-12","OBC","Tagore",false,false,"",42000,42000,0,0,"Active"
"SR-2024-2137","ADM-6137","PEN-RJ-2024-464614","Digvijay Raika","40","10th","10th","A","10th - A","Khimraj Raika","Geeta Devi","Khimraj Raika","8769486607","8769486607","8769486607","Baldev Nagar, Near Ratan Singh Circle, Barmer","Male","2010-09-17","ST","Tagore",false,false,"",42000,25000,17000,17000,"Active"
"SR-2024-2138","ADM-6138","PEN-RJ-2024-158362","Rohit Mittal","01","10th","10th","B","10th - B","Dungar Ram Mittal","Kanta Devi","Dungar Ram Mittal","9828865602","9828865602","9828865602","Tilak Nagar, Barmer","Male","2010-04-12","ST","Tagore",false,false,"",42000,42000,0,0,"Active"
"SR-2024-2139","ADM-6139","PEN-RJ-2024-479224","Laxman Purohit","02","10th","10th","B","10th - B","Sawai Singh Purohit","Anand Kanwar","Sawai Singh Purohit","8769835603","8769835603","8769835603","Panch Batti Circle, Barmer","Male","2010-07-09","SC","Ashoka",false,false,"",42000,0,42000,42000,"Active"
"SR-2024-2140","ADM-6140","PEN-RJ-2024-695271","Mamta Chauhan","03","10th","10th","B","10th - B","Shaitan Singh Chauhan","Geeta Devi","Shaitan Singh Chauhan","8769526531","8769526531","8769526531","Nehru Nagar, Main Road, Barmer","Female","2010-05-03","ST","Raman",false,false,"",42000,17000,25000,25000,"Active"
"SR-2024-2141","ADM-6141","PEN-RJ-2024-340710","Priyanka Mathur","04","10th","10th","B","10th - B","Ashok Mathur","Parvati Devi","Ashok Mathur","9828461279","9828461279","9828461279","Ramsar Road, Barmer","Female","2010-10-23","OBC","Raman",true,true,"Route 4 (Mahaveer Nagar - Collectorate)",54000,0,54000,54000,"Active"
"SR-2024-2142","ADM-6142","PEN-RJ-2024-542093","Jethmal Mittal","05","10th","10th","B","10th - B","Parasmal Mittal","Nirmala","Parasmal Mittal","9414536120","9414536120","9414536120","Chohtan Circle, Highway Link, Barmer","Male","2010-12-12","ST","Raman",false,false,"",42000,42000,0,0,"Active"
"SR-2024-2143","ADM-6143","PEN-RJ-2024-964437","Narendra Gehlot","06","10th","10th","B","10th - B","Tarachand Gehlot","Santosh","Tarachand Gehlot","9460335713","9460335713","9460335713","Chohtan Circle, Highway Link, Barmer","Male","2010-11-22","ST","Ashoka",false,false,"",42000,42000,0,0,"Active"
"SR-2024-2144","ADM-6144","PEN-RJ-2024-652662","Jaideep Shekhawat","07","10th","10th","B","10th - B","Tarachand Shekhawat","Kamla Devi","Tarachand Shekhawat","9829199665","9829199665","9829199665","Baytu Link Road, Barmer","Male","2010-01-27","OBC","Tagore",false,false,"",42000,0,42000,42000,"Active"
"SR-2024-2145","ADM-6145","PEN-RJ-2024-327329","Paras Parihar","08","10th","10th","B","10th - B","Roopa Ram Parihar","Nirmala","Roopa Ram Parihar","9829882261","9829882261","9829882261","Baytu Link Road, Barmer","Male","2010-09-22","OBC","Raman",false,false,"",42000,42000,0,0,"Active"
"SR-2024-2146","ADM-6146","PEN-RJ-2024-377192","Suman Jain","09","10th","10th","B","10th - B","Ramesh Chand Jain","Savitri Devi","Ramesh Chand Jain","9829838118","9829838118","9829838118","Kalyanpura, Barmer","Female","2010-10-22","OBC","Ashoka",false,false,"",42000,21000,21000,21000,"Active"
"SR-2024-2147","ADM-6147","PEN-RJ-2024-157474","Pabu Choudhary","10","10th","10th","B","10th - B","Tarachand Choudhary","Sharda","Tarachand Choudhary","9784525892","9784525892","9784525892","Rai Colony, Near Water Tank, Barmer","Male","2010-03-06","ST","Raman",false,false,"",42000,25000,17000,17000,"Active"
"SR-2024-2148","ADM-6148","PEN-RJ-2024-282806","Narpat Charan","11","10th","10th","B","10th - B","Bhagwan Das Charan","Prem Kanwar","Bhagwan Das Charan","8769136860","8769136860","8769136860","Khatan Kocha, Inside City, Barmer","Male","2010-01-20","General","Tagore",false,false,"",42000,0,42000,42000,"Active"
"SR-2024-2149","ADM-6149","PEN-RJ-2024-817409","Payal Maheshwari","12","10th","10th","B","10th - B","Surendra Maheshwari","Geeta Devi","Surendra Maheshwari","9460782618","9460782618","9460782618","Indira Colony, Lane 4, Barmer","Female","2010-04-12","ST","Shivaji",false,false,"",42000,42000,0,0,"Active"
"SR-2024-2150","ADM-6150","PEN-RJ-2024-596246","Ishan Mittal","13","10th","10th","B","10th - B","Prem Singh Mittal","Laxmi Devi","Prem Singh Mittal","9784930810","9784930810","9784930810","Station Road, Near Soni Dharmshala, Barmer","Male","2010-01-11","General","Ashoka",false,false,"",42000,17000,25000,25000,"Active"
"SR-2024-2151","ADM-6151","PEN-RJ-2024-393402","Kuldeep Singhal","14","10th","10th","B","10th - B","Chhagan Lal Singhal","Rekha","Chhagan Lal Singhal","9784481337","9784481337","9784481337","Ramsar Road, Barmer","Male","2010-08-21","SC","Shivaji",false,false,"",42000,31500,10500,10500,"Active"
"SR-2024-2152","ADM-6152","PEN-RJ-2024-159602","Aayush Chauhan","15","10th","10th","B","10th - B","Dungar Ram Chauhan","Sushila","Dungar Ram Chauhan","9460696970","9460696970","9460696970","Laxmi Nagar, Street 3, Barmer","Male","2010-06-02","SC","Tagore",false,false,"",42000,42000,0,0,"Active"
"SR-2024-2153","ADM-6153","PEN-RJ-2024-661006","Kabir Choudhary","16","10th","10th","B","10th - B","Manak Chand Choudhary","Bhanwar Kanwar","Manak Chand Choudhary","9829563935","9829563935","9829563935","Ramsar Road, Barmer","Male","2010-03-05","OBC","Shivaji",true,true,"Route 8 (Rai Colony - Civil Lines)",54000,0,54000,54000,"Active"
"SR-2024-2154","ADM-6154","PEN-RJ-2024-899563","Tejpal Sharma","17","10th","10th","B","10th - B","Bhawani Singh Sharma","Sita Devi","Bhawani Singh Sharma","8769262349","8769262349","8769262349","Chohtan Circle, Highway Link, Barmer","Male","2010-04-25","SC","Tagore",false,false,"",42000,42000,0,0,"Active"
"SR-2024-2155","ADM-6155","PEN-RJ-2024-763264","Atharv Solanki","18","10th","10th","B","10th - B","Parasmal Solanki","Bhanwar Kanwar","Parasmal Solanki","9460353921","9460353921","9460353921","Opp. Collectorate, Mahaveer Nagar, Barmer","Male","2010-04-21","General","Ashoka",false,false,"",42000,42000,0,0,"Active"
"SR-2024-2156","ADM-6156","PEN-RJ-2024-238664","Pradeep Panwar","19","10th","10th","B","10th - B","Ashok Panwar","Gulab Kanwar","Ashok Panwar","9414510149","9414510149","9414510149","Chohtan Circle, Highway Link, Barmer","Male","2010-11-15","SC","Tagore",true,true,"Route 4 (Mahaveer Nagar - Collectorate)",54000,0,54000,54000,"Active"
"SR-2024-2157","ADM-6157","PEN-RJ-2024-527402","Muskan Mathur","20","10th","10th","B","10th - B","Rikhabdas Mathur","Chandra Kanwar","Rikhabdas Mathur","9460152166","9460152166","9460152166","Baytu Link Road, Barmer","Female","2010-08-11","SC","Shivaji",false,false,"",42000,21000,21000,21000,"Active"
"SR-2024-2158","ADM-6158","PEN-RJ-2024-704625","Dhruv Bishnoi","21","10th","10th","B","10th - B","Sumer Singh Bishnoi","Geeta Devi","Sumer Singh Bishnoi","9829350930","9829350930","9829350930","Laxmi Nagar, Street 3, Barmer","Male","2010-10-08","ST","Shivaji",true,true,"Route 8 (Rai Colony - Civil Lines)",54000,32500,21500,21500,"Active"
"SR-2024-2159","ADM-6159","PEN-RJ-2024-366276","Jaideep Maheshwari","22","10th","10th","B","10th - B","Rajesh Maheshwari","Manju","Rajesh Maheshwari","8769787057","8769787057","8769787057","Station Road, Near Soni Dharmshala, Barmer","Male","2010-09-18","General","Ashoka",true,true,"Route 8 (Rai Colony - Civil Lines)",54000,27000,27000,27000,"Active"
"SR-2024-2160","ADM-6160","PEN-RJ-2024-709044","Krishna Dave","23","10th","10th","B","10th - B","Sohan Lal Dave","Sita Devi","Sohan Lal Dave","8769978991","8769978991","8769978991","Sadar Bazaar, Near Old Fort, Barmer","Male","2010-05-21","SC","Tagore",false,false,"",42000,0,42000,42000,"Active"
"SR-2024-2161","ADM-6161","PEN-RJ-2024-259126","Ira Mittal","24","10th","10th","B","10th - B","Vimalchand Mittal","Prem Kanwar","Vimalchand Mittal","9828499559","9828499559","9828499559","Uttarlai Road, Near KV School, Barmer","Female","2010-07-21","OBC","Tagore",false,false,"",42000,0,42000,42000,"Active"
"SR-2024-2162","ADM-6162","PEN-RJ-2024-390278","Naresh Panwar","25","10th","10th","B","10th - B","Surendra Panwar","Rekha","Surendra Panwar","9460633693","9460633693","9460633693","Sadar Bazaar, Near Old Fort, Barmer","Male","2010-05-08","SC","Raman",false,false,"",42000,25000,17000,17000,"Active"
"SR-2024-2163","ADM-6163","PEN-RJ-2024-683735","Seema Goyal","26","10th","10th","B","10th - B","Rajesh Goyal","Parvati Devi","Rajesh Goyal","9784883450","9784883450","9784883450","Panch Batti Circle, Barmer","Female","2010-07-08","SC","Shivaji",false,false,"",42000,21000,21000,21000,"Active"
"SR-2024-2164","ADM-6164","PEN-RJ-2024-218680","Sapna Bishnoi","27","10th","10th","B","10th - B","Jethmal Bishnoi","Laxmi Devi","Jethmal Bishnoi","9460125460","9460125460","9460125460","Indira Colony, Lane 4, Barmer","Female","2010-09-16","SC","Tagore",false,false,"",42000,17000,25000,25000,"Active"
"SR-2024-2165","ADM-6165","PEN-RJ-2024-487102","Ahana Trivedi","28","10th","10th","B","10th - B","Sohan Lal Trivedi","Kamla Devi","Sohan Lal Trivedi","9784207678","9784207678","9784207678","Sindhari Road, Near Bus Stand, Barmer","Female","2010-01-26","OBC","Ashoka",false,false,"",42000,25000,17000,17000,"Active"
"SR-2024-2166","ADM-6166","PEN-RJ-2024-185071","Aman Singhal","29","10th","10th","B","10th - B","Parasmal Singhal","Kanta Devi","Parasmal Singhal","9460551465","9460551465","9460551465","Khatan Kocha, Inside City, Barmer","Male","2010-05-16","General","Shivaji",false,false,"",42000,42000,0,0,"Active"
"SR-2024-2167","ADM-6167","PEN-RJ-2024-308109","Shravan Parihar","30","10th","10th","B","10th - B","Mahendra Parihar","Savitri Devi","Mahendra Parihar","9784862412","9784862412","9784862412","Laxmi Nagar, Street 3, Barmer","Male","2010-08-15","SC","Tagore",false,false,"",42000,42000,0,0,"Active"
"SR-2024-2168","ADM-6168","PEN-RJ-2024-104855","Usha Panwar","31","10th","10th","B","10th - B","Narpat Singh Panwar","Shanti Devi","Narpat Singh Panwar","9414308445","9414308445","9414308445","Sadar Bazaar, Near Old Fort, Barmer","Female","2010-12-24","ST","Ashoka",true,true,"Route 5 (Chohtan Circle - Tilak Nagar)",54000,54000,0,0,"Active"
"SR-2024-2169","ADM-6169","PEN-RJ-2024-410122","Jagdish Shekhawat","32","10th","10th","B","10th - B","Jethmal Shekhawat","Laxmi Devi","Jethmal Shekhawat","9460336310","9460336310","9460336310","Rai Colony, Near Water Tank, Barmer","Male","2010-08-28","OBC","Tagore",false,false,"",42000,17000,25000,25000,"Active"
"SR-2024-2170","ADM-6170","PEN-RJ-2024-312011","Bhawani Charan","33","10th","10th","B","10th - B","Uttamchand Charan","Sita Devi","Uttamchand Charan","9414232658","9414232658","9414232658","Tilak Nagar, Barmer","Male","2010-01-23","General","Ashoka",false,false,"",42000,25000,17000,17000,"Active"
"SR-2024-2171","ADM-6171","PEN-RJ-2024-361789","Alka Sharma","34","10th","10th","B","10th - B","Dungar Ram Sharma","Sugan Kanwar","Dungar Ram Sharma","9460735494","9460735494","9460735494","Sindhari Road, Near Bus Stand, Barmer","Female","2010-04-09","ST","Ashoka",true,true,"Route 1 (Baldev Nagar - Ratan Singh Circle)",54000,54000,0,0,"Active"
"SR-2024-2172","ADM-6172","PEN-RJ-2024-974791","Chhavi Maheshwari","35","10th","10th","B","10th - B","Narpat Singh Maheshwari","Sharda","Narpat Singh Maheshwari","9784434932","9784434932","9784434932","Nehru Nagar, Main Road, Barmer","Female","2010-11-07","OBC","Raman",false,false,"",42000,42000,0,0,"Active"
"SR-2024-2173","ADM-6173","PEN-RJ-2024-457601","Khushi Jangid","36","10th","10th","B","10th - B","Surendra Jangid","Sita Devi","Surendra Jangid","9460146827","9460146827","9460146827","Sadar Bazaar, Near Old Fort, Barmer","Female","2010-02-21","ST","Shivaji",false,false,"",42000,0,42000,42000,"Active"
"SR-2024-2174","ADM-6174","PEN-RJ-2024-615989","Jyotsna Choudhary","37","10th","10th","B","10th - B","Manak Chand Choudhary","Sushila","Manak Chand Choudhary","9828187079","9828187079","9828187079","Chohtan Circle, Highway Link, Barmer","Female","2010-12-23","SC","Ashoka",false,false,"",42000,42000,0,0,"Active"
"SR-2024-2175","ADM-6175","PEN-RJ-2024-470743","Sapna Jain","38","10th","10th","B","10th - B","Manak Chand Jain","Nirmala","Manak Chand Jain","9414462817","9414462817","9414462817","Plot 42, Civil Lines, Barmer","Female","2010-08-14","General","Shivaji",false,false,"",42000,17000,25000,25000,"Active"
"SR-2024-2176","ADM-6176","PEN-RJ-2024-640008","Deepika Mittal","39","10th","10th","B","10th - B","Chhagan Lal Mittal","Manju","Chhagan Lal Mittal","9784140196","9784140196","9784140196","Chohtan Circle, Highway Link, Barmer","Female","2010-05-07","General","Shivaji",false,false,"",42000,42000,0,0,"Active"
"SR-2024-2177","ADM-6177","PEN-RJ-2024-658153","Arnav Mittal","40","10th","10th","B","10th - B","Chhagan Lal Mittal","Durga Devi","Chhagan Lal Mittal","8769865284","8769865284","8769865284","Ramsar Road, Barmer","Male","2010-10-08","General","Ashoka",true,true,"Route 2 (Indira Colony - Shastri Nagar)",54000,54000,0,0,"Active"
"SR-2024-2178","ADM-6178","PEN-RJ-2024-731407","Dharampal Bhati","01","10th","10th","C","10th - C","Hanuman Ram Bhati","Gulab Kanwar","Hanuman Ram Bhati","9828904266","9828904266","9828904266","Panch Batti Circle, Barmer","Male","2010-03-01","OBC","Ashoka",true,true,"Route 8 (Rai Colony - Civil Lines)",54000,32500,21500,21500,"Active"
"SR-2024-2179","ADM-6179","PEN-RJ-2024-955669","Anil Jangid","02","10th","10th","C","10th - C","Loonkaran Jangid","Sharda","Loonkaran Jangid","9460962711","9460962711","9460962711","Plot 42, Civil Lines, Barmer","Male","2010-02-06","OBC","Tagore",false,false,"",42000,42000,0,0,"Active"
"SR-2024-2180","ADM-6180","PEN-RJ-2024-894921","Lokendra Sharma","03","10th","10th","C","10th - C","Gopal Sharma","Kanta Devi","Gopal Sharma","9828621341","9828621341","9828621341","Panch Batti Circle, Barmer","Male","2010-01-18","General","Ashoka",false,false,"",42000,0,42000,42000,"Active"
"SR-2024-2181","ADM-6181","PEN-RJ-2024-215446","Sonam Maheshwari","04","10th","10th","C","10th - C","Vimalchand Maheshwari","Geeta Devi","Vimalchand Maheshwari","9828276942","9828276942","9828276942","Baytu Link Road, Barmer","Female","2010-10-17","SC","Tagore",true,true,"Route 8 (Rai Colony - Civil Lines)",54000,21500,32500,32500,"Active"
"SR-2024-2182","ADM-6182","PEN-RJ-2024-802728","Reyansh Bansal","05","10th","10th","C","10th - C","Chhagan Lal Bansal","Kamla Devi","Chhagan Lal Bansal","9829977840","9829977840","9829977840","Ramsar Road, Barmer","Male","2010-09-26","SC","Shivaji",false,false,"",42000,0,42000,42000,"Active"
"SR-2024-2183","ADM-6183","PEN-RJ-2024-490559","Shravan Garg","06","10th","10th","C","10th - C","Dungar Ram Garg","Mohan Kanwar","Dungar Ram Garg","9414392342","9414392342","9414392342","Uttarlai Road, Near KV School, Barmer","Male","2010-10-04","General","Shivaji",false,false,"",42000,0,42000,42000,"Active"
"SR-2024-2184","ADM-6184","PEN-RJ-2024-751590","Kamlesh Shekhawat","07","10th","10th","C","10th - C","Jagdish Prasad Shekhawat","Kanta Devi","Jagdish Prasad Shekhawat","9414587220","9414587220","9414587220","Chohtan Circle, Highway Link, Barmer","Male","2010-02-23","OBC","Tagore",true,true,"Route 2 (Indira Colony - Shastri Nagar)",54000,0,54000,54000,"Active"
"SR-2024-2185","ADM-6185","PEN-RJ-2024-688348","Gopal Gaur","08","10th","10th","C","10th - C","Jethmal Gaur","Mohan Kanwar","Jethmal Gaur","9460564847","9460564847","9460564847","Ramsar Road, Barmer","Male","2010-02-22","General","Shivaji",false,false,"",42000,42000,0,0,"Active"
"SR-2024-2186","ADM-6186","PEN-RJ-2024-934665","Sneha Lohar","09","10th","10th","C","10th - C","Surendra Lohar","Meenakshi","Surendra Lohar","9829796197","9829796197","9829796197","Chohtan Circle, Highway Link, Barmer","Female","2010-03-14","ST","Shivaji",false,false,"",42000,31500,10500,10500,"Active"
"SR-2024-2187","ADM-6187","PEN-RJ-2024-727565","Ravindra Shekhawat","10","10th","10th","C","10th - C","Jethmal Shekhawat","Anand Kanwar","Jethmal Shekhawat","8769435626","8769435626","8769435626","Khatan Kocha, Inside City, Barmer","Male","2010-10-10","General","Shivaji",true,true,"Route 6 (Uttarlai Road - Airforce Area)",54000,54000,0,0,"Active"
"SR-2024-2188","ADM-6188","PEN-RJ-2024-178826","Vivaan Bhati","11","10th","10th","C","10th - C","Mahendra Bhati","Nirmala","Mahendra Bhati","9784874845","9784874845","9784874845","Plot 42, Civil Lines, Barmer","Male","2010-01-15","SC","Tagore",false,false,"",42000,17000,25000,25000,"Active"
"SR-2024-2189","ADM-6189","PEN-RJ-2024-371627","Ira Jangid","12","10th","10th","C","10th - C","Teja Ram Jangid","Sayar Kanwar","Teja Ram Jangid","8769798828","8769798828","8769798828","Sindhari Road, Near Bus Stand, Barmer","Female","2010-03-18","OBC","Raman",false,false,"",42000,17000,25000,25000,"Active"
"SR-2024-2190","ADM-6190","PEN-RJ-2024-326262","Navya Verma","13","10th","10th","C","10th - C","Rikhabdas Verma","Laxmi Devi","Rikhabdas Verma","9784338156","9784338156","9784338156","Baytu Link Road, Barmer","Female","2010-02-06","OBC","Raman",false,false,"",42000,25000,17000,17000,"Active"
"SR-2024-2191","ADM-6191","PEN-RJ-2024-583953","Aarohi Panwar","14","10th","10th","C","10th - C","Ashok Panwar","Sayar Kanwar","Ashok Panwar","9829957940","9829957940","9829957940","Chohtan Circle, Highway Link, Barmer","Female","2010-05-09","ST","Ashoka",true,true,"Route 6 (Uttarlai Road - Airforce Area)",54000,54000,0,0,"Active"
"SR-2024-2192","ADM-6192","PEN-RJ-2024-516013","Deepak Shekhawat","15","10th","10th","C","10th - C","Jabbar Singh Shekhawat","Durga Devi","Jabbar Singh Shekhawat","9784626452","9784626452","9784626452","Nehru Nagar, Main Road, Barmer","Male","2010-12-08","ST","Ashoka",true,true,"Route 4 (Mahaveer Nagar - Collectorate)",54000,21500,32500,32500,"Active"
"SR-2024-2193","ADM-6193","PEN-RJ-2024-393995","Angel Jangid","16","10th","10th","C","10th - C","Ramesh Chand Jangid","Mohan Kanwar","Ramesh Chand Jangid","9460743863","9460743863","9460743863","Chohtan Circle, Highway Link, Barmer","Female","2010-12-16","General","Ashoka",true,true,"Route 3 (Station Road - Sadar Bazaar)",54000,0,54000,54000,"Active"
"SR-2024-2194","ADM-6194","PEN-RJ-2024-490189","Bhagwan Rajput","17","10th","10th","C","10th - C","Gopal Rajput","Geeta Devi","Gopal Rajput","9829525309","9829525309","9829525309","Ramsar Road, Barmer","Male","2010-09-12","OBC","Tagore",false,false,"",42000,42000,0,0,"Active"
"SR-2024-2195","ADM-6195","PEN-RJ-2024-509071","Vikram Rajput","18","10th","10th","C","10th - C","Sumer Singh Rajput","Prem Kanwar","Sumer Singh Rajput","9784663158","9784663158","9784663158","Indira Colony, Lane 4, Barmer","Male","2010-02-20","SC","Ashoka",true,true,"Route 7 (Sindhari Road - Kalyanpura)",54000,40500,13500,13500,"Active"
"SR-2024-2196","ADM-6196","PEN-RJ-2024-587162","Mamta Charan","19","10th","10th","C","10th - C","Chhagan Lal Charan","Prem Kanwar","Chhagan Lal Charan","9828162863","9828162863","9828162863","Kalyanpura, Barmer","Female","2010-03-23","ST","Shivaji",false,false,"",42000,42000,0,0,"Active"
"SR-2024-2197","ADM-6197","PEN-RJ-2024-756884","Avni Purohit","20","10th","10th","C","10th - C","Teja Ram Purohit","Parvati Devi","Teja Ram Purohit","9414795590","9414795590","9414795590","Nehru Nagar, Main Road, Barmer","Female","2010-04-12","SC","Shivaji",true,true,"Route 7 (Sindhari Road - Kalyanpura)",54000,21500,32500,32500,"Active"
"SR-2024-2198","ADM-6198","PEN-RJ-2024-800624","Rakesh Gehlot","21","10th","10th","C","10th - C","Khimraj Gehlot","Chandra Kanwar","Khimraj Gehlot","9828168770","9828168770","9828168770","Ramsar Road, Barmer","Male","2010-01-24","OBC","Shivaji",true,true,"Route 2 (Indira Colony - Shastri Nagar)",54000,0,54000,54000,"Active"
"SR-2024-2199","ADM-6199","PEN-RJ-2024-513437","Anvi Verma","22","10th","10th","C","10th - C","Dungar Ram Verma","Manju","Dungar Ram Verma","9829862000","9829862000","9829862000","Laxmi Nagar, Street 3, Barmer","Female","2010-09-04","ST","Ashoka",true,true,"Route 7 (Sindhari Road - Kalyanpura)",54000,54000,0,0,"Active"
"SR-2024-2200","ADM-6200","PEN-RJ-2024-607496","Laxman Garg","23","10th","10th","C","10th - C","Rikhabdas Garg","Sayar Kanwar","Rikhabdas Garg","9414184501","9414184501","9414184501","Indira Colony, Lane 4, Barmer","Male","2010-07-22","OBC","Shivaji",false,false,"",42000,31500,10500,10500,"Active"
"SR-2024-2201","ADM-6201","PEN-RJ-2024-263514","Shaurya Verma","24","10th","10th","C","10th - C","Parasmal Verma","Sharda","Parasmal Verma","9828691220","9828691220","9828691220","Uttarlai Road, Near KV School, Barmer","Male","2010-01-06","SC","Tagore",false,false,"",42000,42000,0,0,"Active"
"SR-2024-2202","ADM-6202","PEN-RJ-2024-731688","Sapna Parihar","25","10th","10th","C","10th - C","Narpat Singh Parihar","Rekha","Narpat Singh Parihar","8769601008","8769601008","8769601008","Panch Batti Circle, Barmer","Female","2010-01-24","OBC","Ashoka",false,false,"",42000,31500,10500,10500,"Active"
"SR-2024-2203","ADM-6203","PEN-RJ-2024-854430","Jagdish Meghwal","26","10th","10th","C","10th - C","Narpat Singh Meghwal","Geeta Devi","Narpat Singh Meghwal","9829258501","9829258501","9829258501","Jasol Road, Balotra Highway, Barmer","Male","2010-04-10","General","Shivaji",false,false,"",42000,21000,21000,21000,"Active"
"SR-2024-2204","ADM-6204","PEN-RJ-2024-317966","Nisha Solanki","27","10th","10th","C","10th - C","Bhanwar Singh Solanki","Kamla Devi","Bhanwar Singh Solanki","9784802376","9784802376","9784802376","Plot 42, Civil Lines, Barmer","Female","2010-10-25","OBC","Shivaji",true,true,"Route 8 (Rai Colony - Civil Lines)",54000,27000,27000,27000,"Active"
"SR-2024-2205","ADM-6205","PEN-RJ-2024-567312","Geeta Singhal","28","10th","10th","C","10th - C","Nemichand Singhal","Manju","Nemichand Singhal","9829944279","9829944279","9829944279","Baldev Nagar, Near Ratan Singh Circle, Barmer","Female","2010-06-08","General","Ashoka",false,false,"",42000,42000,0,0,"Active"
"SR-2024-2206","ADM-6206","PEN-RJ-2024-650262","Ritu Gaur","29","10th","10th","C","10th - C","Narpat Singh Gaur","Shanti Devi","Narpat Singh Gaur","9784632876","9784632876","9784632876","Indira Colony, Lane 4, Barmer","Female","2010-09-23","SC","Shivaji",false,false,"",42000,42000,0,0,"Active"
"SR-2024-2207","ADM-6207","PEN-RJ-2024-610639","Bharti Parihar","30","10th","10th","C","10th - C","Ramesh Chand Parihar","Nirmala","Ramesh Chand Parihar","9784906706","9784906706","9784906706","Baytu Link Road, Barmer","Female","2010-09-25","SC","Tagore",true,true,"Route 4 (Mahaveer Nagar - Collectorate)",54000,21500,32500,32500,"Active"
"SR-2024-2208","ADM-6208","PEN-RJ-2024-357629","Renu Suthar","31","10th","10th","C","10th - C","Chhagan Lal Suthar","Sayar Kanwar","Chhagan Lal Suthar","9784117202","9784117202","9784117202","Rai Colony, Near Water Tank, Barmer","Female","2010-06-11","SC","Ashoka",false,false,"",42000,0,42000,42000,"Active"
"SR-2024-2209","ADM-6209","PEN-RJ-2024-557073","Monika Meghwal","32","10th","10th","C","10th - C","Mahendra Meghwal","Mohan Kanwar","Mahendra Meghwal","9828649386","9828649386","9828649386","Kalyanpura, Barmer","Female","2010-04-07","ST","Raman",false,false,"",42000,0,42000,42000,"Active"
"SR-2024-2210","ADM-6210","PEN-RJ-2024-725730","Jyotsna Bhati","33","10th","10th","C","10th - C","Kailash Bhati","Durga Devi","Kailash Bhati","9828139404","9828139404","9828139404","Sadar Bazaar, Near Old Fort, Barmer","Female","2010-08-09","SC","Shivaji",false,false,"",42000,31500,10500,10500,"Active"
"SR-2024-2211","ADM-6211","PEN-RJ-2024-739400","Kailash Jain","34","10th","10th","C","10th - C","Sumer Singh Jain","Durga Devi","Sumer Singh Jain","9828574179","9828574179","9828574179","Station Road, Near Soni Dharmshala, Barmer","Male","2010-01-05","SC","Tagore",true,true,"Route 2 (Indira Colony - Shastri Nagar)",54000,0,54000,54000,"Active"
"SR-2024-2212","ADM-6212","PEN-RJ-2024-187977","Nirmala Dewasi","35","10th","10th","C","10th - C","Dungar Ram Dewasi","Gulab Kanwar","Dungar Ram Dewasi","9414614651","9414614651","9414614651","Chohtan Circle, Highway Link, Barmer","Female","2010-03-01","General","Ashoka",false,false,"",42000,42000,0,0,"Active"
"SR-2024-2213","ADM-6213","PEN-RJ-2024-492058","Durga Maheshwari","36","10th","10th","C","10th - C","Manak Chand Maheshwari","Nirmala","Manak Chand Maheshwari","9828264142","9828264142","9828264142","Baytu Link Road, Barmer","Female","2010-08-16","ST","Shivaji",false,false,"",42000,42000,0,0,"Active"
"SR-2024-2214","ADM-6214","PEN-RJ-2024-379045","Ishan Mathur","37","10th","10th","C","10th - C","Ramesh Chand Mathur","Pooja","Ramesh Chand Mathur","9828182249","9828182249","9828182249","Rai Colony, Near Water Tank, Barmer","Male","2010-06-13","General","Tagore",false,false,"",42000,25000,17000,17000,"Active"
"SR-2024-2215","ADM-6215","PEN-RJ-2024-539808","Kamlesh Choudhary","38","10th","10th","C","10th - C","Ram Chandra Choudhary","Manju","Ram Chandra Choudhary","9829578036","9829578036","9829578036","Uttarlai Road, Near KV School, Barmer","Male","2010-06-22","OBC","Tagore",false,false,"",42000,42000,0,0,"Active"
"SR-2024-2216","ADM-6216","PEN-RJ-2024-457450","Rekha Meghwal","39","10th","10th","C","10th - C","Jabbar Singh Meghwal","Rekha","Jabbar Singh Meghwal","9460667267","9460667267","9460667267","Rai Colony, Near Water Tank, Barmer","Female","2010-12-10","OBC","Shivaji",false,false,"",42000,0,42000,42000,"Active"
"SR-2024-2217","ADM-6217","PEN-RJ-2024-658805","Jitendra Bansal","40","10th","10th","C","10th - C","Vimalchand Bansal","Manju","Vimalchand Bansal","9460151989","9460151989","9460151989","Baytu Link Road, Barmer","Male","2010-05-23","OBC","Raman",true,true,"Route 4 (Mahaveer Nagar - Collectorate)",54000,54000,0,0,"Active"
"SR-2024-2218","ADM-6218","PEN-RJ-2024-113549","Mangi Suthar","01","10th","10th","D","10th - D","Dungar Ram Suthar","Durga Devi","Dungar Ram Suthar","9460171262","9460171262","9460171262","Ramsar Road, Barmer","Male","2010-10-10","General","Ashoka",false,false,"",42000,0,42000,42000,"Active"
"SR-2024-2219","ADM-6219","PEN-RJ-2024-883904","Arjun Gupta","02","10th","10th","D","10th - D","Suresh Gupta","Kamla Devi","Suresh Gupta","9460334103","9460334103","9460334103","Tilak Nagar, Barmer","Male","2010-04-18","ST","Raman",false,false,"",42000,42000,0,0,"Active"
"SR-2024-2220","ADM-6220","PEN-RJ-2024-576544","Parvati Purohit","03","10th","10th","D","10th - D","Dinesh Purohit","Gulab Kanwar","Dinesh Purohit","9828415723","9828415723","9828415723","Chohtan Circle, Highway Link, Barmer","Female","2010-11-05","ST","Raman",false,false,"",42000,21000,21000,21000,"Active"
"SR-2024-2221","ADM-6221","PEN-RJ-2024-823730","Durga Parihar","04","10th","10th","D","10th - D","Tarachand Parihar","Mohan Kanwar","Tarachand Parihar","9828404811","9828404811","9828404811","Plot 42, Civil Lines, Barmer","Female","2010-05-21","ST","Tagore",true,true,"Route 1 (Baldev Nagar - Ratan Singh Circle)",54000,21500,32500,32500,"Active"
"SR-2024-2222","ADM-6222","PEN-RJ-2024-826189","Saraswati Raika","05","10th","10th","D","10th - D","Narpat Singh Raika","Santosh","Narpat Singh Raika","9828625300","9828625300","9828625300","Shastri Nagar, Sector 2, Barmer","Female","2010-05-06","SC","Ashoka",false,false,"",42000,21000,21000,21000,"Active"
"SR-2024-2223","ADM-6223","PEN-RJ-2024-146749","Kavita Sharma","06","10th","10th","D","10th - D","Mahendra Sharma","Mohan Kanwar","Mahendra Sharma","8769429508","8769429508","8769429508","Station Road, Near Soni Dharmshala, Barmer","Female","2010-06-22","ST","Shivaji",false,false,"",42000,17000,25000,25000,"Active"
"SR-2024-2224","ADM-6224","PEN-RJ-2024-761212","Jyotsna Soni","07","10th","10th","D","10th - D","Jagdish Prasad Soni","Gulab Kanwar","Jagdish Prasad Soni","9828216992","9828216992","9828216992","Jasol Road, Balotra Highway, Barmer","Female","2010-01-11","ST","Raman",false,false,"",42000,0,42000,42000,"Active"
"SR-2024-2225","ADM-6225","PEN-RJ-2024-450688","Advaith Charan","08","10th","10th","D","10th - D","Ram Chandra Charan","Pooja","Ram Chandra Charan","8769220365","8769220365","8769220365","Rai Colony, Near Water Tank, Barmer","Male","2010-08-22","General","Tagore",false,false,"",42000,31500,10500,10500,"Active"
"SR-2024-2226","ADM-6226","PEN-RJ-2024-362740","Angel Rathore","09","10th","10th","D","10th - D","Chhagan Lal Rathore","Bhanwar Kanwar","Chhagan Lal Rathore","9829467901","9829467901","9829467901","Baytu Link Road, Barmer","Female","2010-07-15","SC","Ashoka",false,false,"",42000,0,42000,42000,"Active"
"SR-2024-2227","ADM-6227","PEN-RJ-2024-486431","Omprakash Choudhary","10","10th","10th","D","10th - D","Dungar Ram Choudhary","Durga Devi","Dungar Ram Choudhary","9829580292","9829580292","9829580292","Panch Batti Circle, Barmer","Male","2010-04-03","SC","Tagore",true,true,"Route 1 (Baldev Nagar - Ratan Singh Circle)",54000,0,54000,54000,"Active"
"SR-2024-2228","ADM-6228","PEN-RJ-2024-588997","Saraswati Panwar","11","10th","10th","D","10th - D","Bhanwar Singh Panwar","Pushpa Devi","Bhanwar Singh Panwar","9460312749","9460312749","9460312749","Sadar Bazaar, Near Old Fort, Barmer","Female","2010-03-16","OBC","Shivaji",false,false,"",42000,0,42000,42000,"Active"
"SR-2024-2229","ADM-6229","PEN-RJ-2024-694921","Rekha Rajput","12","10th","10th","D","10th - D","Sohan Lal Rajput","Prem Kanwar","Sohan Lal Rajput","8769490274","8769490274","8769490274","Baldev Nagar, Near Ratan Singh Circle, Barmer","Female","2010-08-03","General","Shivaji",true,true,"Route 6 (Uttarlai Road - Airforce Area)",54000,0,54000,54000,"Active"
"SR-2024-2230","ADM-6230","PEN-RJ-2024-612382","Sunita Jangid","13","10th","10th","D","10th - D","Chhagan Lal Jangid","Shanti Devi","Chhagan Lal Jangid","9460223610","9460223610","9460223610","Tilak Nagar, Barmer","Female","2010-07-03","OBC","Shivaji",true,true,"Route 5 (Chohtan Circle - Tilak Nagar)",54000,0,54000,54000,"Active"
"SR-2024-2231","ADM-6231","PEN-RJ-2024-574742","Sneha Gehlot","14","10th","10th","D","10th - D","Rajesh Gehlot","Bhanwar Kanwar","Rajesh Gehlot","9460576511","9460576511","9460576511","Baytu Link Road, Barmer","Female","2010-12-06","General","Ashoka",false,false,"",42000,42000,0,0,"Active"
"SR-2024-2232","ADM-6232","PEN-RJ-2024-583621","Shyam Kumhar","15","10th","10th","D","10th - D","Parasmal Kumhar","Sugan Kanwar","Parasmal Kumhar","9460987138","9460987138","9460987138","Baytu Link Road, Barmer","Male","2010-02-10","SC","Tagore",false,false,"",42000,17000,25000,25000,"Active"
"SR-2024-2233","ADM-6233","PEN-RJ-2024-560856","Sunil Soni","16","10th","10th","D","10th - D","Manak Chand Soni","Sharda","Manak Chand Soni","9460712547","9460712547","9460712547","Kalyanpura, Barmer","Male","2010-05-25","ST","Ashoka",true,true,"Route 8 (Rai Colony - Civil Lines)",54000,54000,0,0,"Active"
"SR-2024-2234","ADM-6234","PEN-RJ-2024-848506","Sandeep Dave","17","10th","10th","D","10th - D","Mahendra Dave","Pooja","Mahendra Dave","9414264467","9414264467","9414264467","Indira Colony, Lane 4, Barmer","Male","2010-11-07","General","Shivaji",false,false,"",42000,0,42000,42000,"Active"
"SR-2024-2235","ADM-6235","PEN-RJ-2024-232931","Barkha Parihar","18","10th","10th","D","10th - D","Mangi Lal Parihar","Rekha","Mangi Lal Parihar","9828956344","9828956344","9828956344","Tilak Nagar, Barmer","Female","2010-10-04","SC","Shivaji",false,false,"",42000,21000,21000,21000,"Active"
"SR-2024-2236","ADM-6236","PEN-RJ-2024-256814","Dinesh Dadhich","19","10th","10th","D","10th - D","Sohan Lal Dadhich","Sunita","Sohan Lal Dadhich","9828914281","9828914281","9828914281","Tilak Nagar, Barmer","Male","2010-11-16","OBC","Ashoka",false,false,"",42000,21000,21000,21000,"Active"
"SR-2024-2237","ADM-6237","PEN-RJ-2024-779527","Mahendra Meena","20","10th","10th","D","10th - D","Manak Chand Meena","Anand Kanwar","Manak Chand Meena","9460387130","9460387130","9460387130","Jasol Road, Balotra Highway, Barmer","Male","2010-10-22","ST","Shivaji",false,false,"",42000,42000,0,0,"Active"
"SR-2024-2238","ADM-6238","PEN-RJ-2024-972332","Bhupendra Dadhich","21","10th","10th","D","10th - D","Loonkaran Dadhich","Mohan Kanwar","Loonkaran Dadhich","9829364080","9829364080","9829364080","Baytu Link Road, Barmer","Male","2010-03-07","ST","Shivaji",false,false,"",42000,17000,25000,25000,"Active"
"SR-2024-2239","ADM-6239","PEN-RJ-2024-921468","Saraswati Meghwal","22","10th","10th","D","10th - D","Suresh Meghwal","Sushila","Suresh Meghwal","9828242877","9828242877","9828242877","Sadar Bazaar, Near Old Fort, Barmer","Female","2010-06-23","SC","Shivaji",true,true,"Route 7 (Sindhari Road - Kalyanpura)",54000,21500,32500,32500,"Active"
"SR-2024-2240","ADM-6240","PEN-RJ-2024-121545","Teja Goyal","23","10th","10th","D","10th - D","Mohan Lal Goyal","Manju","Mohan Lal Goyal","9460438963","9460438963","9460438963","Khatan Kocha, Inside City, Barmer","Male","2010-09-06","OBC","Ashoka",false,false,"",42000,42000,0,0,"Active"
"SR-2024-2241","ADM-6241","PEN-RJ-2024-400072","Divya Mathur","24","10th","10th","D","10th - D","Surendra Mathur","Santosh","Surendra Mathur","9414466615","9414466615","9414466615","Kalyanpura, Barmer","Female","2010-11-19","General","Ashoka",false,false,"",42000,42000,0,0,"Active"
"SR-2024-2242","ADM-6242","PEN-RJ-2024-200882","Ira Trivedi","25","10th","10th","D","10th - D","Teja Ram Trivedi","Manju","Teja Ram Trivedi","9784531826","9784531826","9784531826","Shastri Nagar, Sector 2, Barmer","Female","2010-10-17","OBC","Tagore",true,true,"Route 5 (Chohtan Circle - Tilak Nagar)",54000,40500,13500,13500,"Active"
"SR-2024-2243","ADM-6243","PEN-RJ-2024-251932","Satyapal Meena","26","10th","10th","D","10th - D","Uttamchand Meena","Nirmala","Uttamchand Meena","9414910356","9414910356","9414910356","Nehru Nagar, Main Road, Barmer","Male","2010-01-14","OBC","Raman",true,true,"Route 4 (Mahaveer Nagar - Collectorate)",54000,32500,21500,21500,"Active"
"SR-2024-2244","ADM-6244","PEN-RJ-2024-444366","Shaitan Verma","27","10th","10th","D","10th - D","Bhagwan Das Verma","Parvati Devi","Bhagwan Das Verma","9414322781","9414322781","9414322781","Kalyanpura, Barmer","Male","2010-11-03","General","Raman",false,false,"",42000,21000,21000,21000,"Active"
"SR-2024-2245","ADM-6245","PEN-RJ-2024-160886","Santosh Meghwal","28","10th","10th","D","10th - D","Loonkaran Meghwal","Shanti Devi","Loonkaran Meghwal","8769363245","8769363245","8769363245","Sadar Bazaar, Near Old Fort, Barmer","Female","2010-03-06","General","Raman",false,false,"",42000,0,42000,42000,"Active"
"SR-2024-2246","ADM-6246","PEN-RJ-2024-789642","Sushila Joshi","29","10th","10th","D","10th - D","Mangi Lal Joshi","Santosh","Mangi Lal Joshi","9414861510","9414861510","9414861510","Chohtan Circle, Highway Link, Barmer","Female","2010-04-16","General","Tagore",true,true,"Route 5 (Chohtan Circle - Tilak Nagar)",54000,54000,0,0,"Active"
"SR-2024-2247","ADM-6247","PEN-RJ-2024-570835","Preeti Rathore","30","10th","10th","D","10th - D","Mohan Lal Rathore","Sugan Kanwar","Mohan Lal Rathore","9460928384","9460928384","9460928384","Jasol Road, Balotra Highway, Barmer","Female","2010-01-17","General","Raman",false,false,"",42000,42000,0,0,"Active"
"SR-2024-2248","ADM-6248","PEN-RJ-2024-836997","Pawan Jangid","31","10th","10th","D","10th - D","Rikhabdas Jangid","Santosh","Rikhabdas Jangid","9784609619","9784609619","9784609619","Ramsar Road, Barmer","Male","2010-08-18","General","Raman",false,false,"",42000,0,42000,42000,"Active"
"SR-2024-2249","ADM-6249","PEN-RJ-2024-701007","Kabir Bhati","32","10th","10th","D","10th - D","Hanuman Ram Bhati","Mohan Kanwar","Hanuman Ram Bhati","8769604402","8769604402","8769604402","Baytu Link Road, Barmer","Male","2010-01-23","SC","Raman",false,false,"",42000,0,42000,42000,"Active"
"SR-2024-2250","ADM-6250","PEN-RJ-2024-664412","Sai Garg","33","10th","10th","D","10th - D","Prem Singh Garg","Nirmala","Prem Singh Garg","9414165003","9414165003","9414165003","Panch Batti Circle, Barmer","Male","2010-08-19","ST","Ashoka",false,false,"",42000,42000,0,0,"Active"
"SR-2024-2251","ADM-6251","PEN-RJ-2024-134314","Radha Rajput","34","10th","10th","D","10th - D","Jagdish Prasad Rajput","Geeta Devi","Jagdish Prasad Rajput","9829103071","9829103071","9829103071","Shastri Nagar, Sector 2, Barmer","Female","2010-06-24","OBC","Raman",false,false,"",42000,42000,0,0,"Active"
"SR-2024-2252","ADM-6252","PEN-RJ-2024-595113","Advik Lohar","35","10th","10th","D","10th - D","Hanuman Ram Lohar","Anand Kanwar","Hanuman Ram Lohar","9414630961","9414630961","9414630961","Sindhari Road, Near Bus Stand, Barmer","Male","2010-05-24","OBC","Ashoka",false,false,"",42000,25000,17000,17000,"Active"
"SR-2024-2253","ADM-6253","PEN-RJ-2024-547938","Sita Rajput","36","10th","10th","D","10th - D","Jabbar Singh Rajput","Nirmala","Jabbar Singh Rajput","8769748163","8769748163","8769748163","Baytu Link Road, Barmer","Female","2010-08-20","ST","Shivaji",true,true,"Route 6 (Uttarlai Road - Airforce Area)",54000,54000,0,0,"Active"
"SR-2024-2254","ADM-6254","PEN-RJ-2024-700749","Aarav Parihar","37","10th","10th","D","10th - D","Kailash Parihar","Sushila","Kailash Parihar","9460372250","9460372250","9460372250","Khatan Kocha, Inside City, Barmer","Male","2010-11-18","General","Raman",true,true,"Route 1 (Baldev Nagar - Ratan Singh Circle)",54000,21500,32500,32500,"Active"
"SR-2024-2255","ADM-6255","PEN-RJ-2024-732989","Kamlesh Soni","38","10th","10th","D","10th - D","Rajesh Soni","Prem Kanwar","Rajesh Soni","9460352826","9460352826","9460352826","Laxmi Nagar, Street 3, Barmer","Male","2010-05-16","ST","Shivaji",false,false,"",42000,21000,21000,21000,"Active"
"SR-2024-2256","ADM-6256","PEN-RJ-2024-458776","Sheetal Mittal","39","10th","10th","D","10th - D","Surendra Mittal","Laxmi Devi","Surendra Mittal","9414545302","9414545302","9414545302","Jasol Road, Balotra Highway, Barmer","Female","2010-07-07","General","Shivaji",false,false,"",42000,0,42000,42000,"Active"
"SR-2024-2257","ADM-6257","PEN-RJ-2024-264945","Vihaan Chauhan","40","10th","10th","D","10th - D","Loonkaran Chauhan","Rekha","Loonkaran Chauhan","8769660472","8769660472","8769660472","Opp. Collectorate, Mahaveer Nagar, Barmer","Male","2010-07-08","ST","Shivaji",true,true,"Route 2 (Indira Colony - Shastri Nagar)",54000,21500,32500,32500,"Active"
"SR-2024-2258","ADM-6258","PEN-RJ-2024-125737","Sushila Bansal","01","11th","11th","Science-Maths","11th - Science-Maths","Dinesh Bansal","Kanta Devi","Dinesh Bansal","9414632446","9414632446","9414632446","Shastri Nagar, Sector 2, Barmer","Female","2009-07-07","SC","Tagore",false,false,"",48000,48000,0,0,"Active"
"SR-2024-2259","ADM-6259","PEN-RJ-2024-774901","Sapna Solanki","02","11th","11th","Science-Maths","11th - Science-Maths","Jagdish Prasad Solanki","Chandra Kanwar","Jagdish Prasad Solanki","8769823452","8769823452","8769823452","Opp. Collectorate, Mahaveer Nagar, Barmer","Female","2009-11-02","OBC","Raman",false,false,"",48000,36000,12000,12000,"Active"
"SR-2024-2260","ADM-6260","PEN-RJ-2024-857533","Jethmal Trivedi","03","11th","11th","Science-Maths","11th - Science-Maths","Narpat Singh Trivedi","Bhanwar Kanwar","Narpat Singh Trivedi","9414817973","9414817973","9414817973","Khatan Kocha, Inside City, Barmer","Male","2009-12-21","SC","Shivaji",true,true,"Route 8 (Rai Colony - Civil Lines)",60000,30000,30000,30000,"Active"
"SR-2024-2261","ADM-6261","PEN-RJ-2024-150854","Saraswati Verma","04","11th","11th","Science-Maths","11th - Science-Maths","Dinesh Verma","Sharda","Dinesh Verma","9828987871","9828987871","9828987871","Baytu Link Road, Barmer","Female","2009-03-01","OBC","Shivaji",true,true,"Route 7 (Sindhari Road - Kalyanpura)",60000,24000,36000,36000,"Active"
"SR-2024-2262","ADM-6262","PEN-RJ-2024-745731","Nirmala Mittal","05","11th","11th","Science-Maths","11th - Science-Maths","Dungar Ram Mittal","Sita Devi","Dungar Ram Mittal","9414817436","9414817436","9414817436","Tilak Nagar, Barmer","Female","2009-12-02","SC","Raman",true,true,"Route 5 (Chohtan Circle - Tilak Nagar)",60000,45000,15000,15000,"Active"
"SR-2024-2263","ADM-6263","PEN-RJ-2024-401127","Shaitan Goyal","06","11th","11th","Science-Maths","11th - Science-Maths","Jethmal Goyal","Anand Kanwar","Jethmal Goyal","9784875475","9784875475","9784875475","Jasol Road, Balotra Highway, Barmer","Male","2009-08-09","OBC","Tagore",false,false,"",48000,24000,24000,24000,"Active"
"SR-2024-2264","ADM-6264","PEN-RJ-2024-573980","Ashok Mathur","07","11th","11th","Science-Maths","11th - Science-Maths","Khimraj Mathur","Anand Kanwar","Khimraj Mathur","8769871970","8769871970","8769871970","Baytu Link Road, Barmer","Male","2009-04-15","SC","Ashoka",true,true,"Route 2 (Indira Colony - Shastri Nagar)",60000,0,60000,60000,"Active"
"SR-2024-2265","ADM-6265","PEN-RJ-2024-864576","Ravindra Mittal","08","11th","11th","Science-Maths","11th - Science-Maths","Roopa Ram Mittal","Laxmi Devi","Roopa Ram Mittal","8769572477","8769572477","8769572477","Uttarlai Road, Near KV School, Barmer","Male","2009-10-26","ST","Raman",false,false,"",48000,29000,19000,19000,"Active"
"SR-2024-2266","ADM-6266","PEN-RJ-2024-120424","Seema Gehlot","09","11th","11th","Science-Maths","11th - Science-Maths","Manak Chand Gehlot","Durga Devi","Manak Chand Gehlot","9828356975","9828356975","9828356975","Ramsar Road, Barmer","Female","2009-09-22","General","Raman",false,false,"",48000,36000,12000,12000,"Active"
"SR-2024-2267","ADM-6267","PEN-RJ-2024-848604","Mandeep Gaur","10","11th","11th","Science-Maths","11th - Science-Maths","Jabbar Singh Gaur","Laxmi Devi","Jabbar Singh Gaur","9828914911","9828914911","9828914911","Sindhari Road, Near Bus Stand, Barmer","Male","2009-07-06","SC","Shivaji",false,false,"",48000,36000,12000,12000,"Active"
"SR-2024-2268","ADM-6268","PEN-RJ-2024-778256","Jethmal Kumhar","11","11th","11th","Science-Maths","11th - Science-Maths","Suresh Kumhar","Sushila","Suresh Kumhar","9460678282","9460678282","9460678282","Sadar Bazaar, Near Old Fort, Barmer","Male","2009-01-10","General","Tagore",true,true,"Route 6 (Uttarlai Road - Airforce Area)",60000,60000,0,0,"Active"
"SR-2024-2269","ADM-6269","PEN-RJ-2024-970674","Ram Verma","12","11th","11th","Science-Maths","11th - Science-Maths","Vimalchand Verma","Urmila","Vimalchand Verma","9828132260","9828132260","9828132260","Plot 42, Civil Lines, Barmer","Male","2009-03-06","OBC","Tagore",false,false,"",48000,36000,12000,12000,"Active"
"SR-2024-2270","ADM-6270","PEN-RJ-2024-944102","Saraswati Soni","13","11th","11th","Science-Maths","11th - Science-Maths","Narpat Singh Soni","Sunita","Narpat Singh Soni","9460218941","9460218941","9460218941","Station Road, Near Soni Dharmshala, Barmer","Female","2009-07-24","General","Shivaji",false,false,"",48000,29000,19000,19000,"Active"
"SR-2024-2271","ADM-6271","PEN-RJ-2024-685958","Parvati Goyal","14","11th","11th","Science-Maths","11th - Science-Maths","Rikhabdas Goyal","Gulab Kanwar","Rikhabdas Goyal","9784334039","9784334039","9784334039","Chohtan Circle, Highway Link, Barmer","Female","2009-08-16","OBC","Ashoka",false,false,"",48000,36000,12000,12000,"Active"
"SR-2024-2272","ADM-6272","PEN-RJ-2024-577021","Sonam Jangid","15","11th","11th","Science-Maths","11th - Science-Maths","Kailash Jangid","Kanta Devi","Kailash Jangid","9828262926","9828262926","9828262926","Opp. Collectorate, Mahaveer Nagar, Barmer","Female","2009-03-25","ST","Tagore",false,false,"",48000,24000,24000,24000,"Active"
"SR-2024-2273","ADM-6273","PEN-RJ-2024-228599","Jagdish Charan","16","11th","11th","Science-Maths","11th - Science-Maths","Sohan Lal Charan","Gulab Kanwar","Sohan Lal Charan","8769717667","8769717667","8769717667","Sindhari Road, Near Bus Stand, Barmer","Male","2009-12-28","OBC","Raman",false,false,"",48000,29000,19000,19000,"Active"
"SR-2024-2274","ADM-6274","PEN-RJ-2024-744744","Sawai Dadhich","17","11th","11th","Science-Maths","11th - Science-Maths","Shaitan Singh Dadhich","Anand Kanwar","Shaitan Singh Dadhich","8769871386","8769871386","8769871386","Ramsar Road, Barmer","Male","2009-11-10","General","Ashoka",true,true,"Route 1 (Baldev Nagar - Ratan Singh Circle)",60000,45000,15000,15000,"Active"
"SR-2024-2275","ADM-6275","PEN-RJ-2024-190771","Omprakash Kumhar","18","11th","11th","Science-Maths","11th - Science-Maths","Hanuman Ram Kumhar","Prem Kanwar","Hanuman Ram Kumhar","9784826330","9784826330","9784826330","Nehru Nagar, Main Road, Barmer","Male","2009-09-21","ST","Raman",true,true,"Route 2 (Indira Colony - Shastri Nagar)",60000,60000,0,0,"Active"
"SR-2024-2276","ADM-6276","PEN-RJ-2024-824252","Mandeep Purohit","19","11th","11th","Science-Maths","11th - Science-Maths","Kailash Purohit","Sunita","Kailash Purohit","9828340338","9828340338","9828340338","Panch Batti Circle, Barmer","Male","2009-01-03","OBC","Raman",true,true,"Route 4 (Mahaveer Nagar - Collectorate)",60000,60000,0,0,"Active"
"SR-2024-2277","ADM-6277","PEN-RJ-2024-467652","Jabbar Raika","20","11th","11th","Science-Maths","11th - Science-Maths","Dinesh Raika","Rekha","Dinesh Raika","8769859959","8769859959","8769859959","Kalyanpura, Barmer","Male","2009-01-02","SC","Tagore",false,false,"",48000,48000,0,0,"Active"
"SR-2024-2278","ADM-6278","PEN-RJ-2024-164071","Prem Meena","21","11th","11th","Science-Maths","11th - Science-Maths","Gopal Meena","Geeta Devi","Gopal Meena","9414175564","9414175564","9414175564","Indira Colony, Lane 4, Barmer","Male","2009-11-03","ST","Tagore",true,true,"Route 5 (Chohtan Circle - Tilak Nagar)",60000,45000,15000,15000,"Active"
"SR-2024-2279","ADM-6279","PEN-RJ-2024-886226","Sahil Meena","22","11th","11th","Science-Maths","11th - Science-Maths","Bhanwar Singh Meena","Pooja","Bhanwar Singh Meena","8769970001","8769970001","8769970001","Laxmi Nagar, Street 3, Barmer","Male","2009-05-26","OBC","Tagore",false,false,"",48000,0,48000,48000,"Active"
"SR-2024-2280","ADM-6280","PEN-RJ-2024-274710","Bharat Mittal","23","11th","11th","Science-Maths","11th - Science-Maths","Ram Chandra Mittal","Santosh","Ram Chandra Mittal","8769437313","8769437313","8769437313","Ramsar Road, Barmer","Male","2009-10-11","General","Tagore",true,true,"Route 3 (Station Road - Sadar Bazaar)",60000,60000,0,0,"Active"
"SR-2024-2281","ADM-6281","PEN-RJ-2024-985379","Shreya Bishnoi","24","11th","11th","Science-Maths","11th - Science-Maths","Kalyan Singh Bishnoi","Chandra Kanwar","Kalyan Singh Bishnoi","8769297982","8769297982","8769297982","Rai Colony, Near Water Tank, Barmer","Female","2009-04-12","ST","Shivaji",false,false,"",48000,48000,0,0,"Active"
"SR-2024-2282","ADM-6282","PEN-RJ-2024-154709","Deepika Charan","25","11th","11th","Science-Maths","11th - Science-Maths","Rajesh Charan","Kanta Devi","Rajesh Charan","9414974973","9414974973","9414974973","Plot 42, Civil Lines, Barmer","Female","2009-12-14","ST","Ashoka",true,true,"Route 5 (Chohtan Circle - Tilak Nagar)",60000,60000,0,0,"Active"
"SR-2024-2283","ADM-6283","PEN-RJ-2024-567976","Manish Bhati","26","11th","11th","Science-Maths","11th - Science-Maths","Mohan Lal Bhati","Kanta Devi","Mohan Lal Bhati","9828639260","9828639260","9828639260","Panch Batti Circle, Barmer","Male","2009-12-18","OBC","Raman",false,false,"",48000,48000,0,0,"Active"
"SR-2024-2284","ADM-6284","PEN-RJ-2024-180514","Sawai Bansal","27","11th","11th","Science-Maths","11th - Science-Maths","Sawai Singh Bansal","Shanti Devi","Sawai Singh Bansal","9828779196","9828779196","9828779196","Rai Colony, Near Water Tank, Barmer","Male","2009-10-18","OBC","Tagore",false,false,"",48000,29000,19000,19000,"Active"
"SR-2024-2285","ADM-6285","PEN-RJ-2024-481568","Dhruv Jangid","28","11th","11th","Science-Maths","11th - Science-Maths","Vimalchand Jangid","Sita Devi","Vimalchand Jangid","9784806393","9784806393","9784806393","Rai Colony, Near Water Tank, Barmer","Male","2009-11-28","ST","Ashoka",false,false,"",48000,36000,12000,12000,"Active"
"SR-2024-2286","ADM-6286","PEN-RJ-2024-463291","Amar Suthar","29","11th","11th","Science-Maths","11th - Science-Maths","Jabbar Singh Suthar","Kamla Devi","Jabbar Singh Suthar","9784952730","9784952730","9784952730","Laxmi Nagar, Street 3, Barmer","Male","2009-10-05","ST","Tagore",false,false,"",48000,48000,0,0,"Active"
"SR-2024-2287","ADM-6287","PEN-RJ-2024-340848","Gayatri Meghwal","30","11th","11th","Science-Maths","11th - Science-Maths","Khimraj Meghwal","Santosh","Khimraj Meghwal","9460830702","9460830702","9460830702","Sadar Bazaar, Near Old Fort, Barmer","Female","2009-06-03","ST","Shivaji",true,true,"Route 5 (Chohtan Circle - Tilak Nagar)",60000,60000,0,0,"Active"
"SR-2024-2288","ADM-6288","PEN-RJ-2024-220146","Ajay Trivedi","31","11th","11th","Science-Maths","11th - Science-Maths","Uttamchand Trivedi","Anand Kanwar","Uttamchand Trivedi","9829289626","9829289626","9829289626","Rai Colony, Near Water Tank, Barmer","Male","2009-09-15","General","Ashoka",true,true,"Route 3 (Station Road - Sadar Bazaar)",60000,60000,0,0,"Active"
"SR-2024-2289","ADM-6289","PEN-RJ-2024-400074","Aadhya Shekhawat","32","11th","11th","Science-Maths","11th - Science-Maths","Sumer Singh Shekhawat","Sita Devi","Sumer Singh Shekhawat","9414610191","9414610191","9414610191","Station Road, Near Soni Dharmshala, Barmer","Female","2009-03-06","General","Ashoka",true,true,"Route 5 (Chohtan Circle - Tilak Nagar)",60000,36000,24000,24000,"Active"
"SR-2024-2290","ADM-6290","PEN-RJ-2024-531606","Ajay Charan","33","11th","11th","Science-Maths","11th - Science-Maths","Kalyan Singh Charan","Manju","Kalyan Singh Charan","9828917147","9828917147","9828917147","Plot 42, Civil Lines, Barmer","Male","2009-08-23","SC","Raman",false,false,"",48000,0,48000,48000,"Active"
"SR-2024-2291","ADM-6291","PEN-RJ-2024-916797","Reyansh Goyal","34","11th","11th","Science-Maths","11th - Science-Maths","Uttamchand Goyal","Kamla Devi","Uttamchand Goyal","8769422760","8769422760","8769422760","Indira Colony, Lane 4, Barmer","Male","2009-03-07","ST","Shivaji",false,false,"",48000,48000,0,0,"Active"
"SR-2024-2292","ADM-6292","PEN-RJ-2024-492488","Aman Bansal","35","11th","11th","Science-Maths","11th - Science-Maths","Uttamchand Bansal","Anita","Uttamchand Bansal","8769817488","8769817488","8769817488","Baldev Nagar, Near Ratan Singh Circle, Barmer","Male","2009-07-01","OBC","Tagore",true,true,"Route 7 (Sindhari Road - Kalyanpura)",60000,36000,24000,24000,"Active"
"SR-2024-2293","ADM-6293","PEN-RJ-2024-628056","Muhammad Rajput","36","11th","11th","Science-Maths","11th - Science-Maths","Narpat Singh Rajput","Gulab Kanwar","Narpat Singh Rajput","9784465678","9784465678","9784465678","Indira Colony, Lane 4, Barmer","Male","2009-01-06","General","Shivaji",false,false,"",48000,48000,0,0,"Active"
"SR-2024-2294","ADM-6294","PEN-RJ-2024-633884","Lokendra Dadhich","37","11th","11th","Science-Maths","11th - Science-Maths","Mahendra Dadhich","Meenakshi","Mahendra Dadhich","8769849468","8769849468","8769849468","Nehru Nagar, Main Road, Barmer","Male","2009-03-23","ST","Ashoka",false,false,"",48000,48000,0,0,"Active"
"SR-2024-2295","ADM-6295","PEN-RJ-2024-280042","Preeti Raika","38","11th","11th","Science-Maths","11th - Science-Maths","Bhawani Singh Raika","Rukmani Devi","Bhawani Singh Raika","9829645182","9829645182","9829645182","Sadar Bazaar, Near Old Fort, Barmer","Female","2009-01-20","OBC","Raman",false,false,"",48000,19000,29000,29000,"Active"
"SR-2024-2296","ADM-6296","PEN-RJ-2024-769803","Ritu Agarwal","39","11th","11th","Science-Maths","11th - Science-Maths","Jabbar Singh Agarwal","Chandra Kanwar","Jabbar Singh Agarwal","9828897859","9828897859","9828897859","Kalyanpura, Barmer","Female","2009-07-17","OBC","Shivaji",false,false,"",48000,48000,0,0,"Active"
"SR-2024-2297","ADM-6297","PEN-RJ-2024-351436","Gopal Joshi","40","11th","11th","Science-Maths","11th - Science-Maths","Khimraj Joshi","Urmila","Khimraj Joshi","9414983653","9414983653","9414983653","Baytu Link Road, Barmer","Male","2009-05-17","OBC","Tagore",false,false,"",48000,36000,12000,12000,"Active"
"SR-2024-2298","ADM-6298","PEN-RJ-2024-676755","Manish Jain","41","11th","11th","Science-Maths","11th - Science-Maths","Shaitan Singh Jain","Mohan Kanwar","Shaitan Singh Jain","8769209684","8769209684","8769209684","Plot 42, Civil Lines, Barmer","Male","2009-02-11","OBC","Tagore",false,false,"",48000,48000,0,0,"Active"
"SR-2024-2299","ADM-6299","PEN-RJ-2024-576723","Rakesh Sharma","42","11th","11th","Science-Maths","11th - Science-Maths","Teja Ram Sharma","Chandra Kanwar","Teja Ram Sharma","9784554446","9784554446","9784554446","Station Road, Near Soni Dharmshala, Barmer","Male","2009-08-22","OBC","Tagore",false,false,"",48000,36000,12000,12000,"Active"
"SR-2024-2300","ADM-6300","PEN-RJ-2024-331891","Tarun Trivedi","01","11th","11th","Science-Bio","11th - Science-Bio","Vimalchand Trivedi","Manju","Vimalchand Trivedi","9828127944","9828127944","9828127944","Opp. Collectorate, Mahaveer Nagar, Barmer","Male","2009-10-26","ST","Ashoka",false,false,"",48000,48000,0,0,"Active"
"SR-2024-2301","ADM-6301","PEN-RJ-2024-281185","Asha Trivedi","02","11th","11th","Science-Bio","11th - Science-Bio","Sohan Lal Trivedi","Bhanwar Kanwar","Sohan Lal Trivedi","9829719395","9829719395","9829719395","Plot 42, Civil Lines, Barmer","Female","2009-06-01","OBC","Ashoka",false,false,"",48000,0,48000,48000,"Active"
"SR-2024-2302","ADM-6302","PEN-RJ-2024-530867","Vijay Rajput","03","11th","11th","Science-Bio","11th - Science-Bio","Hanuman Ram Rajput","Sita Devi","Hanuman Ram Rajput","9829894885","9829894885","9829894885","Opp. Collectorate, Mahaveer Nagar, Barmer","Male","2009-05-20","ST","Raman",true,true,"Route 3 (Station Road - Sadar Bazaar)",60000,60000,0,0,"Active"
"SR-2024-2303","ADM-6303","PEN-RJ-2024-802107","Sushila Singhal","04","11th","11th","Science-Bio","11th - Science-Bio","Mahendra Singhal","Sugan Kanwar","Mahendra Singhal","9414351133","9414351133","9414351133","Khatan Kocha, Inside City, Barmer","Female","2009-01-05","ST","Shivaji",false,false,"",48000,36000,12000,12000,"Active"
"SR-2024-2304","ADM-6304","PEN-RJ-2024-249107","Reyansh Parihar","05","11th","11th","Science-Bio","11th - Science-Bio","Bhawani Singh Parihar","Sugan Kanwar","Bhawani Singh Parihar","9829650377","9829650377","9829650377","Laxmi Nagar, Street 3, Barmer","Male","2009-12-25","OBC","Tagore",false,false,"",48000,48000,0,0,"Active"
"SR-2024-2305","ADM-6305","PEN-RJ-2024-214789","Mahipal Lohar","06","11th","11th","Science-Bio","11th - Science-Bio","Rikhabdas Lohar","Shanti Devi","Rikhabdas Lohar","8769945518","8769945518","8769945518","Station Road, Near Soni Dharmshala, Barmer","Male","2009-08-22","ST","Ashoka",false,false,"",48000,0,48000,48000,"Active"
"SR-2024-2306","ADM-6306","PEN-RJ-2024-571568","Aarav Soni","07","11th","11th","Science-Bio","11th - Science-Bio","Uttamchand Soni","Rekha","Uttamchand Soni","8769209319","8769209319","8769209319","Panch Batti Circle, Barmer","Male","2009-10-10","General","Ashoka",false,false,"",48000,48000,0,0,"Active"
"SR-2024-2307","ADM-6307","PEN-RJ-2024-303283","Digvijay Meghwal","08","11th","11th","Science-Bio","11th - Science-Bio","Rikhabdas Meghwal","Sushila","Rikhabdas Meghwal","9784738838","9784738838","9784738838","Rai Colony, Near Water Tank, Barmer","Male","2009-11-26","SC","Shivaji",true,true,"Route 7 (Sindhari Road - Kalyanpura)",60000,30000,30000,30000,"Active"
"SR-2024-2308","ADM-6308","PEN-RJ-2024-830635","Sneha Meghwal","09","11th","11th","Science-Bio","11th - Science-Bio","Mohan Lal Meghwal","Mohan Kanwar","Mohan Lal Meghwal","9829130541","9829130541","9829130541","Kalyanpura, Barmer","Female","2009-03-28","SC","Ashoka",true,true,"Route 1 (Baldev Nagar - Ratan Singh Circle)",60000,60000,0,0,"Active"
"SR-2024-2309","ADM-6309","PEN-RJ-2024-457929","Bhavna Parihar","10","11th","11th","Science-Bio","11th - Science-Bio","Bhanwar Singh Parihar","Mohan Kanwar","Bhanwar Singh Parihar","8769257751","8769257751","8769257751","Kalyanpura, Barmer","Female","2009-06-02","OBC","Raman",false,false,"",48000,24000,24000,24000,"Active"
"SR-2024-2310","ADM-6310","PEN-RJ-2024-103922","Devendra Purohit","11","11th","11th","Science-Bio","11th - Science-Bio","Kalyan Singh Purohit","Pushpa Devi","Kalyan Singh Purohit","9829812236","9829812236","9829812236","Tilak Nagar, Barmer","Male","2009-07-27","OBC","Tagore",false,false,"",48000,0,48000,48000,"Active"
"SR-2024-2311","ADM-6311","PEN-RJ-2024-579302","Pooja Verma","12","11th","11th","Science-Bio","11th - Science-Bio","Jagdish Prasad Verma","Bhanwar Kanwar","Jagdish Prasad Verma","8769920343","8769920343","8769920343","Uttarlai Road, Near KV School, Barmer","Female","2009-08-12","General","Shivaji",false,false,"",48000,0,48000,48000,"Active"
"SR-2024-2312","ADM-6312","PEN-RJ-2024-397134","Rashmi Rajput","13","11th","11th","Science-Bio","11th - Science-Bio","Rajesh Rajput","Mohan Kanwar","Rajesh Rajput","9460952199","9460952199","9460952199","Khatan Kocha, Inside City, Barmer","Female","2009-10-28","ST","Raman",false,false,"",48000,29000,19000,19000,"Active"
"SR-2024-2313","ADM-6313","PEN-RJ-2024-137600","Aayush Rathore","14","11th","11th","Science-Bio","11th - Science-Bio","Narpat Singh Rathore","Geeta Devi","Narpat Singh Rathore","9460302007","9460302007","9460302007","Baldev Nagar, Near Ratan Singh Circle, Barmer","Male","2009-02-25","SC","Raman",false,false,"",48000,48000,0,0,"Active"
"SR-2024-2314","ADM-6314","PEN-RJ-2024-620889","Diya Dave","15","11th","11th","Science-Bio","11th - Science-Bio","Ramesh Chand Dave","Sunita","Ramesh Chand Dave","8769483243","8769483243","8769483243","Station Road, Near Soni Dharmshala, Barmer","Female","2009-05-19","ST","Shivaji",false,false,"",48000,48000,0,0,"Active"
"SR-2024-2315","ADM-6315","PEN-RJ-2024-157890","Bharti Sharma","16","11th","11th","Science-Bio","11th - Science-Bio","Manak Chand Sharma","Rukmani Devi","Manak Chand Sharma","9829558985","9829558985","9829558985","Shastri Nagar, Sector 2, Barmer","Female","2009-05-26","SC","Ashoka",false,false,"",48000,0,48000,48000,"Active"
"SR-2024-2316","ADM-6316","PEN-RJ-2024-125536","Pabu Rajput","17","11th","11th","Science-Bio","11th - Science-Bio","Dungar Ram Rajput","Sushila","Dungar Ram Rajput","9828947326","9828947326","9828947326","Baldev Nagar, Near Ratan Singh Circle, Barmer","Male","2009-01-12","ST","Raman",true,true,"Route 4 (Mahaveer Nagar - Collectorate)",60000,0,60000,60000,"Active"
"SR-2024-2317","ADM-6317","PEN-RJ-2024-347330","Priya Jangid","18","11th","11th","Science-Bio","11th - Science-Bio","Jabbar Singh Jangid","Rukmani Devi","Jabbar Singh Jangid","9784463869","9784463869","9784463869","Tilak Nagar, Barmer","Female","2009-08-25","OBC","Shivaji",true,true,"Route 3 (Station Road - Sadar Bazaar)",60000,24000,36000,36000,"Active"
"SR-2024-2318","ADM-6318","PEN-RJ-2024-445505","Varsha Goyal","19","11th","11th","Science-Bio","11th - Science-Bio","Rikhabdas Goyal","Rekha","Rikhabdas Goyal","9414242312","9414242312","9414242312","Khatan Kocha, Inside City, Barmer","Female","2009-03-18","ST","Tagore",false,false,"",48000,48000,0,0,"Active"
"SR-2024-2319","ADM-6319","PEN-RJ-2024-510767","Omprakash Shekhawat","20","11th","11th","Science-Bio","11th - Science-Bio","Manak Chand Shekhawat","Urmila","Manak Chand Shekhawat","9828277627","9828277627","9828277627","Chohtan Circle, Highway Link, Barmer","Male","2009-10-23","ST","Shivaji",true,true,"Route 7 (Sindhari Road - Kalyanpura)",60000,0,60000,60000,"Active"
"SR-2024-2320","ADM-6320","PEN-RJ-2024-707796","Saraswati Rathore","21","11th","11th","Science-Bio","11th - Science-Bio","Prem Singh Rathore","Prem Kanwar","Prem Singh Rathore","9414878411","9414878411","9414878411","Station Road, Near Soni Dharmshala, Barmer","Female","2009-02-05","OBC","Ashoka",false,false,"",48000,0,48000,48000,"Active"
"SR-2024-2321","ADM-6321","PEN-RJ-2024-235522","Mukesh Gehlot","22","11th","11th","Science-Bio","11th - Science-Bio","Sohan Lal Gehlot","Sunita","Sohan Lal Gehlot","8769672932","8769672932","8769672932","Ramsar Road, Barmer","Male","2009-09-20","ST","Ashoka",false,false,"",48000,19000,29000,29000,"Active"
"SR-2024-2322","ADM-6322","PEN-RJ-2024-483543","Kavya Lohar","23","11th","11th","Science-Bio","11th - Science-Bio","Hanuman Ram Lohar","Rekha","Hanuman Ram Lohar","9784402260","9784402260","9784402260","Rai Colony, Near Water Tank, Barmer","Female","2009-12-01","SC","Tagore",true,true,"Route 3 (Station Road - Sadar Bazaar)",60000,36000,24000,24000,"Active"
"SR-2024-2323","ADM-6323","PEN-RJ-2024-546074","Manvendra Gaur","24","11th","11th","Science-Bio","11th - Science-Bio","Jagdish Prasad Gaur","Gulab Kanwar","Jagdish Prasad Gaur","9828764328","9828764328","9828764328","Sindhari Road, Near Bus Stand, Barmer","Male","2009-06-07","General","Raman",false,false,"",48000,48000,0,0,"Active"
"SR-2024-2324","ADM-6324","PEN-RJ-2024-385446","Vijay Lohar","25","11th","11th","Science-Bio","11th - Science-Bio","Narpat Singh Lohar","Durga Devi","Narpat Singh Lohar","9414526323","9414526323","9414526323","Uttarlai Road, Near KV School, Barmer","Male","2009-08-24","SC","Ashoka",false,false,"",48000,0,48000,48000,"Active"
"SR-2024-2325","ADM-6325","PEN-RJ-2024-607786","Aarav Raika","26","11th","11th","Science-Bio","11th - Science-Bio","Mohan Lal Raika","Sugan Kanwar","Mohan Lal Raika","9460234944","9460234944","9460234944","Rai Colony, Near Water Tank, Barmer","Male","2009-05-03","ST","Tagore",false,false,"",48000,48000,0,0,"Active"
"SR-2024-2326","ADM-6326","PEN-RJ-2024-161302","Swati Charan","27","11th","11th","Science-Bio","11th - Science-Bio","Nemichand Charan","Sayar Kanwar","Nemichand Charan","9460707558","9460707558","9460707558","Uttarlai Road, Near KV School, Barmer","Female","2009-04-08","ST","Ashoka",true,true,"Route 3 (Station Road - Sadar Bazaar)",60000,30000,30000,30000,"Active"
"SR-2024-2327","ADM-6327","PEN-RJ-2024-724859","Sapna Kumhar","28","11th","11th","Science-Bio","11th - Science-Bio","Sawai Singh Kumhar","Mohan Kanwar","Sawai Singh Kumhar","8769390592","8769390592","8769390592","Shastri Nagar, Sector 2, Barmer","Female","2009-03-18","General","Ashoka",false,false,"",48000,36000,12000,12000,"Active"
"SR-2024-2328","ADM-6328","PEN-RJ-2024-340154","Mahesh Gehlot","29","11th","11th","Science-Bio","11th - Science-Bio","Rikhabdas Gehlot","Geeta Devi","Rikhabdas Gehlot","8769416762","8769416762","8769416762","Sindhari Road, Near Bus Stand, Barmer","Male","2009-06-18","SC","Tagore",false,false,"",48000,0,48000,48000,"Active"
"SR-2024-2329","ADM-6329","PEN-RJ-2024-774696","Payal Verma","30","11th","11th","Science-Bio","11th - Science-Bio","Hanuman Ram Verma","Kamla Devi","Hanuman Ram Verma","9829304321","9829304321","9829304321","Plot 42, Civil Lines, Barmer","Female","2009-12-01","ST","Raman",true,true,"Route 4 (Mahaveer Nagar - Collectorate)",60000,0,60000,60000,"Active"
"SR-2024-2330","ADM-6330","PEN-RJ-2024-265844","Pabu Parihar","31","11th","11th","Science-Bio","11th - Science-Bio","Suresh Parihar","Chandra Kanwar","Suresh Parihar","9460865594","9460865594","9460865594","Shastri Nagar, Sector 2, Barmer","Male","2009-06-16","General","Tagore",false,false,"",48000,48000,0,0,"Active"
"SR-2024-2331","ADM-6331","PEN-RJ-2024-233326","Pushpendra Vyas","32","11th","11th","Science-Bio","11th - Science-Bio","Jabbar Singh Vyas","Manju","Jabbar Singh Vyas","9828551760","9828551760","9828551760","Shastri Nagar, Sector 2, Barmer","Male","2009-07-22","OBC","Tagore",false,false,"",48000,48000,0,0,"Active"
"SR-2024-2332","ADM-6332","PEN-RJ-2024-568336","Dinesh Bishnoi","33","11th","11th","Science-Bio","11th - Science-Bio","Parasmal Bishnoi","Rekha","Parasmal Bishnoi","9829971267","9829971267","9829971267","Laxmi Nagar, Street 3, Barmer","Male","2009-05-08","ST","Tagore",true,true,"Route 2 (Indira Colony - Shastri Nagar)",60000,30000,30000,30000,"Active"
"SR-2024-2333","ADM-6333","PEN-RJ-2024-741647","Vijay Meghwal","34","11th","11th","Science-Bio","11th - Science-Bio","Jethmal Meghwal","Sugan Kanwar","Jethmal Meghwal","9460121740","9460121740","9460121740","Opp. Collectorate, Mahaveer Nagar, Barmer","Male","2009-01-20","SC","Ashoka",false,false,"",48000,36000,12000,12000,"Active"
"SR-2024-2334","ADM-6334","PEN-RJ-2024-450575","Jethmal Vyas","35","11th","11th","Science-Bio","11th - Science-Bio","Jabbar Singh Vyas","Mohan Kanwar","Jabbar Singh Vyas","9460694198","9460694198","9460694198","Uttarlai Road, Near KV School, Barmer","Male","2009-03-22","SC","Tagore",false,false,"",48000,36000,12000,12000,"Active"
"SR-2024-2335","ADM-6335","PEN-RJ-2024-907706","Ravindra Vyas","36","11th","11th","Science-Bio","11th - Science-Bio","Mahendra Vyas","Manju","Mahendra Vyas","9828612121","9828612121","9828612121","Plot 42, Civil Lines, Barmer","Male","2009-04-26","ST","Raman",true,true,"Route 4 (Mahaveer Nagar - Collectorate)",60000,24000,36000,36000,"Active"
"SR-2024-2336","ADM-6336","PEN-RJ-2024-763920","Ajay Rajput","37","11th","11th","Science-Bio","11th - Science-Bio","Kalyan Singh Rajput","Sita Devi","Kalyan Singh Rajput","8769546589","8769546589","8769546589","Baytu Link Road, Barmer","Male","2009-11-27","SC","Ashoka",false,false,"",48000,36000,12000,12000,"Active"
"SR-2024-2337","ADM-6337","PEN-RJ-2024-879093","Nirmala Raika","38","11th","11th","Science-Bio","11th - Science-Bio","Kailash Raika","Durga Devi","Kailash Raika","8769283984","8769283984","8769283984","Opp. Collectorate, Mahaveer Nagar, Barmer","Female","2009-11-27","General","Shivaji",false,false,"",48000,0,48000,48000,"Active"
"SR-2024-2338","ADM-6338","PEN-RJ-2024-317597","Sonal Vyas","39","11th","11th","Science-Bio","11th - Science-Bio","Uttamchand Vyas","Manju","Uttamchand Vyas","9829793512","9829793512","9829793512","Kalyanpura, Barmer","Female","2009-07-17","SC","Ashoka",false,false,"",48000,48000,0,0,"Active"
"SR-2024-2339","ADM-6339","PEN-RJ-2024-919661","Kamla Bishnoi","40","11th","11th","Science-Bio","11th - Science-Bio","Chhagan Lal Bishnoi","Anand Kanwar","Chhagan Lal Bishnoi","9828257345","9828257345","9828257345","Rai Colony, Near Water Tank, Barmer","Female","2009-12-13","General","Tagore",true,true,"Route 5 (Chohtan Circle - Tilak Nagar)",60000,30000,30000,30000,"Active"
"SR-2024-2340","ADM-6340","PEN-RJ-2024-930708","Sneha Soni","41","11th","11th","Science-Bio","11th - Science-Bio","Nemichand Soni","Sunita","Nemichand Soni","9828100867","9828100867","9828100867","Nehru Nagar, Main Road, Barmer","Female","2009-04-21","General","Ashoka",true,true,"Route 6 (Uttarlai Road - Airforce Area)",60000,0,60000,60000,"Active"
"SR-2024-2341","ADM-6341","PEN-RJ-2024-533281","Pooja Rathore","42","11th","11th","Science-Bio","11th - Science-Bio","Bhawani Singh Rathore","Pushpa Devi","Bhawani Singh Rathore","9784991956","9784991956","9784991956","Indira Colony, Lane 4, Barmer","Female","2009-01-05","ST","Tagore",false,false,"",48000,19000,29000,29000,"Active"
"SR-2024-2342","ADM-6342","PEN-RJ-2024-113689","Prisha Mathur","01","11th","11th","Commerce-Arts","11th - Commerce-Arts","Mangi Lal Mathur","Kamla Devi","Mangi Lal Mathur","9414231084","9414231084","9414231084","Sindhari Road, Near Bus Stand, Barmer","Female","2009-06-17","SC","Shivaji",false,false,"",48000,0,48000,48000,"Active"
"SR-2024-2343","ADM-6343","PEN-RJ-2024-610043","Kajal Purohit","02","11th","11th","Commerce-Arts","11th - Commerce-Arts","Jabbar Singh Purohit","Sita Devi","Jabbar Singh Purohit","9829970030","9829970030","9829970030","Shastri Nagar, Sector 2, Barmer","Female","2009-03-27","OBC","Tagore",false,false,"",48000,29000,19000,19000,"Active"
"SR-2024-2344","ADM-6344","PEN-RJ-2024-256523","Pooja Bansal","03","11th","11th","Commerce-Arts","11th - Commerce-Arts","Ashok Bansal","Sayar Kanwar","Ashok Bansal","9828841913","9828841913","9828841913","Chohtan Circle, Highway Link, Barmer","Female","2009-01-17","ST","Tagore",true,true,"Route 8 (Rai Colony - Civil Lines)",60000,60000,0,0,"Active"
"SR-2024-2345","ADM-6345","PEN-RJ-2024-366940","Ritu Purohit","04","11th","11th","Commerce-Arts","11th - Commerce-Arts","Mohan Lal Purohit","Sugan Kanwar","Mohan Lal Purohit","9460319713","9460319713","9460319713","Sadar Bazaar, Near Old Fort, Barmer","Female","2009-10-14","OBC","Tagore",false,false,"",48000,48000,0,0,"Active"
"SR-2024-2346","ADM-6346","PEN-RJ-2024-603679","Manish Verma","05","11th","11th","Commerce-Arts","11th - Commerce-Arts","Jagdish Prasad Verma","Manju","Jagdish Prasad Verma","9784900981","9784900981","9784900981","Rai Colony, Near Water Tank, Barmer","Male","2009-10-14","SC","Shivaji",true,true,"Route 2 (Indira Colony - Shastri Nagar)",60000,0,60000,60000,"Active"
"SR-2024-2347","ADM-6347","PEN-RJ-2024-211642","Kavita Singhal","06","11th","11th","Commerce-Arts","11th - Commerce-Arts","Mohan Lal Singhal","Kanta Devi","Mohan Lal Singhal","9829627576","9829627576","9829627576","Station Road, Near Soni Dharmshala, Barmer","Female","2009-04-27","OBC","Ashoka",true,true,"Route 4 (Mahaveer Nagar - Collectorate)",60000,30000,30000,30000,"Active"
"SR-2024-2348","ADM-6348","PEN-RJ-2024-981561","Diya Mittal","07","11th","11th","Commerce-Arts","11th - Commerce-Arts","Sawai Singh Mittal","Sugan Kanwar","Sawai Singh Mittal","9414169048","9414169048","9414169048","Baytu Link Road, Barmer","Female","2009-03-03","ST","Raman",true,true,"Route 5 (Chohtan Circle - Tilak Nagar)",60000,0,60000,60000,"Active"
"SR-2024-2349","ADM-6349","PEN-RJ-2024-147674","Vikram Choudhary","08","11th","11th","Commerce-Arts","11th - Commerce-Arts","Khimraj Choudhary","Chandra Kanwar","Khimraj Choudhary","9414378044","9414378044","9414378044","Uttarlai Road, Near KV School, Barmer","Male","2009-02-06","SC","Tagore",true,true,"Route 7 (Sindhari Road - Kalyanpura)",60000,60000,0,0,"Active"
"SR-2024-2350","ADM-6350","PEN-RJ-2024-409361","Seema Lohar","09","11th","11th","Commerce-Arts","11th - Commerce-Arts","Sawai Singh Lohar","Laxmi Devi","Sawai Singh Lohar","9828687786","9828687786","9828687786","Station Road, Near Soni Dharmshala, Barmer","Female","2009-11-13","ST","Tagore",true,true,"Route 4 (Mahaveer Nagar - Collectorate)",60000,45000,15000,15000,"Active"
"SR-2024-2351","ADM-6351","PEN-RJ-2024-476824","Ansh Chauhan","10","11th","11th","Commerce-Arts","11th - Commerce-Arts","Jabbar Singh Chauhan","Anita","Jabbar Singh Chauhan","9784618924","9784618924","9784618924","Uttarlai Road, Near KV School, Barmer","Male","2009-05-26","SC","Ashoka",false,false,"",48000,0,48000,48000,"Active"
"SR-2024-2352","ADM-6352","PEN-RJ-2024-183273","Durga Goyal","11","11th","11th","Commerce-Arts","11th - Commerce-Arts","Sumer Singh Goyal","Sayar Kanwar","Sumer Singh Goyal","9460320335","9460320335","9460320335","Plot 42, Civil Lines, Barmer","Female","2009-06-03","OBC","Raman",false,false,"",48000,29000,19000,19000,"Active"
"SR-2024-2353","ADM-6353","PEN-RJ-2024-988261","Pratap Lohar","12","11th","11th","Commerce-Arts","11th - Commerce-Arts","Hanuman Ram Lohar","Urmila","Hanuman Ram Lohar","9829557766","9829557766","9829557766","Panch Batti Circle, Barmer","Male","2009-04-13","SC","Raman",false,false,"",48000,0,48000,48000,"Active"
"SR-2024-2354","ADM-6354","PEN-RJ-2024-505828","Dhruv Gaur","13","11th","11th","Commerce-Arts","11th - Commerce-Arts","Sumer Singh Gaur","Sunita","Sumer Singh Gaur","8769430310","8769430310","8769430310","Uttarlai Road, Near KV School, Barmer","Male","2009-06-27","SC","Ashoka",true,true,"Route 5 (Chohtan Circle - Tilak Nagar)",60000,36000,24000,24000,"Active"
"SR-2024-2355","ADM-6355","PEN-RJ-2024-448468","Ira Purohit","14","11th","11th","Commerce-Arts","11th - Commerce-Arts","Vimalchand Purohit","Bhanwar Kanwar","Vimalchand Purohit","9828487065","9828487065","9828487065","Indira Colony, Lane 4, Barmer","Female","2009-01-03","ST","Tagore",true,true,"Route 7 (Sindhari Road - Kalyanpura)",60000,60000,0,0,"Active"
"SR-2024-2356","ADM-6356","PEN-RJ-2024-890766","Kamlesh Gupta","15","11th","11th","Commerce-Arts","11th - Commerce-Arts","Sawai Singh Gupta","Anand Kanwar","Sawai Singh Gupta","9414507990","9414507990","9414507990","Khatan Kocha, Inside City, Barmer","Male","2009-02-28","ST","Shivaji",false,false,"",48000,0,48000,48000,"Active"
"SR-2024-2357","ADM-6357","PEN-RJ-2024-639273","Divya Solanki","16","11th","11th","Commerce-Arts","11th - Commerce-Arts","Jabbar Singh Solanki","Manju","Jabbar Singh Solanki","8769242268","8769242268","8769242268","Indira Colony, Lane 4, Barmer","Female","2009-09-02","ST","Shivaji",false,false,"",48000,48000,0,0,"Active"
"SR-2024-2358","ADM-6358","PEN-RJ-2024-112015","Rakesh Chauhan","17","11th","11th","Commerce-Arts","11th - Commerce-Arts","Nemichand Chauhan","Meenakshi","Nemichand Chauhan","8769850205","8769850205","8769850205","Baldev Nagar, Near Ratan Singh Circle, Barmer","Male","2009-04-05","General","Raman",true,true,"Route 3 (Station Road - Sadar Bazaar)",60000,30000,30000,30000,"Active"
"SR-2024-2359","ADM-6359","PEN-RJ-2024-254137","Chhavi Sharma","18","11th","11th","Commerce-Arts","11th - Commerce-Arts","Pabu Ram Sharma","Nirmala","Pabu Ram Sharma","9414877690","9414877690","9414877690","Chohtan Circle, Highway Link, Barmer","Female","2009-12-15","ST","Shivaji",false,false,"",48000,24000,24000,24000,"Active"
"SR-2024-2360","ADM-6360","PEN-RJ-2024-755688","Surendra Jangid","19","11th","11th","Commerce-Arts","11th - Commerce-Arts","Tarachand Jangid","Durga Devi","Tarachand Jangid","9828575008","9828575008","9828575008","Baldev Nagar, Near Ratan Singh Circle, Barmer","Male","2009-08-05","ST","Raman",true,true,"Route 5 (Chohtan Circle - Tilak Nagar)",60000,60000,0,0,"Active"
"SR-2024-2361","ADM-6361","PEN-RJ-2024-976424","Kavya Rathore","20","11th","11th","Commerce-Arts","11th - Commerce-Arts","Kalyan Singh Rathore","Rukmani Devi","Kalyan Singh Rathore","9414918101","9414918101","9414918101","Sadar Bazaar, Near Old Fort, Barmer","Female","2009-09-03","OBC","Shivaji",false,false,"",48000,48000,0,0,"Active"
"SR-2024-2362","ADM-6362","PEN-RJ-2024-203459","Rampal Bansal","21","11th","11th","Commerce-Arts","11th - Commerce-Arts","Mangi Lal Bansal","Meenakshi","Mangi Lal Bansal","9828117806","9828117806","9828117806","Station Road, Near Soni Dharmshala, Barmer","Male","2009-08-22","General","Shivaji",false,false,"",48000,48000,0,0,"Active"
"SR-2024-2363","ADM-6363","PEN-RJ-2024-609352","Surendra Joshi","22","11th","11th","Commerce-Arts","11th - Commerce-Arts","Bhagwan Das Joshi","Anand Kanwar","Bhagwan Das Joshi","8769936533","8769936533","8769936533","Plot 42, Civil Lines, Barmer","Male","2009-10-10","SC","Shivaji",false,false,"",48000,0,48000,48000,"Active"
"SR-2024-2364","ADM-6364","PEN-RJ-2024-812812","Anvi Chauhan","23","11th","11th","Commerce-Arts","11th - Commerce-Arts","Rajesh Chauhan","Sharda","Rajesh Chauhan","9784567240","9784567240","9784567240","Sadar Bazaar, Near Old Fort, Barmer","Female","2009-09-04","OBC","Shivaji",true,true,"Route 1 (Baldev Nagar - Ratan Singh Circle)",60000,0,60000,60000,"Active"
"SR-2024-2365","ADM-6365","PEN-RJ-2024-869426","Gajendra Gupta","24","11th","11th","Commerce-Arts","11th - Commerce-Arts","Hanuman Ram Gupta","Sayar Kanwar","Hanuman Ram Gupta","9414938826","9414938826","9414938826","Shastri Nagar, Sector 2, Barmer","Male","2009-02-03","ST","Tagore",true,true,"Route 7 (Sindhari Road - Kalyanpura)",60000,60000,0,0,"Active"
"SR-2024-2366","ADM-6366","PEN-RJ-2024-610763","Tejpal Choudhary","25","11th","11th","Commerce-Arts","11th - Commerce-Arts","Sumer Singh Choudhary","Urmila","Sumer Singh Choudhary","9414650546","9414650546","9414650546","Ramsar Road, Barmer","Male","2009-12-24","SC","Ashoka",true,true,"Route 3 (Station Road - Sadar Bazaar)",60000,0,60000,60000,"Active"
"SR-2024-2367","ADM-6367","PEN-RJ-2024-447332","Angel Goyal","26","11th","11th","Commerce-Arts","11th - Commerce-Arts","Ram Chandra Goyal","Kamla Devi","Ram Chandra Goyal","9829852102","9829852102","9829852102","Khatan Kocha, Inside City, Barmer","Female","2009-05-23","ST","Shivaji",false,false,"",48000,24000,24000,24000,"Active"
"SR-2024-2368","ADM-6368","PEN-RJ-2024-142600","Arnav Lohar","27","11th","11th","Commerce-Arts","11th - Commerce-Arts","Bhanwar Singh Lohar","Chandra Kanwar","Bhanwar Singh Lohar","9460969993","9460969993","9460969993","Chohtan Circle, Highway Link, Barmer","Male","2009-08-07","SC","Shivaji",false,false,"",48000,24000,24000,24000,"Active"
"SR-2024-2369","ADM-6369","PEN-RJ-2024-456871","Deepak Dadhich","28","11th","11th","Commerce-Arts","11th - Commerce-Arts","Jabbar Singh Dadhich","Sushila","Jabbar Singh Dadhich","9414269709","9414269709","9414269709","Plot 42, Civil Lines, Barmer","Male","2009-05-01","General","Shivaji",true,true,"Route 4 (Mahaveer Nagar - Collectorate)",60000,30000,30000,30000,"Active"
"SR-2024-2370","ADM-6370","PEN-RJ-2024-988433","Ira Dave","29","11th","11th","Commerce-Arts","11th - Commerce-Arts","Manak Chand Dave","Parvati Devi","Manak Chand Dave","8769297656","8769297656","8769297656","Nehru Nagar, Main Road, Barmer","Female","2009-07-28","General","Ashoka",false,false,"",48000,0,48000,48000,"Active"
"SR-2024-2371","ADM-6371","PEN-RJ-2024-526186","Kamlesh Dadhich","30","11th","11th","Commerce-Arts","11th - Commerce-Arts","Rajesh Dadhich","Sayar Kanwar","Rajesh Dadhich","9828653887","9828653887","9828653887","Plot 42, Civil Lines, Barmer","Male","2009-01-09","ST","Raman",false,false,"",48000,24000,24000,24000,"Active"
"SR-2024-2372","ADM-6372","PEN-RJ-2024-773937","Kiran Maheshwari","31","11th","11th","Commerce-Arts","11th - Commerce-Arts","Ashok Maheshwari","Parvati Devi","Ashok Maheshwari","8769952034","8769952034","8769952034","Station Road, Near Soni Dharmshala, Barmer","Female","2009-11-03","OBC","Raman",true,true,"Route 2 (Indira Colony - Shastri Nagar)",60000,0,60000,60000,"Active"
"SR-2024-2373","ADM-6373","PEN-RJ-2024-276377","Sohan Joshi","32","11th","11th","Commerce-Arts","11th - Commerce-Arts","Pabu Ram Joshi","Kamla Devi","Pabu Ram Joshi","9828446660","9828446660","9828446660","Plot 42, Civil Lines, Barmer","Male","2009-08-28","SC","Raman",false,false,"",48000,29000,19000,19000,"Active"
"SR-2024-2374","ADM-6374","PEN-RJ-2024-100676","Ravindra Soni","33","11th","11th","Commerce-Arts","11th - Commerce-Arts","Bhagwan Das Soni","Anand Kanwar","Bhagwan Das Soni","9829736826","9829736826","9829736826","Indira Colony, Lane 4, Barmer","Male","2009-05-23","OBC","Tagore",false,false,"",48000,48000,0,0,"Active"
"SR-2024-2375","ADM-6375","PEN-RJ-2024-637962","Mangi Choudhary","34","11th","11th","Commerce-Arts","11th - Commerce-Arts","Rikhabdas Choudhary","Savitri Devi","Rikhabdas Choudhary","9828736367","9828736367","9828736367","Panch Batti Circle, Barmer","Male","2009-01-10","General","Ashoka",false,false,"",48000,48000,0,0,"Active"
"SR-2024-2376","ADM-6376","PEN-RJ-2024-139650","Narpat Choudhary","35","11th","11th","Commerce-Arts","11th - Commerce-Arts","Bhawani Singh Choudhary","Sugan Kanwar","Bhawani Singh Choudhary","9414423606","9414423606","9414423606","Baldev Nagar, Near Ratan Singh Circle, Barmer","Male","2009-03-13","General","Tagore",false,false,"",48000,24000,24000,24000,"Active"
"SR-2024-2377","ADM-6377","PEN-RJ-2024-607085","Usha Suthar","36","11th","11th","Commerce-Arts","11th - Commerce-Arts","Loonkaran Suthar","Urmila","Loonkaran Suthar","9460669145","9460669145","9460669145","Indira Colony, Lane 4, Barmer","Female","2009-02-26","SC","Tagore",true,true,"Route 3 (Station Road - Sadar Bazaar)",60000,30000,30000,30000,"Active"
"SR-2024-2378","ADM-6378","PEN-RJ-2024-433466","Narendra Charan","37","11th","11th","Commerce-Arts","11th - Commerce-Arts","Hanuman Ram Charan","Chandra Kanwar","Hanuman Ram Charan","9784463518","9784463518","9784463518","Laxmi Nagar, Street 3, Barmer","Male","2009-05-05","ST","Ashoka",true,true,"Route 1 (Baldev Nagar - Ratan Singh Circle)",60000,24000,36000,36000,"Active"
"SR-2024-2379","ADM-6379","PEN-RJ-2024-256972","Prisha Shekhawat","38","11th","11th","Commerce-Arts","11th - Commerce-Arts","Sumer Singh Shekhawat","Savitri Devi","Sumer Singh Shekhawat","8769158692","8769158692","8769158692","Plot 42, Civil Lines, Barmer","Female","2009-05-19","SC","Shivaji",false,false,"",48000,19000,29000,29000,"Active"
"SR-2024-2380","ADM-6380","PEN-RJ-2024-357998","Muhammad Jain","39","11th","11th","Commerce-Arts","11th - Commerce-Arts","Jabbar Singh Jain","Anand Kanwar","Jabbar Singh Jain","8769644946","8769644946","8769644946","Indira Colony, Lane 4, Barmer","Male","2009-02-12","ST","Shivaji",false,false,"",48000,19000,29000,29000,"Active"
"SR-2024-2381","ADM-6381","PEN-RJ-2024-211565","Ram Shekhawat","40","11th","11th","Commerce-Arts","11th - Commerce-Arts","Sawai Singh Shekhawat","Manju","Sawai Singh Shekhawat","9829953673","9829953673","9829953673","Shastri Nagar, Sector 2, Barmer","Male","2009-05-03","OBC","Raman",false,false,"",48000,24000,24000,24000,"Active"
"SR-2024-2382","ADM-6382","PEN-RJ-2024-135918","Muskan Singhal","41","11th","11th","Commerce-Arts","11th - Commerce-Arts","Shaitan Singh Singhal","Rukmani Devi","Shaitan Singh Singhal","9829966810","9829966810","9829966810","Khatan Kocha, Inside City, Barmer","Female","2009-01-21","ST","Shivaji",true,true,"Route 1 (Baldev Nagar - Ratan Singh Circle)",60000,60000,0,0,"Active"
"SR-2024-2383","ADM-6383","PEN-RJ-2024-942855","Hanuman Rathore","42","11th","11th","Commerce-Arts","11th - Commerce-Arts","Mangi Lal Rathore","Shanti Devi","Mangi Lal Rathore","9828315488","9828315488","9828315488","Sindhari Road, Near Bus Stand, Barmer","Male","2009-03-01","OBC","Shivaji",false,false,"",48000,48000,0,0,"Active"
"SR-2024-2384","ADM-6384","PEN-RJ-2024-862018","Deepika Gupta","01","12th","12th","Science-Maths","12th - Science-Maths","Parasmal Gupta","Urmila","Parasmal Gupta","9414236193","9414236193","9414236193","Baldev Nagar, Near Ratan Singh Circle, Barmer","Female","2008-12-25","ST","Tagore",false,false,"",48000,0,48000,48000,"Active"
"SR-2024-2385","ADM-6385","PEN-RJ-2024-149203","Savitri Shekhawat","02","12th","12th","Science-Maths","12th - Science-Maths","Khimraj Shekhawat","Pushpa Devi","Khimraj Shekhawat","8769987406","8769987406","8769987406","Opp. Collectorate, Mahaveer Nagar, Barmer","Female","2008-03-25","General","Tagore",false,false,"",48000,48000,0,0,"Active"
"SR-2024-2386","ADM-6386","PEN-RJ-2024-357591","Gayatri Agarwal","03","12th","12th","Science-Maths","12th - Science-Maths","Kailash Agarwal","Anita","Kailash Agarwal","9414818580","9414818580","9414818580","Shastri Nagar, Sector 2, Barmer","Female","2008-02-19","OBC","Tagore",false,false,"",48000,24000,24000,24000,"Active"
"SR-2024-2387","ADM-6387","PEN-RJ-2024-305844","Ananya Gaur","04","12th","12th","Science-Maths","12th - Science-Maths","Sohan Lal Gaur","Anita","Sohan Lal Gaur","8769653546","8769653546","8769653546","Ramsar Road, Barmer","Female","2008-06-18","General","Shivaji",true,true,"Route 3 (Station Road - Sadar Bazaar)",60000,24000,36000,36000,"Active"
"SR-2024-2388","ADM-6388","PEN-RJ-2024-998398","Atharv Shekhawat","05","12th","12th","Science-Maths","12th - Science-Maths","Dungar Ram Shekhawat","Gulab Kanwar","Dungar Ram Shekhawat","9828893601","9828893601","9828893601","Jasol Road, Balotra Highway, Barmer","Male","2008-01-11","SC","Tagore",true,true,"Route 8 (Rai Colony - Civil Lines)",60000,30000,30000,30000,"Active"
"SR-2024-2389","ADM-6389","PEN-RJ-2024-846434","Lokendra Bishnoi","06","12th","12th","Science-Maths","12th - Science-Maths","Kalyan Singh Bishnoi","Pooja","Kalyan Singh Bishnoi","9414837791","9414837791","9414837791","Ramsar Road, Barmer","Male","2008-09-09","SC","Tagore",true,true,"Route 1 (Baldev Nagar - Ratan Singh Circle)",60000,30000,30000,30000,"Active"
"SR-2024-2390","ADM-6390","PEN-RJ-2024-675295","Sunita Gaur","07","12th","12th","Science-Maths","12th - Science-Maths","Ramesh Chand Gaur","Rukmani Devi","Ramesh Chand Gaur","9414564419","9414564419","9414564419","Sindhari Road, Near Bus Stand, Barmer","Female","2008-01-07","OBC","Ashoka",false,false,"",48000,0,48000,48000,"Active"
"SR-2024-2391","ADM-6391","PEN-RJ-2024-902353","Priyanka Trivedi","08","12th","12th","Science-Maths","12th - Science-Maths","Parasmal Trivedi","Prem Kanwar","Parasmal Trivedi","9414986223","9414986223","9414986223","Sadar Bazaar, Near Old Fort, Barmer","Female","2008-02-15","SC","Ashoka",true,true,"Route 1 (Baldev Nagar - Ratan Singh Circle)",60000,36000,24000,24000,"Active"
"SR-2024-2392","ADM-6392","PEN-RJ-2024-827344","Advik Mittal","09","12th","12th","Science-Maths","12th - Science-Maths","Tarachand Mittal","Anand Kanwar","Tarachand Mittal","9784182525","9784182525","9784182525","Kalyanpura, Barmer","Male","2008-12-03","OBC","Ashoka",false,false,"",48000,48000,0,0,"Active"
"SR-2024-2393","ADM-6393","PEN-RJ-2024-511564","Durga Panwar","10","12th","12th","Science-Maths","12th - Science-Maths","Sohan Lal Panwar","Gulab Kanwar","Sohan Lal Panwar","9460473277","9460473277","9460473277","Kalyanpura, Barmer","Female","2008-06-02","SC","Tagore",false,false,"",48000,36000,12000,12000,"Active"
"SR-2024-2394","ADM-6394","PEN-RJ-2024-811791","Sita Solanki","11","12th","12th","Science-Maths","12th - Science-Maths","Jagdish Prasad Solanki","Pushpa Devi","Jagdish Prasad Solanki","9784506807","9784506807","9784506807","Kalyanpura, Barmer","Female","2008-11-17","SC","Shivaji",false,false,"",48000,48000,0,0,"Active"
"SR-2024-2395","ADM-6395","PEN-RJ-2024-512995","Durga Bansal","12","12th","12th","Science-Maths","12th - Science-Maths","Narpat Singh Bansal","Meenakshi","Narpat Singh Bansal","9414402046","9414402046","9414402046","Jasol Road, Balotra Highway, Barmer","Female","2008-11-18","General","Shivaji",false,false,"",48000,36000,12000,12000,"Active"
"SR-2024-2396","ADM-6396","PEN-RJ-2024-992084","Laxman Chauhan","13","12th","12th","Science-Maths","12th - Science-Maths","Loonkaran Chauhan","Chandra Kanwar","Loonkaran Chauhan","9784385867","9784385867","9784385867","Shastri Nagar, Sector 2, Barmer","Male","2008-05-27","OBC","Ashoka",true,true,"Route 1 (Baldev Nagar - Ratan Singh Circle)",60000,0,60000,60000,"Active"
"SR-2024-2397","ADM-6397","PEN-RJ-2024-229919","Sunil Parihar","14","12th","12th","Science-Maths","12th - Science-Maths","Dungar Ram Parihar","Anand Kanwar","Dungar Ram Parihar","8769116027","8769116027","8769116027","Chohtan Circle, Highway Link, Barmer","Male","2008-07-27","ST","Ashoka",false,false,"",48000,48000,0,0,"Active"
"SR-2024-2398","ADM-6398","PEN-RJ-2024-534621","Manak Jain","15","12th","12th","Science-Maths","12th - Science-Maths","Suresh Jain","Meenakshi","Suresh Jain","9829371405","9829371405","9829371405","Sadar Bazaar, Near Old Fort, Barmer","Male","2008-06-13","SC","Raman",false,false,"",48000,24000,24000,24000,"Active"
"SR-2024-2399","ADM-6399","PEN-RJ-2024-665867","Advik Jain","16","12th","12th","Science-Maths","12th - Science-Maths","Uttamchand Jain","Parvati Devi","Uttamchand Jain","9828967268","9828967268","9828967268","Panch Batti Circle, Barmer","Male","2008-01-22","ST","Shivaji",false,false,"",48000,48000,0,0,"Active"
"SR-2024-2400","ADM-6400","PEN-RJ-2024-187443","Anita Suthar","17","12th","12th","Science-Maths","12th - Science-Maths","Bhanwar Singh Suthar","Manju","Bhanwar Singh Suthar","9828102803","9828102803","9828102803","Station Road, Near Soni Dharmshala, Barmer","Female","2008-07-06","SC","Ashoka",false,false,"",48000,36000,12000,12000,"Active"
"SR-2024-2401","ADM-6401","PEN-RJ-2024-569522","Rampal Sharma","18","12th","12th","Science-Maths","12th - Science-Maths","Sawai Singh Sharma","Parvati Devi","Sawai Singh Sharma","9414211683","9414211683","9414211683","Station Road, Near Soni Dharmshala, Barmer","Male","2008-09-02","ST","Ashoka",false,false,"",48000,0,48000,48000,"Active"
"SR-2024-2402","ADM-6402","PEN-RJ-2024-461559","Nirmala Rajput","19","12th","12th","Science-Maths","12th - Science-Maths","Tarachand Rajput","Sunita","Tarachand Rajput","9784781533","9784781533","9784781533","Shastri Nagar, Sector 2, Barmer","Female","2008-07-15","SC","Tagore",false,false,"",48000,48000,0,0,"Active"
"SR-2024-2403","ADM-6403","PEN-RJ-2024-274451","Jaideep Jain","20","12th","12th","Science-Maths","12th - Science-Maths","Shaitan Singh Jain","Bhanwar Kanwar","Shaitan Singh Jain","9829431371","9829431371","9829431371","Indira Colony, Lane 4, Barmer","Male","2008-05-01","SC","Shivaji",true,true,"Route 1 (Baldev Nagar - Ratan Singh Circle)",60000,60000,0,0,"Active"
"SR-2024-2404","ADM-6404","PEN-RJ-2024-908625","Kabir Rathore","21","12th","12th","Science-Maths","12th - Science-Maths","Bhagwan Das Rathore","Gulab Kanwar","Bhagwan Das Rathore","9414971050","9414971050","9414971050","Station Road, Near Soni Dharmshala, Barmer","Male","2008-02-15","ST","Raman",false,false,"",48000,0,48000,48000,"Active"
"SR-2024-2405","ADM-6405","PEN-RJ-2024-255793","Dev Lohar","22","12th","12th","Science-Maths","12th - Science-Maths","Tarachand Lohar","Anita","Tarachand Lohar","9828713032","9828713032","9828713032","Nehru Nagar, Main Road, Barmer","Male","2008-04-02","SC","Ashoka",true,true,"Route 2 (Indira Colony - Shastri Nagar)",60000,36000,24000,24000,"Active"
"SR-2024-2406","ADM-6406","PEN-RJ-2024-828396","Kuldeep Mathur","23","12th","12th","Science-Maths","12th - Science-Maths","Parasmal Mathur","Shanti Devi","Parasmal Mathur","9829676303","9829676303","9829676303","Station Road, Near Soni Dharmshala, Barmer","Male","2008-05-19","SC","Shivaji",true,true,"Route 4 (Mahaveer Nagar - Collectorate)",60000,60000,0,0,"Active"
"SR-2024-2407","ADM-6407","PEN-RJ-2024-728883","Ronit Soni","24","12th","12th","Science-Maths","12th - Science-Maths","Mahendra Soni","Shanti Devi","Mahendra Soni","8769588923","8769588923","8769588923","Rai Colony, Near Water Tank, Barmer","Male","2008-10-10","General","Tagore",false,false,"",48000,0,48000,48000,"Active"
"SR-2024-2408","ADM-6408","PEN-RJ-2024-352832","Sapna Goyal","25","12th","12th","Science-Maths","12th - Science-Maths","Narpat Singh Goyal","Prem Kanwar","Narpat Singh Goyal","9828488727","9828488727","9828488727","Plot 42, Civil Lines, Barmer","Female","2008-10-17","ST","Raman",false,false,"",48000,29000,19000,19000,"Active"
"SR-2024-2409","ADM-6409","PEN-RJ-2024-512004","Anaya Charan","26","12th","12th","Science-Maths","12th - Science-Maths","Bhawani Singh Charan","Prem Kanwar","Bhawani Singh Charan","9828925557","9828925557","9828925557","Indira Colony, Lane 4, Barmer","Female","2008-07-06","SC","Raman",true,true,"Route 8 (Rai Colony - Civil Lines)",60000,45000,15000,15000,"Active"
"SR-2024-2410","ADM-6410","PEN-RJ-2024-712797","Sandeep Choudhary","27","12th","12th","Science-Maths","12th - Science-Maths","Bhagwan Das Choudhary","Parvati Devi","Bhagwan Das Choudhary","9784331538","9784331538","9784331538","Tilak Nagar, Barmer","Male","2008-09-05","General","Tagore",true,true,"Route 7 (Sindhari Road - Kalyanpura)",60000,0,60000,60000,"Active"
"SR-2024-2411","ADM-6411","PEN-RJ-2024-978181","Devendra Choudhary","28","12th","12th","Science-Maths","12th - Science-Maths","Jabbar Singh Choudhary","Rekha","Jabbar Singh Choudhary","9784691197","9784691197","9784691197","Indira Colony, Lane 4, Barmer","Male","2008-08-14","SC","Shivaji",false,false,"",48000,19000,29000,29000,"Active"
"SR-2024-2412","ADM-6412","PEN-RJ-2024-990194","Laxman Agarwal","29","12th","12th","Science-Maths","12th - Science-Maths","Bhanwar Singh Agarwal","Parvati Devi","Bhanwar Singh Agarwal","9784843425","9784843425","9784843425","Tilak Nagar, Barmer","Male","2008-07-11","SC","Ashoka",false,false,"",48000,0,48000,48000,"Active"
"SR-2024-2413","ADM-6413","PEN-RJ-2024-411919","Sahil Gupta","30","12th","12th","Science-Maths","12th - Science-Maths","Chhagan Lal Gupta","Prem Kanwar","Chhagan Lal Gupta","9784948209","9784948209","9784948209","Station Road, Near Soni Dharmshala, Barmer","Male","2008-08-02","General","Tagore",false,false,"",48000,36000,12000,12000,"Active"
"SR-2024-2414","ADM-6414","PEN-RJ-2024-858914","Payal Trivedi","31","12th","12th","Science-Maths","12th - Science-Maths","Kalyan Singh Trivedi","Kanta Devi","Kalyan Singh Trivedi","9829830960","9829830960","9829830960","Sindhari Road, Near Bus Stand, Barmer","Female","2008-01-20","OBC","Ashoka",false,false,"",48000,36000,12000,12000,"Active"
"SR-2024-2415","ADM-6415","PEN-RJ-2024-273052","Mandeep Dewasi","32","12th","12th","Science-Maths","12th - Science-Maths","Kailash Dewasi","Pushpa Devi","Kailash Dewasi","9829229912","9829229912","9829229912","Nehru Nagar, Main Road, Barmer","Male","2008-04-13","SC","Ashoka",false,false,"",48000,0,48000,48000,"Active"
"SR-2024-2416","ADM-6416","PEN-RJ-2024-980351","Kailash Shekhawat","33","12th","12th","Science-Maths","12th - Science-Maths","Dinesh Shekhawat","Prem Kanwar","Dinesh Shekhawat","9460805703","9460805703","9460805703","Opp. Collectorate, Mahaveer Nagar, Barmer","Male","2008-06-17","General","Raman",false,false,"",48000,0,48000,48000,"Active"
"SR-2024-2417","ADM-6417","PEN-RJ-2024-295625","Myra Bhati","34","12th","12th","Science-Maths","12th - Science-Maths","Bhanwar Singh Bhati","Chandra Kanwar","Bhanwar Singh Bhati","9829469712","9829469712","9829469712","Baldev Nagar, Near Ratan Singh Circle, Barmer","Female","2008-01-26","OBC","Tagore",false,false,"",48000,0,48000,48000,"Active"
"SR-2024-2418","ADM-6418","PEN-RJ-2024-191311","Jagdish Bishnoi","35","12th","12th","Science-Maths","12th - Science-Maths","Gopal Bishnoi","Sunita","Gopal Bishnoi","9784900885","9784900885","9784900885","Sindhari Road, Near Bus Stand, Barmer","Male","2008-10-05","General","Ashoka",false,false,"",48000,29000,19000,19000,"Active"
"SR-2024-2419","ADM-6419","PEN-RJ-2024-928635","Ansh Sharma","36","12th","12th","Science-Maths","12th - Science-Maths","Roopa Ram Sharma","Geeta Devi","Roopa Ram Sharma","9828816609","9828816609","9828816609","Shastri Nagar, Sector 2, Barmer","Male","2008-03-06","OBC","Ashoka",false,false,"",48000,48000,0,0,"Active"
"SR-2024-2420","ADM-6420","PEN-RJ-2024-343172","Sahil Solanki","37","12th","12th","Science-Maths","12th - Science-Maths","Dungar Ram Solanki","Sushila","Dungar Ram Solanki","8769123204","8769123204","8769123204","Panch Batti Circle, Barmer","Male","2008-02-05","ST","Tagore",true,true,"Route 8 (Rai Colony - Civil Lines)",60000,60000,0,0,"Active"
"SR-2024-2421","ADM-6421","PEN-RJ-2024-710031","Jaipal Chauhan","38","12th","12th","Science-Maths","12th - Science-Maths","Shaitan Singh Chauhan","Rekha","Shaitan Singh Chauhan","9828985029","9828985029","9828985029","Jasol Road, Balotra Highway, Barmer","Male","2008-06-16","General","Tagore",false,false,"",48000,48000,0,0,"Active"
"SR-2024-2422","ADM-6422","PEN-RJ-2024-616104","Atharv Mittal","39","12th","12th","Science-Maths","12th - Science-Maths","Manak Chand Mittal","Anand Kanwar","Manak Chand Mittal","8769917966","8769917966","8769917966","Tilak Nagar, Barmer","Male","2008-06-09","ST","Shivaji",false,false,"",48000,36000,12000,12000,"Active"
"SR-2024-2423","ADM-6423","PEN-RJ-2024-409254","Mangi Bansal","40","12th","12th","Science-Maths","12th - Science-Maths","Nemichand Bansal","Manju","Nemichand Bansal","9828229051","9828229051","9828229051","Baytu Link Road, Barmer","Male","2008-05-16","SC","Raman",false,false,"",48000,29000,19000,19000,"Active"
"SR-2024-2424","ADM-6424","PEN-RJ-2024-851243","Ramesh Panwar","01","12th","12th","Science-Bio","12th - Science-Bio","Jagdish Prasad Panwar","Sugan Kanwar","Jagdish Prasad Panwar","9828824597","9828824597","9828824597","Baytu Link Road, Barmer","Male","2008-05-18","ST","Ashoka",false,false,"",48000,36000,12000,12000,"Active"
"SR-2024-2425","ADM-6425","PEN-RJ-2024-237389","Shaurya Charan","02","12th","12th","Science-Bio","12th - Science-Bio","Kalyan Singh Charan","Rekha","Kalyan Singh Charan","9828322157","9828322157","9828322157","Khatan Kocha, Inside City, Barmer","Male","2008-04-09","ST","Tagore",true,true,"Route 6 (Uttarlai Road - Airforce Area)",60000,60000,0,0,"Active"
"SR-2024-2426","ADM-6426","PEN-RJ-2024-329806","Pihu Dadhich","03","12th","12th","Science-Bio","12th - Science-Bio","Dinesh Dadhich","Savitri Devi","Dinesh Dadhich","9414888380","9414888380","9414888380","Plot 42, Civil Lines, Barmer","Female","2008-09-23","OBC","Raman",false,false,"",48000,24000,24000,24000,"Active"
"SR-2024-2427","ADM-6427","PEN-RJ-2024-252101","Dungar Suthar","04","12th","12th","Science-Bio","12th - Science-Bio","Kailash Suthar","Meenakshi","Kailash Suthar","9784236794","9784236794","9784236794","Rai Colony, Near Water Tank, Barmer","Male","2008-06-17","OBC","Raman",true,true,"Route 7 (Sindhari Road - Kalyanpura)",60000,45000,15000,15000,"Active"
"SR-2024-2428","ADM-6428","PEN-RJ-2024-728007","Vimla Joshi","05","12th","12th","Science-Bio","12th - Science-Bio","Dungar Ram Joshi","Geeta Devi","Dungar Ram Joshi","9784887755","9784887755","9784887755","Nehru Nagar, Main Road, Barmer","Female","2008-10-25","SC","Ashoka",false,false,"",48000,48000,0,0,"Active"
"SR-2024-2429","ADM-6429","PEN-RJ-2024-644881","Dharampal Maheshwari","06","12th","12th","Science-Bio","12th - Science-Bio","Kailash Maheshwari","Rukmani Devi","Kailash Maheshwari","9414696962","9414696962","9414696962","Baytu Link Road, Barmer","Male","2008-11-11","SC","Ashoka",false,false,"",48000,0,48000,48000,"Active"
"SR-2024-2430","ADM-6430","PEN-RJ-2024-678236","Sita Chauhan","07","12th","12th","Science-Bio","12th - Science-Bio","Suresh Chauhan","Durga Devi","Suresh Chauhan","9414724321","9414724321","9414724321","Chohtan Circle, Highway Link, Barmer","Female","2008-07-23","ST","Tagore",false,false,"",48000,0,48000,48000,"Active"
"SR-2024-2431","ADM-6431","PEN-RJ-2024-689492","Seema Bishnoi","08","12th","12th","Science-Bio","12th - Science-Bio","Dungar Ram Bishnoi","Kamla Devi","Dungar Ram Bishnoi","9829611947","9829611947","9829611947","Panch Batti Circle, Barmer","Female","2008-10-24","ST","Ashoka",false,false,"",48000,29000,19000,19000,"Active"
"SR-2024-2432","ADM-6432","PEN-RJ-2024-850366","Kavya Dave","09","12th","12th","Science-Bio","12th - Science-Bio","Ramesh Chand Dave","Urmila","Ramesh Chand Dave","9414352212","9414352212","9414352212","Uttarlai Road, Near KV School, Barmer","Female","2008-11-26","SC","Shivaji",true,true,"Route 4 (Mahaveer Nagar - Collectorate)",60000,24000,36000,36000,"Active"
"SR-2024-2433","ADM-6433","PEN-RJ-2024-298183","Dinesh Sharma","10","12th","12th","Science-Bio","12th - Science-Bio","Dinesh Sharma","Rekha","Dinesh Sharma","8769971034","8769971034","8769971034","Baldev Nagar, Near Ratan Singh Circle, Barmer","Male","2008-04-11","General","Shivaji",false,false,"",48000,0,48000,48000,"Active"
"SR-2024-2434","ADM-6434","PEN-RJ-2024-460012","Bhupendra Rathore","11","12th","12th","Science-Bio","12th - Science-Bio","Pabu Ram Rathore","Meenakshi","Pabu Ram Rathore","9414524938","9414524938","9414524938","Nehru Nagar, Main Road, Barmer","Male","2008-01-26","ST","Shivaji",false,false,"",48000,19000,29000,29000,"Active"
"SR-2024-2435","ADM-6435","PEN-RJ-2024-526624","Mandeep Solanki","12","12th","12th","Science-Bio","12th - Science-Bio","Narpat Singh Solanki","Rukmani Devi","Narpat Singh Solanki","9829280915","9829280915","9829280915","Sadar Bazaar, Near Old Fort, Barmer","Male","2008-05-11","OBC","Shivaji",true,true,"Route 1 (Baldev Nagar - Ratan Singh Circle)",60000,45000,15000,15000,"Active"
"SR-2024-2436","ADM-6436","PEN-RJ-2024-691298","Karan Panwar","13","12th","12th","Science-Bio","12th - Science-Bio","Sumer Singh Panwar","Prem Kanwar","Sumer Singh Panwar","9460681740","9460681740","9460681740","Jasol Road, Balotra Highway, Barmer","Male","2008-05-03","ST","Ashoka",true,true,"Route 2 (Indira Colony - Shastri Nagar)",60000,60000,0,0,"Active"
"SR-2024-2437","ADM-6437","PEN-RJ-2024-743762","Kavya Dewasi","14","12th","12th","Science-Bio","12th - Science-Bio","Mahendra Dewasi","Rekha","Mahendra Dewasi","9829250934","9829250934","9829250934","Baldev Nagar, Near Ratan Singh Circle, Barmer","Female","2008-02-03","General","Ashoka",false,false,"",48000,29000,19000,19000,"Active"
"SR-2024-2438","ADM-6438","PEN-RJ-2024-990017","Ansh Joshi","15","12th","12th","Science-Bio","12th - Science-Bio","Uttamchand Joshi","Durga Devi","Uttamchand Joshi","9784623223","9784623223","9784623223","Indira Colony, Lane 4, Barmer","Male","2008-12-07","OBC","Raman",false,false,"",48000,0,48000,48000,"Active"
"SR-2024-2439","ADM-6439","PEN-RJ-2024-511676","Aadhya Meghwal","16","12th","12th","Science-Bio","12th - Science-Bio","Prem Singh Meghwal","Sushila","Prem Singh Meghwal","9414829343","9414829343","9414829343","Station Road, Near Soni Dharmshala, Barmer","Female","2008-08-25","General","Shivaji",false,false,"",48000,24000,24000,24000,"Active"
"SR-2024-2440","ADM-6440","PEN-RJ-2024-947140","Nirmala Charan","17","12th","12th","Science-Bio","12th - Science-Bio","Loonkaran Charan","Anand Kanwar","Loonkaran Charan","9460430601","9460430601","9460430601","Chohtan Circle, Highway Link, Barmer","Female","2008-01-09","General","Shivaji",false,false,"",48000,0,48000,48000,"Active"
"SR-2024-2441","ADM-6441","PEN-RJ-2024-551955","Pranav Charan","18","12th","12th","Science-Bio","12th - Science-Bio","Ashok Charan","Sunita","Ashok Charan","9414709899","9414709899","9414709899","Station Road, Near Soni Dharmshala, Barmer","Male","2008-09-24","General","Raman",false,false,"",48000,0,48000,48000,"Active"
"SR-2024-2442","ADM-6442","PEN-RJ-2024-469524","Suman Mittal","19","12th","12th","Science-Bio","12th - Science-Bio","Mohan Lal Mittal","Laxmi Devi","Mohan Lal Mittal","9414565242","9414565242","9414565242","Sadar Bazaar, Near Old Fort, Barmer","Female","2008-03-26","ST","Tagore",false,false,"",48000,19000,29000,29000,"Active"
"SR-2024-2443","ADM-6443","PEN-RJ-2024-398872","Vihaan Suthar","20","12th","12th","Science-Bio","12th - Science-Bio","Dinesh Suthar","Gulab Kanwar","Dinesh Suthar","9784228827","9784228827","9784228827","Sadar Bazaar, Near Old Fort, Barmer","Male","2008-12-25","OBC","Raman",false,false,"",48000,0,48000,48000,"Active"
"SR-2024-2444","ADM-6444","PEN-RJ-2024-578057","Amar Maheshwari","21","12th","12th","Science-Bio","12th - Science-Bio","Sohan Lal Maheshwari","Anita","Sohan Lal Maheshwari","9829219377","9829219377","9829219377","Uttarlai Road, Near KV School, Barmer","Male","2008-12-19","ST","Tagore",false,false,"",48000,0,48000,48000,"Active"
"SR-2024-2445","ADM-6445","PEN-RJ-2024-857924","Sara Parihar","22","12th","12th","Science-Bio","12th - Science-Bio","Loonkaran Parihar","Rukmani Devi","Loonkaran Parihar","9460343344","9460343344","9460343344","Khatan Kocha, Inside City, Barmer","Female","2008-08-27","General","Tagore",true,true,"Route 8 (Rai Colony - Civil Lines)",60000,0,60000,60000,"Active"
"SR-2024-2446","ADM-6446","PEN-RJ-2024-601565","Megha Choudhary","23","12th","12th","Science-Bio","12th - Science-Bio","Sawai Singh Choudhary","Savitri Devi","Sawai Singh Choudhary","8769712830","8769712830","8769712830","Khatan Kocha, Inside City, Barmer","Female","2008-01-27","OBC","Tagore",false,false,"",48000,48000,0,0,"Active"
"SR-2024-2447","ADM-6447","PEN-RJ-2024-842569","Ritu Singhal","24","12th","12th","Science-Bio","12th - Science-Bio","Teja Ram Singhal","Geeta Devi","Teja Ram Singhal","9828129952","9828129952","9828129952","Jasol Road, Balotra Highway, Barmer","Female","2008-12-15","ST","Ashoka",false,false,"",48000,19000,29000,29000,"Active"
"SR-2024-2448","ADM-6448","PEN-RJ-2024-974166","Nikhil Suthar","25","12th","12th","Science-Bio","12th - Science-Bio","Gopal Suthar","Kanta Devi","Gopal Suthar","8769509879","8769509879","8769509879","Ramsar Road, Barmer","Male","2008-06-13","SC","Raman",false,false,"",48000,0,48000,48000,"Active"
"SR-2024-2449","ADM-6449","PEN-RJ-2024-932260","Shaurya Mathur","26","12th","12th","Science-Bio","12th - Science-Bio","Pabu Ram Mathur","Sushila","Pabu Ram Mathur","9828401641","9828401641","9828401641","Nehru Nagar, Main Road, Barmer","Male","2008-07-01","SC","Raman",false,false,"",48000,0,48000,48000,"Active"
"SR-2024-2450","ADM-6450","PEN-RJ-2024-439381","Rekha Gehlot","27","12th","12th","Science-Bio","12th - Science-Bio","Suresh Gehlot","Nirmala","Suresh Gehlot","9829577391","9829577391","9829577391","Panch Batti Circle, Barmer","Female","2008-10-13","OBC","Tagore",false,false,"",48000,19000,29000,29000,"Active"
"SR-2024-2451","ADM-6451","PEN-RJ-2024-625038","Ishan Gehlot","28","12th","12th","Science-Bio","12th - Science-Bio","Hanuman Ram Gehlot","Urmila","Hanuman Ram Gehlot","9829880658","9829880658","9829880658","Chohtan Circle, Highway Link, Barmer","Male","2008-12-28","SC","Ashoka",true,true,"Route 3 (Station Road - Sadar Bazaar)",60000,36000,24000,24000,"Active"
"SR-2024-2452","ADM-6452","PEN-RJ-2024-669030","Hanuman Gaur","29","12th","12th","Science-Bio","12th - Science-Bio","Manak Chand Gaur","Bhanwar Kanwar","Manak Chand Gaur","9784814704","9784814704","9784814704","Chohtan Circle, Highway Link, Barmer","Male","2008-11-03","General","Tagore",true,true,"Route 6 (Uttarlai Road - Airforce Area)",60000,60000,0,0,"Active"
"SR-2024-2453","ADM-6453","PEN-RJ-2024-492918","Geeta Singhal","30","12th","12th","Science-Bio","12th - Science-Bio","Gopal Singhal","Parvati Devi","Gopal Singhal","9460655000","9460655000","9460655000","Chohtan Circle, Highway Link, Barmer","Female","2008-10-07","OBC","Shivaji",false,false,"",48000,19000,29000,29000,"Active"
"SR-2024-2454","ADM-6454","PEN-RJ-2024-810741","Jagdish Joshi","31","12th","12th","Science-Bio","12th - Science-Bio","Kalyan Singh Joshi","Sharda","Kalyan Singh Joshi","9829736562","9829736562","9829736562","Shastri Nagar, Sector 2, Barmer","Male","2008-08-25","OBC","Tagore",false,false,"",48000,48000,0,0,"Active"
"SR-2024-2455","ADM-6455","PEN-RJ-2024-852651","Neha Dadhich","32","12th","12th","Science-Bio","12th - Science-Bio","Gopal Dadhich","Shanti Devi","Gopal Dadhich","9784258383","9784258383","9784258383","Khatan Kocha, Inside City, Barmer","Female","2008-09-09","ST","Tagore",false,false,"",48000,48000,0,0,"Active"
"SR-2024-2456","ADM-6456","PEN-RJ-2024-362233","Lokendra Solanki","33","12th","12th","Science-Bio","12th - Science-Bio","Sohan Lal Solanki","Sayar Kanwar","Sohan Lal Solanki","9460456870","9460456870","9460456870","Tilak Nagar, Barmer","Male","2008-04-06","General","Tagore",false,false,"",48000,48000,0,0,"Active"
"SR-2024-2457","ADM-6457","PEN-RJ-2024-674805","Pranav Solanki","34","12th","12th","Science-Bio","12th - Science-Bio","Khimraj Solanki","Sugan Kanwar","Khimraj Solanki","9829315183","9829315183","9829315183","Chohtan Circle, Highway Link, Barmer","Male","2008-07-25","OBC","Raman",false,false,"",48000,48000,0,0,"Active"
"SR-2024-2458","ADM-6458","PEN-RJ-2024-511091","Gajendra Chauhan","35","12th","12th","Science-Bio","12th - Science-Bio","Suresh Chauhan","Meenakshi","Suresh Chauhan","8769425792","8769425792","8769425792","Nehru Nagar, Main Road, Barmer","Male","2008-02-16","OBC","Raman",false,false,"",48000,24000,24000,24000,"Active"
"SR-2024-2459","ADM-6459","PEN-RJ-2024-808692","Prem Bansal","36","12th","12th","Science-Bio","12th - Science-Bio","Kalyan Singh Bansal","Pooja","Kalyan Singh Bansal","9829384494","9829384494","9829384494","Plot 42, Civil Lines, Barmer","Male","2008-06-27","General","Shivaji",false,false,"",48000,48000,0,0,"Active"
"SR-2024-2460","ADM-6460","PEN-RJ-2024-355136","Renu Joshi","37","12th","12th","Science-Bio","12th - Science-Bio","Bhagwan Das Joshi","Kamla Devi","Bhagwan Das Joshi","8769809705","8769809705","8769809705","Tilak Nagar, Barmer","Female","2008-06-13","ST","Shivaji",true,true,"Route 1 (Baldev Nagar - Ratan Singh Circle)",60000,60000,0,0,"Active"
"SR-2024-2461","ADM-6461","PEN-RJ-2024-221170","Dungar Bishnoi","38","12th","12th","Science-Bio","12th - Science-Bio","Bhawani Singh Bishnoi","Urmila","Bhawani Singh Bishnoi","8769115530","8769115530","8769115530","Station Road, Near Soni Dharmshala, Barmer","Male","2008-01-19","ST","Raman",false,false,"",48000,48000,0,0,"Active"
"SR-2024-2462","ADM-6462","PEN-RJ-2024-572715","Jaswant Dadhich","39","12th","12th","Science-Bio","12th - Science-Bio","Roopa Ram Dadhich","Meenakshi","Roopa Ram Dadhich","9460158188","9460158188","9460158188","Plot 42, Civil Lines, Barmer","Male","2008-10-11","SC","Tagore",false,false,"",48000,0,48000,48000,"Active"
"SR-2024-2463","ADM-6463","PEN-RJ-2024-688602","Pushpa Charan","40","12th","12th","Science-Bio","12th - Science-Bio","Suresh Charan","Urmila","Suresh Charan","9828230038","9828230038","9828230038","Sindhari Road, Near Bus Stand, Barmer","Female","2008-11-23","SC","Raman",false,false,"",48000,48000,0,0,"Active"
"SR-2024-2464","ADM-6464","PEN-RJ-2024-315653","Mangi Jain","01","12th","12th","Commerce-Arts","12th - Commerce-Arts","Chhagan Lal Jain","Savitri Devi","Chhagan Lal Jain","9784383327","9784383327","9784383327","Nehru Nagar, Main Road, Barmer","Male","2008-02-01","OBC","Shivaji",false,false,"",48000,0,48000,48000,"Active"
"SR-2024-2465","ADM-6465","PEN-RJ-2024-667200","Khimraj Dave","02","12th","12th","Commerce-Arts","12th - Commerce-Arts","Ramesh Chand Dave","Rekha","Ramesh Chand Dave","9414453198","9414453198","9414453198","Rai Colony, Near Water Tank, Barmer","Male","2008-01-12","SC","Shivaji",false,false,"",48000,48000,0,0,"Active"
"SR-2024-2466","ADM-6466","PEN-RJ-2024-898035","Sumer Bhati","03","12th","12th","Commerce-Arts","12th - Commerce-Arts","Prem Singh Bhati","Savitri Devi","Prem Singh Bhati","9414129484","9414129484","9414129484","Baytu Link Road, Barmer","Male","2008-10-14","OBC","Shivaji",true,true,"Route 3 (Station Road - Sadar Bazaar)",60000,45000,15000,15000,"Active"
"SR-2024-2467","ADM-6467","PEN-RJ-2024-485700","Ronit Trivedi","04","12th","12th","Commerce-Arts","12th - Commerce-Arts","Narpat Singh Trivedi","Laxmi Devi","Narpat Singh Trivedi","9829719506","9829719506","9829719506","Sadar Bazaar, Near Old Fort, Barmer","Male","2008-04-06","SC","Raman",false,false,"",48000,0,48000,48000,"Active"
"SR-2024-2468","ADM-6468","PEN-RJ-2024-726668","Tarun Dadhich","05","12th","12th","Commerce-Arts","12th - Commerce-Arts","Jethmal Dadhich","Sayar Kanwar","Jethmal Dadhich","9828498359","9828498359","9828498359","Station Road, Near Soni Dharmshala, Barmer","Male","2008-07-05","ST","Shivaji",true,true,"Route 8 (Rai Colony - Civil Lines)",60000,24000,36000,36000,"Active"
"SR-2024-2469","ADM-6469","PEN-RJ-2024-788122","Narpat Rathore","06","12th","12th","Commerce-Arts","12th - Commerce-Arts","Dungar Ram Rathore","Rukmani Devi","Dungar Ram Rathore","9414528452","9414528452","9414528452","Panch Batti Circle, Barmer","Male","2008-03-22","ST","Tagore",false,false,"",48000,48000,0,0,"Active"
"SR-2024-2470","ADM-6470","PEN-RJ-2024-197273","Rohit Garg","07","12th","12th","Commerce-Arts","12th - Commerce-Arts","Sawai Singh Garg","Sita Devi","Sawai Singh Garg","9828978055","9828978055","9828978055","Baldev Nagar, Near Ratan Singh Circle, Barmer","Male","2008-09-14","General","Ashoka",true,true,"Route 2 (Indira Colony - Shastri Nagar)",60000,60000,0,0,"Active"
"SR-2024-2471","ADM-6471","PEN-RJ-2024-747943","Dhruv Lohar","08","12th","12th","Commerce-Arts","12th - Commerce-Arts","Chhagan Lal Lohar","Geeta Devi","Chhagan Lal Lohar","9460873711","9460873711","9460873711","Chohtan Circle, Highway Link, Barmer","Male","2008-12-10","ST","Shivaji",false,false,"",48000,48000,0,0,"Active"
"SR-2024-2472","ADM-6472","PEN-RJ-2024-981931","Sunil Singhal","09","12th","12th","Commerce-Arts","12th - Commerce-Arts","Ashok Singhal","Rukmani Devi","Ashok Singhal","8769798482","8769798482","8769798482","Plot 42, Civil Lines, Barmer","Male","2008-08-13","OBC","Shivaji",true,true,"Route 2 (Indira Colony - Shastri Nagar)",60000,60000,0,0,"Active"
"SR-2024-2473","ADM-6473","PEN-RJ-2024-937467","Mahesh Garg","10","12th","12th","Commerce-Arts","12th - Commerce-Arts","Ram Chandra Garg","Pushpa Devi","Ram Chandra Garg","9828939142","9828939142","9828939142","Kalyanpura, Barmer","Male","2008-12-19","ST","Tagore",false,false,"",48000,36000,12000,12000,"Active"
"SR-2024-2474","ADM-6474","PEN-RJ-2024-635034","Ramesh Lohar","11","12th","12th","Commerce-Arts","12th - Commerce-Arts","Pabu Ram Lohar","Mohan Kanwar","Pabu Ram Lohar","9828533005","9828533005","9828533005","Sindhari Road, Near Bus Stand, Barmer","Male","2008-10-27","OBC","Shivaji",true,true,"Route 5 (Chohtan Circle - Tilak Nagar)",60000,0,60000,60000,"Active"
"SR-2024-2475","ADM-6475","PEN-RJ-2024-829498","Mahendra Bhati","12","12th","12th","Commerce-Arts","12th - Commerce-Arts","Vimalchand Bhati","Gulab Kanwar","Vimalchand Bhati","8769847110","8769847110","8769847110","Jasol Road, Balotra Highway, Barmer","Male","2008-08-10","General","Raman",false,false,"",48000,0,48000,48000,"Active"
"SR-2024-2476","ADM-6476","PEN-RJ-2024-661122","Aarav Dewasi","13","12th","12th","Commerce-Arts","12th - Commerce-Arts","Hanuman Ram Dewasi","Anand Kanwar","Hanuman Ram Dewasi","9460971381","9460971381","9460971381","Khatan Kocha, Inside City, Barmer","Male","2008-12-24","General","Ashoka",false,false,"",48000,36000,12000,12000,"Active"
"SR-2024-2477","ADM-6477","PEN-RJ-2024-975598","Khimraj Goyal","14","12th","12th","Commerce-Arts","12th - Commerce-Arts","Teja Ram Goyal","Parvati Devi","Teja Ram Goyal","9828583088","9828583088","9828583088","Sadar Bazaar, Near Old Fort, Barmer","Male","2008-08-12","SC","Raman",true,true,"Route 6 (Uttarlai Road - Airforce Area)",60000,45000,15000,15000,"Active"
"SR-2024-2478","ADM-6478","PEN-RJ-2024-138842","Madhav Vyas","15","12th","12th","Commerce-Arts","12th - Commerce-Arts","Rajesh Vyas","Laxmi Devi","Rajesh Vyas","9414275750","9414275750","9414275750","Sindhari Road, Near Bus Stand, Barmer","Male","2008-04-04","General","Tagore",false,false,"",48000,0,48000,48000,"Active"
"SR-2024-2479","ADM-6479","PEN-RJ-2024-306686","Rakesh Rajput","16","12th","12th","Commerce-Arts","12th - Commerce-Arts","Ram Chandra Rajput","Anand Kanwar","Ram Chandra Rajput","9829528303","9829528303","9829528303","Opp. Collectorate, Mahaveer Nagar, Barmer","Male","2008-04-19","ST","Shivaji",false,false,"",48000,19000,29000,29000,"Active"
"SR-2024-2480","ADM-6480","PEN-RJ-2024-429159","Bhagwan Goyal","17","12th","12th","Commerce-Arts","12th - Commerce-Arts","Jethmal Goyal","Geeta Devi","Jethmal Goyal","8769676004","8769676004","8769676004","Baldev Nagar, Near Ratan Singh Circle, Barmer","Male","2008-08-18","SC","Raman",true,true,"Route 2 (Indira Colony - Shastri Nagar)",60000,45000,15000,15000,"Active"
"SR-2024-2481","ADM-6481","PEN-RJ-2024-524171","Kunal Agarwal","18","12th","12th","Commerce-Arts","12th - Commerce-Arts","Kailash Agarwal","Kamla Devi","Kailash Agarwal","9829211278","9829211278","9829211278","Shastri Nagar, Sector 2, Barmer","Male","2008-06-03","General","Raman",true,true,"Route 6 (Uttarlai Road - Airforce Area)",60000,45000,15000,15000,"Active"
"SR-2024-2482","ADM-6482","PEN-RJ-2024-398942","Durga Soni","19","12th","12th","Commerce-Arts","12th - Commerce-Arts","Kailash Soni","Sugan Kanwar","Kailash Soni","9828542101","9828542101","9828542101","Opp. Collectorate, Mahaveer Nagar, Barmer","Female","2008-05-10","General","Ashoka",true,true,"Route 1 (Baldev Nagar - Ratan Singh Circle)",60000,30000,30000,30000,"Active"
"SR-2024-2483","ADM-6483","PEN-RJ-2024-110781","Vihaan Dadhich","20","12th","12th","Commerce-Arts","12th - Commerce-Arts","Parasmal Dadhich","Pooja","Parasmal Dadhich","9828657832","9828657832","9828657832","Shastri Nagar, Sector 2, Barmer","Male","2008-04-26","OBC","Ashoka",false,false,"",48000,48000,0,0,"Active"
"SR-2024-2484","ADM-6484","PEN-RJ-2024-309062","Omprakash Shekhawat","21","12th","12th","Commerce-Arts","12th - Commerce-Arts","Ashok Shekhawat","Sayar Kanwar","Ashok Shekhawat","9829672623","9829672623","9829672623","Jasol Road, Balotra Highway, Barmer","Male","2008-08-10","OBC","Ashoka",false,false,"",48000,36000,12000,12000,"Active"
"SR-2024-2485","ADM-6485","PEN-RJ-2024-714193","Bhawani Gupta","22","12th","12th","Commerce-Arts","12th - Commerce-Arts","Vimalchand Gupta","Sugan Kanwar","Vimalchand Gupta","8769170070","8769170070","8769170070","Indira Colony, Lane 4, Barmer","Male","2008-06-06","ST","Raman",true,true,"Route 5 (Chohtan Circle - Tilak Nagar)",60000,45000,15000,15000,"Active"
"SR-2024-2486","ADM-6486","PEN-RJ-2024-820151","Rashmi Gaur","23","12th","12th","Commerce-Arts","12th - Commerce-Arts","Teja Ram Gaur","Shanti Devi","Teja Ram Gaur","9784750849","9784750849","9784750849","Indira Colony, Lane 4, Barmer","Female","2008-01-07","ST","Raman",false,false,"",48000,24000,24000,24000,"Active"
"SR-2024-2487","ADM-6487","PEN-RJ-2024-523364","Mahendra Gehlot","24","12th","12th","Commerce-Arts","12th - Commerce-Arts","Sawai Singh Gehlot","Rekha","Sawai Singh Gehlot","9460857573","9460857573","9460857573","Laxmi Nagar, Street 3, Barmer","Male","2008-03-04","General","Ashoka",false,false,"",48000,0,48000,48000,"Active"
"SR-2024-2488","ADM-6488","PEN-RJ-2024-337867","Arnav Gupta","25","12th","12th","Commerce-Arts","12th - Commerce-Arts","Kalyan Singh Gupta","Santosh","Kalyan Singh Gupta","9414190758","9414190758","9414190758","Kalyanpura, Barmer","Male","2008-10-17","OBC","Raman",true,true,"Route 6 (Uttarlai Road - Airforce Area)",60000,24000,36000,36000,"Active"
"SR-2024-2489","ADM-6489","PEN-RJ-2024-409658","Karan Raika","26","12th","12th","Commerce-Arts","12th - Commerce-Arts","Suresh Raika","Laxmi Devi","Suresh Raika","8769873511","8769873511","8769873511","Laxmi Nagar, Street 3, Barmer","Male","2008-08-03","General","Shivaji",false,false,"",48000,48000,0,0,"Active"
"SR-2024-2490","ADM-6490","PEN-RJ-2024-512748","Anita Gupta","27","12th","12th","Commerce-Arts","12th - Commerce-Arts","Uttamchand Gupta","Santosh","Uttamchand Gupta","9829211071","9829211071","9829211071","Sindhari Road, Near Bus Stand, Barmer","Female","2008-01-01","General","Raman",true,true,"Route 5 (Chohtan Circle - Tilak Nagar)",60000,36000,24000,24000,"Active"
"SR-2024-2491","ADM-6491","PEN-RJ-2024-449730","Priya Choudhary","28","12th","12th","Commerce-Arts","12th - Commerce-Arts","Sohan Lal Choudhary","Gulab Kanwar","Sohan Lal Choudhary","9414867704","9414867704","9414867704","Chohtan Circle, Highway Link, Barmer","Female","2008-02-14","General","Shivaji",true,true,"Route 5 (Chohtan Circle - Tilak Nagar)",60000,45000,15000,15000,"Active"
"SR-2024-2492","ADM-6492","PEN-RJ-2024-693301","Vihaan Jangid","29","12th","12th","Commerce-Arts","12th - Commerce-Arts","Suresh Jangid","Sharda","Suresh Jangid","9414179151","9414179151","9414179151","Kalyanpura, Barmer","Male","2008-03-01","SC","Raman",false,false,"",48000,19000,29000,29000,"Active"
"SR-2024-2493","ADM-6493","PEN-RJ-2024-988123","Durga Choudhary","30","12th","12th","Commerce-Arts","12th - Commerce-Arts","Pabu Ram Choudhary","Anand Kanwar","Pabu Ram Choudhary","9828102935","9828102935","9828102935","Uttarlai Road, Near KV School, Barmer","Female","2008-07-14","ST","Raman",true,true,"Route 3 (Station Road - Sadar Bazaar)",60000,0,60000,60000,"Active"
"SR-2024-2494","ADM-6494","PEN-RJ-2024-743363","Jyotsna Soni","31","12th","12th","Commerce-Arts","12th - Commerce-Arts","Ashok Soni","Nirmala","Ashok Soni","9829487058","9829487058","9829487058","Kalyanpura, Barmer","Female","2008-05-05","General","Shivaji",false,false,"",48000,0,48000,48000,"Active"
"SR-2024-2495","ADM-6495","PEN-RJ-2024-883097","Ishan Solanki","32","12th","12th","Commerce-Arts","12th - Commerce-Arts","Ashok Solanki","Shanti Devi","Ashok Solanki","9414350917","9414350917","9414350917","Jasol Road, Balotra Highway, Barmer","Male","2008-12-06","ST","Shivaji",false,false,"",48000,36000,12000,12000,"Active"
"SR-2024-2496","ADM-6496","PEN-RJ-2024-668390","Swati Jangid","33","12th","12th","Commerce-Arts","12th - Commerce-Arts","Tarachand Jangid","Chandra Kanwar","Tarachand Jangid","9828219594","9828219594","9828219594","Opp. Collectorate, Mahaveer Nagar, Barmer","Female","2008-12-06","SC","Tagore",false,false,"",48000,24000,24000,24000,"Active"
"SR-2024-2497","ADM-6497","PEN-RJ-2024-486491","Narendra Lohar","34","12th","12th","Commerce-Arts","12th - Commerce-Arts","Pabu Ram Lohar","Santosh","Pabu Ram Lohar","8769162542","8769162542","8769162542","Plot 42, Civil Lines, Barmer","Male","2008-02-14","General","Raman",true,true,"Route 5 (Chohtan Circle - Tilak Nagar)",60000,36000,24000,24000,"Active"
"SR-2024-2498","ADM-6498","PEN-RJ-2024-155945","Nisha Dave","35","12th","12th","Commerce-Arts","12th - Commerce-Arts","Suresh Dave","Rukmani Devi","Suresh Dave","9784957431","9784957431","9784957431","Station Road, Near Soni Dharmshala, Barmer","Female","2008-12-11","OBC","Tagore",false,false,"",48000,29000,19000,19000,"Active"
"SR-2024-2499","ADM-6499","PEN-RJ-2024-918659","Reyansh Mittal","36","12th","12th","Commerce-Arts","12th - Commerce-Arts","Parasmal Mittal","Nirmala","Parasmal Mittal","9460897619","9460897619","9460897619","Sadar Bazaar, Near Old Fort, Barmer","Male","2008-05-04","ST","Shivaji",false,false,"",48000,24000,24000,24000,"Active"
"SR-2024-2500","ADM-6500","PEN-RJ-2024-446882","Hanuman Mathur","37","12th","12th","Commerce-Arts","12th - Commerce-Arts","Teja Ram Mathur","Urmila","Teja Ram Mathur","9414462295","9414462295","9414462295","Indira Colony, Lane 4, Barmer","Male","2008-09-04","SC","Shivaji",true,true,"Route 2 (Indira Colony - Shastri Nagar)",60000,45000,15000,15000,"Active"
"SR-2024-2501","ADM-6501","PEN-RJ-2024-206112","Jaipal Panwar","38","12th","12th","Commerce-Arts","12th - Commerce-Arts","Ramesh Chand Panwar","Sayar Kanwar","Ramesh Chand Panwar","9414753065","9414753065","9414753065","Ramsar Road, Barmer","Male","2008-03-08","SC","Raman",false,false,"",48000,0,48000,48000,"Active"
"SR-2024-2502","ADM-6502","PEN-RJ-2024-862359","Sonam Purohit","39","12th","12th","Commerce-Arts","12th - Commerce-Arts","Uttamchand Purohit","Sita Devi","Uttamchand Purohit","9784502942","9784502942","9784502942","Tilak Nagar, Barmer","Female","2008-02-11","General","Tagore",false,false,"",48000,48000,0,0,"Active"
"SR-2024-2503","ADM-6503","PEN-RJ-2024-783852","Laxman Meghwal","40","12th","12th","Commerce-Arts","12th - Commerce-Arts","Parasmal Meghwal","Geeta Devi","Parasmal Meghwal","9828711694","9828711694","9828711694","Sadar Bazaar, Near Old Fort, Barmer","Male","2008-12-09","General","Tagore",false,false,"",48000,29000,19000,19000,"Active"